accession,host_type,protein_count,mean_length,A,C,D,E,F,G,H,I,K,L,M,N,P,Q,R,S,T,V,W,Y,mol_weight,isoelectric_point,gravy,instability_index,aromaticity
NC_116874.1,fungi,2,1390.5,10.837112848207145,0.7626876058532093,5.324811836683471,4.015758321241997,4.751661759260892,5.654856050006794,3.1496418233354664,4.4088347823922485,2.910243738520145,9.885276641820223,1.6732974551669848,3.794899132846361,6.499555585056457,4.2901858453062625,6.865847878372394,7.975070240378184,5.992315821897989,6.509019497214758,1.5604046509553624,3.1385184854836554,154020.90220000056,7.92131462097168,-0.19396129804426324,47.4644970280726,0.0945058489569991
PP405626.1,fungi,63,222.55555555555554,13.370306237453336,1.2923720851768337,5.4074572654011135,4.354625850677354,3.0112287052336852,8.1170562674011,1.879867328368188,4.173541428226844,3.248952468245762,8.821785327889287,2.5119009996948987,3.6891671432205566,5.335129953036711,4.573667964998248,6.5640244884454,5.157464268536467,6.580547237628608,7.510842537543877,1.5075009805413369,2.892561462280392,23893.827571428592,6.778889165605817,-0.12593486711304405,35.945734264498114,0.07411291148055416
BK065786.1,fungi,2,705.5,6.631767211928781,1.1320887424138901,6.320585989309111,5.8826011816245325,4.67434990555042,6.705819701780475,2.992042120493549,4.191853221333547,4.524134882038503,9.930569510871749,2.0610104095494552,2.755114344278767,6.020155942285278,3.328543868815562,6.595695510630602,8.301213777581287,6.020155942285278,7.09929263293276,1.6335758209075197,3.1994292833889313,79159.4409500004,6.938181304931641,-0.31514348297897976,41.11700350669197,0.09507355009846871
BK065785.1,fungi,2,678.0,6.582344674314475,1.4360885054090269,6.180998137072262,6.612412981664869,5.158675687158872,5.566231983527796,1.8024642938850215,5.879661404712881,6.487890969702912,9.336536261725005,2.6826159427394844,3.7049383926528745,4.567768081838089,3.5454456319246983,4.969768277935746,7.043827826257476,6.529398307023564,6.423178743014021,1.3118933228747918,4.177860574566134,76989.61195000027,6.768479347229004,-0.2604601758342323,41.52336124456653,0.10648429584599797
BK065784.1,fungi,2,703.5,4.682313892840209,1.620345041397673,6.594448699711858,6.894749000012158,4.531251899672952,6.468006468006468,2.197237723553513,6.579251316093421,5.980474401527033,11.066734750945276,2.032802032802033,2.7160764002869264,5.559506875296349,3.045859624806993,6.159195632879843,7.014504382925436,5.979562558509927,5.77622156569525,1.350439508334245,3.7510182247024355,80070.36020000037,6.372384262084961,-0.27872579056789604,46.92137700453506,0.09632709632709632
BK065783.1,fungi,2,648.0,6.716193978133045,2.2363498236497477,5.9410149486905315,5.2464497753052495,3.317313760558986,5.401009280714831,3.395784264461078,6.326461111256647,5.0921284201351265,9.567447720068682,2.778022543301667,4.553075353117268,6.018294701395322,3.395307963982158,5.013896066472495,6.172854206804905,6.329318914130168,6.868371981148027,0.8488865285554045,4.781818658118661,73021.36260000026,6.453948211669921,-0.22483371159529725,42.04612243780119,0.08948018947233052
BK065782.1,fungi,2,700.0,6.774855163059022,0.8490018712360781,5.277457733761512,6.58691442159194,4.419467392281355,6.74339551720475,2.265503068336888,5.728924080111784,5.369180986934033,9.927152534340042,2.0757237761380627,2.5829594946845456,5.406973418642087,3.5569828156791607,6.702947401106399,6.693958930862321,7.523145310878499,5.974472744506819,1.277997041976156,4.262986296668546,79135.95720000032,7.6893915176391605,-0.3079799230260096,39.39688774217804,0.09960450730926058
BK065781.1,fungi,2,570.5,5.467851895567072,1.0486017618599732,6.674135821822228,5.228869667853125,5.267752306831664,7.275510392268963,1.5676004647474318,6.026809041673582,7.04605671639956,9.107912386502653,3.070498988744014,3.6789431299141198,3.682477915275806,3.85429922111773,5.5901862063454,7.28611474835402,6.667066251098857,5.958572315561048,1.1274428440575646,4.373297924005188,64683.242950000225,7.699114036560059,-0.3187263707282888,31.25948576557302,0.10768493074894417
BK065780.1,fungi,2,534.5,7.538870397025309,1.070341549718124,5.821376094518412,6.267804665946983,4.327470912798368,5.151733237375555,2.0949532205829433,6.17053496461557,3.623343228979249,9.667933609211946,3.1482397744992205,2.970755367638239,6.342209427851746,2.295302566870577,7.00060723281756,9.817117968094038,5.832995981768022,5.821376094518412,1.2191510735276478,3.8178826316420773,60395.31685000023,6.081880187988281,-0.19986730838431072,47.788235969923306,0.09364504617968095
BK065779.1,fungi,2,543.5,7.545590011790832,2.183654868600942,5.397560816822551,6.1364770729801865,5.549105560498543,6.337753086955578,3.0954551044175833,5.179647432419724,4.618317021476675,9.69380004774202,3.0954551044175833,3.4625622997186114,4.341268635663289,3.4388721309578063,6.747538754222637,6.9985460384974285,5.40461361515592,5.91621275579957,1.1036725186808736,3.753897123181644,61933.26025000022,7.314349555969238,-0.2208853251159189,45.76241310590779,0.1040667520236106
BK065778.1,fungi,2,693.5,7.7272443630917715,1.5076129461685666,6.409331059156336,6.578854314002829,4.401052500208004,5.478721191446876,2.3618853481986855,6.38967468175389,4.9892877943256515,10.445544554455445,2.463495299109743,3.8408977452367083,4.548111323737416,3.091563358016474,6.776978117979866,6.70906481404443,5.122306348281887,5.704925534570264,1.3605541226391547,4.092894583576005,78862.76505000044,6.066647338867188,-0.25112561361178165,36.25406325401454,0.09854501206423164
BK065777.1,fungi,2,660.5,7.021647804228554,1.5774431257317325,6.665710153577741,5.379812217350382,5.616032689791327,5.5984711094786626,3.0266752370239436,5.283510479557402,5.365464521016506,9.627992929455246,3.0091136567112784,2.408461697389867,4.706273960652878,3.9481416863708363,5.8229838617111636,7.674410596634605,5.97782420054636,6.277863226280388,1.571589265627511,3.440577580863616,75016.49925000034,7.01233024597168,-0.2244817612084206,37.623001836505175,0.10628199536282454
BK065776.1,fungi,2,654.0,6.676809801027723,1.364528344252211,6.571441268445341,6.727447508694951,4.963781759666189,6.049744238645108,2.267119170523942,5.269713037397058,4.9131440519989615,9.465626001351897,2.906347138443259,3.446287776548543,4.510966045838235,3.5030066869841208,7.168100816986203,7.222831641901358,4.579847361810515,7.135706717624027,1.5205345845018208,3.737016047358536,74590.7650000003,6.007279014587402,-0.2988605931043837,41.7896804327946,0.10221332391526546
BK065775.1,fungi,2,685.0,5.2898202954194,1.594411560816936,7.133791926625074,4.383298672212446,5.171972484402495,6.28272809683784,2.741961286194209,7.305497787020743,5.0103983362661975,9.697115128246148,2.8512771289926944,3.837252706233669,5.264224390764144,3.1930891057430815,5.739348370927319,8.536767450541246,5.147976323788194,6.186210206366981,0.8638617821148616,3.768996960486322,77263.13830000043,7.119001770019532,-0.16991414706980223,40.8588232282836,0.0980483122700368
BK065774.1,fungi,2,657.5,7.27439699458488,1.2699361210318838,5.697109928338823,6.521074500757376,5.324559818785698,6.648925082338554,2.110229436206729,5.188602769169481,5.036316976796972,9.691861569319567,2.2435229320400043,2.966851494137866,4.563130856923156,3.429151785507488,6.847417742510782,7.850882678562329,5.362660218550378,6.972488963622803,1.1230932429114726,3.87778688790376,74184.78825000038,7.422495269775391,-0.23502005771805276,42.47531301389225,0.10325439949600931
BK065773.1,fungi,2,529.5,7.056747112765223,2.230556727928481,6.173502666615509,5.501860875570733,5.846026934735065,6.061658289529218,1.9652380769673483,5.5475194720484975,4.8426888692782875,10.983002724168362,1.6460115873076777,3.217396308943713,5.149445574185627,3.988604535164793,5.821087365230404,8.283965775236926,6.061658289529218,4.967003031116909,1.057245904155316,3.598779879522695,59842.10010000024,6.8618621826171875,-0.19283466983846864,37.39745748762618,0.10502052718413075
BK065772.1,fungi,2,685.0,5.523916173412254,1.3773796192609182,7.133791926625074,4.754972537727297,4.967738495174105,6.211806111022236,2.671039300378606,6.86290193569029,4.948008318669013,9.609129205993707,2.7051671732522795,3.828720738015251,5.126646403242148,3.2016210739614994,5.881192342558524,8.289873620220764,5.9409161200874525,6.181944222257772,0.7929397962992588,3.990294886151549,77264.81690000041,6.739393615722657,-0.22107822748360295,41.03960843598369,0.09750973177624914
BK065771.1,fungi,2,678.0,5.3166368593143805,1.3840268897897656,5.585120866816684,7.439457673196691,4.988901208777085,5.212837565541684,1.980246547829364,7.034825588867662,6.3341531262865995,10.097939480546074,2.434218695200399,2.8772989964252957,5.749152069777523,3.1781317869816297,5.399305971563568,8.183370764977923,5.623242328328168,5.907737349665293,1.318349057528553,3.955047172585659,77329.4049500004,6.123173713684082,-0.23746381184117976,44.50341153315816,0.10262297438891296
BK065770.1,fungi,2,693.5,7.7272443630917715,1.5076129461685666,6.409331059156336,6.578854314002829,4.401052500208004,5.478721191446876,2.3618853481986855,6.318953323903819,5.060009152175722,10.445544554455445,2.5342166569598135,3.7701763873866376,4.548111323737416,3.091563358016474,6.776978117979866,6.70906481404443,5.122306348281887,5.704925534570264,1.3605541226391547,4.092894583576005,78878.81910000043,6.099727630615234,-0.2532472543472838,36.23369550295372,0.09854501206423164
BK065769.1,fungi,2,598.5,6.346803994024688,1.7975076656969888,5.274589197263936,6.865712713263621,3.7365358911864144,6.6966742668448775,2.8313939775139554,7.407225410802736,4.550279109992925,9.760987499017219,1.9783394920984354,3.95471342086642,5.145844799119428,3.6068087113766802,6.322234452394056,9.385564902901171,4.266255208742825,6.011675446182876,1.150837329978772,2.9100165107319755,66948.52780000029,6.276070594787598,-0.246261498545483,43.805940915166396,0.07797389731897161
BK065768.1,fungi,2,629.5,6.177066901266027,1.405447356712373,6.040554342110585,6.226489503701007,3.9784562957569873,5.2381638555191525,2.69195182623468,6.378928528091251,5.513716984184767,11.453782914694818,2.042000364033491,4.00525320551713,6.004530194555677,3.7230008494114792,4.926586579298629,7.807001577478461,5.87471686284027,5.549741131739676,0.9615287384217126,4.0010819884318245,70988.80565000026,5.867227745056152,-0.2520784037131417,46.79236414472365,0.08941067022610524
BK065767.1,fungi,2,695.0,6.05852307195402,1.6541784595508386,5.964835638078714,6.117427104965124,4.532090792958018,6.911958657443544,1.9357583713086632,5.315441966587231,5.20136069351476,8.985401323839675,2.8078279215468678,3.0205656857609595,5.62062490036005,3.2357879786082084,6.601806666404411,7.047158423897853,6.768063040773185,6.686798250063666,1.509040578563901,4.025350473820314,78513.83885000038,7.2605613708496115,-0.29883185745431073,48.54622603206299,0.10066481845342234
BK065766.1,fungi,2,697.0,7.389453673857344,1.4544590462021656,6.422224977270849,6.301347218778412,4.03256467476651,4.932225803785437,2.395032647326225,6.207124555748409,5.05847590709976,10.348169270187618,2.389660302504339,3.271551367881643,5.184726010414083,3.6503016778246136,6.774320191751384,7.165468220514092,5.981279444582197,6.116414579717332,1.5309116455905447,3.394288784197041,79174.19985000041,6.289115142822266,-0.26900962889495006,47.49684705347563,0.08957765104554097
BK065765.1,fungi,2,677.0,5.869994409113145,1.6126214270738695,6.308966384792788,6.916975330211755,4.520974561464812,6.237333146970439,2.208618701516528,6.496348452023202,6.084894122580194,8.61040254385352,1.9220857502271298,3.1994723600531136,5.228134390942763,3.158195890698162,5.847063037249283,7.522145153399958,5.389745964078552,6.214401775106577,1.3077433782933818,5.343883220350828,77172.40405000033,6.242677688598633,-0.35465768921657725,41.50301265811737,0.11172601160109023
BK065764.1,fungi,2,710.0,6.484940219127102,1.62183018542287,6.547924878642943,6.9009365372522025,4.6467800456663575,6.344092634068055,1.9011448329765854,5.41995393688838,6.41659938384141,9.295345483256,2.4639400425716786,3.0243547296023934,4.6491605682307355,2.604787627630725,5.559016130024142,7.178465792882633,6.341712111503677,6.54613948671966,1.6194496628584918,4.433425710833957,80459.36725000048,6.112402725219727,-0.29650380586045,43.80886898397327,0.10699655419358806
BK065763.1,fungi,2,535.5,6.006478915437046,1.9002321923451428,6.428919182083739,5.712118942401318,5.743390008239084,6.4701145981574415,2.1221256834694033,5.932514418395626,5.424687289341622,9.218223354055876,2.6924949441989368,3.8630065163658154,5.248483259680922,3.33682870196989,6.239794771927196,6.714852820013482,6.376301400644147,5.458954385439293,1.4465208598606847,3.6639577559733354,61074.69025000025,7.093166923522951,-0.29192494944198966,41.98846593888105,0.10853868624073104
BK065762.1,fungi,2,485.0,6.496730520685375,0.7916703989489893,7.069582538890382,6.779104337551878,5.4881612004726135,6.717468360909567,2.4466710174414885,6.291774902854023,4.877559812490136,8.61901288597131,2.2995124572920265,2.5680235112459,5.207706843086321,3.4691031005668806,6.3295242726314935,7.509138759858557,5.3309787963709425,6.303718206286444,1.4122956308836765,3.9922624455619964,55049.28430000011,5.51260929107666,-0.31204290205211577,41.70844726391715,0.10892719276918286
BK065761.1,fungi,2,514.0,6.694262518214863,1.4367724062835272,6.279123764992233,5.994491505068136,4.31752309884866,5.2366731252702206,3.100129705839965,5.2366731252702206,6.570961904914411,10.469743310541402,2.5000400326666563,3.2750724591266476,3.734647472337427,2.513651139329693,5.689042258482922,7.527342311326042,6.75591282486509,7.908052971224519,1.0116254863968999,3.7482585790004643,58256.13745000015,7.500560188293457,-0.19925739403353177,36.8284983346411,0.09077407164246025
BK065760.1,fungi,2,712.5,4.911946144819056,1.6074486980240414,6.396194773066066,4.867146119445589,5.268463160899489,6.58223381648641,2.192624250689841,5.331302134542802,4.06451203653779,11.088501855434679,1.8899267341177963,2.8673998541025725,5.7795997335786105,3.118458403374671,6.124916743315678,10.671326397919376,5.768399727235243,6.463394811126264,1.443809667290431,3.5623949379935933,79940.15400000037,6.1808937072753904,-0.16711945748358675,45.75497186122317,0.10274667766183514
BK065759.1,fungi,2,554.0,6.304787474544964,1.5414974045501864,6.177906605866664,6.423606851566909,5.238742827901174,7.251837494348194,1.969457461611527,6.324590704048621,4.977270098525448,8.393064313178435,2.7263614282159216,4.842502988009407,4.933632893689955,2.6154282930317168,6.391886634397334,7.315277928687344,4.410512185119888,6.229430052539896,1.1531438064961603,4.779062553670257,62997.92155000022,6.559668731689454,-0.30101066570396084,43.400844371151095,0.1117094918806759
BK065758.1,fungi,2,530.0,7.831422233630502,1.6523701339749215,5.977917316363943,5.7208479076235825,5.0502070730483215,6.762151414264862,1.963458598799321,4.975691424762182,4.2100383496986815,10.025898497810504,2.660151176734261,3.505875051241481,5.1116968496546225,2.701144361138461,5.6668288515395435,6.620590838214843,7.797899769748563,6.674609894298882,1.0562449476858007,4.034955309766723,59384.0865500002,5.817948341369629,-0.12763093874392295,40.23317227864642,0.10141407330500844
BK065757.1,fungi,2,680.0,6.3569078412982405,1.4612137214596541,7.38794509510019,5.22005930630254,4.253895089793381,4.778186197530276,3.1111982342404008,6.286186483448169,4.2650502197452305,10.617192762811612,2.4332262585260933,3.1048084025204092,4.801579479759395,3.5998579074709047,6.970006779719757,8.313171067708389,5.826768413004066,6.498892068161092,1.0193406126873898,3.694514058712806,77244.7536000004,6.180723190307615,-0.24034236501751258,44.875710874194084,0.08967749761193577
BK065756.1,fungi,2,694.5,6.605195162980186,1.703997595682246,5.848523807337344,5.42547241087119,5.958095579979046,6.593403153162555,2.2761709570102977,5.6217624150036105,4.5287578943853335,9.843928054130544,2.05285324895959,3.7214748151889436,4.892849241763333,3.60011103272961,5.703576005242748,8.661492096222801,6.800754688628328,5.774328064148534,0.9244726988884204,3.462781077685343,77853.63580000037,6.669282150268556,-0.1949634552049725,38.358190531746686,0.10345349356552809
BK065755.1,fungi,2,676.5,5.716224841310088,1.2446010456922028,6.4337174532673505,6.274918250651372,5.769667931522899,6.01196513193558,2.7958714393131308,6.791097627083078,5.063104376868869,9.519864654554357,2.4466880584748285,3.180574256386941,4.382661269169566,2.223516708342805,6.0353533145644995,8.110999877594558,5.984642488677497,7.544109675275849,1.0268942242117964,3.4435273751027333,76528.72150000036,6.060167694091797,-0.1211724255512617,42.21347255495141,0.10240089530837428
BK065754.1,fungi,2,624.0,6.4087201588101586,1.498873723295928,7.226170762062475,4.209652037069418,3.2695452722092506,5.44984211554879,3.13171780340043,6.850488053238431,4.421021774682945,9.161155282186314,3.03734712979439,4.730619297902759,5.87078160517573,3.346944653014204,5.510270203552658,7.137457186056797,6.086008454789505,6.993972619647614,0.8022792960513458,4.857132571510856,70296.91960000026,6.105866241455078,-0.23713396007117676,39.65689160486721,0.08928957139771454
BK065753.1,fungi,2,590.0,6.1378180677143455,1.2233318267788618,6.747252937061528,5.589413048297066,6.511913775185608,6.581867801284506,2.613200295937197,6.033462781867225,4.373853891084748,8.380233237662328,2.605427626370653,3.8487668803671005,5.210855252741306,3.4124898163634847,7.0791747152180236,7.2457113575974965,4.836759545270043,5.782578280858218,1.0690299420504301,4.716858920289834,67555.48005000022,6.820843887329102,-0.32543375814331077,43.8048291739956,0.12297802637525873
BK065752.1,fungi,2,712.0,6.334543383587258,1.2850893001156949,5.419538295800535,5.977601790582318,5.511038804579208,7.221769753257279,2.1129747522317563,5.91358130402662,5.186555498692708,9.389405854041255,2.936180635346079,3.219742603791845,5.511038804579208,3.8508870272390743,5.629720639687126,8.1089961229273,4.793073441355044,6.233683736805109,1.6966922416728563,3.6678860096817294,80485.74800000037,6.466140174865723,-0.20707132658811622,37.82468129148148,0.10875617055933792
BK065751.1,fungi,2,519.0,8.416276346604215,1.091676424668228,6.4402810304449645,5.5218091334894615,4.952185792349727,5.5230288836846215,2.2089676034348167,6.130464480874316,3.686085089773614,9.79093481654957,2.6431986729117876,2.816403200624512,5.584016393442623,2.3577771272443404,7.01112412177986,8.005220530835285,6.515905542544887,6.590310304449648,1.2404859484777517,3.473848555815769,58667.364650000236,6.285846900939941,-0.11474190085870378,44.33748450917258,0.09666520296643247
BK065750.1,fungi,2,610.5,5.539372728496433,1.6148876026383094,5.172432359671557,6.854219948849105,4.3114820298828915,6.651635482568313,2.272311212814645,6.622021806434244,5.326288867949926,8.847489567909545,2.561852200834567,3.5680441512989636,6.651635482568313,3.441916812491587,5.115089514066496,6.89433301924889,6.468165298155876,6.187239197738592,2.0018845066630773,3.89769820971867,69090.68400000024,5.888968658447265,-0.27551406649616383,46.5582664692423,0.10211064746264639
BK065749.1,fungi,2,632.5,5.711497898222884,1.3283281477807338,6.05795293422114,6.5718737631079245,3.1467786946436,5.83299514512032,2.8224937748317824,6.465156593668114,4.171363725180743,11.448422539868632,2.995721292830911,3.4103149910066985,5.5530504576813815,3.727209872089703,5.599019003672473,7.9535604956085635,5.840385183849133,6.5866538405655515,0.958074681977825,3.8191469640718863,71151.61315000034,5.507891654968263,-0.18812445827258498,45.72687519101387,0.0792400034069331
BK065748.1,fungi,2,610.0,6.963651989556759,1.8477650867152318,6.49381457553321,5.799089605287772,4.37249729565597,6.989949871357269,2.917302650663818,5.999983733268989,3.741890356810745,9.7813209127805,1.534766070852458,2.7496197651626266,5.622866686006002,3.9227221832121915,7.124421514378435,7.651463599122681,5.472941648524744,7.034005601177711,1.245760483230356,2.7341663707025328,68217.31320000027,6.09904556274414,-0.22762592483143604,39.50833141295544,0.08352424149588858
BK065747.1,fungi,2,685.0,5.745214099077481,1.3773796192609182,7.279901882365488,4.754972537727297,4.967738495174105,5.99050818535701,2.671039300378606,7.0090118914307045,4.939476350450594,9.68005119180931,2.7760891590678822,3.903908707940063,5.126646403242148,3.1306990881458967,5.960646296592545,8.365061590145576,5.723884178531435,5.889724310776943,0.7929397962992588,3.915106916226737,77319.39235000043,6.5284925460815435,-0.224476083826588,40.969052258305446,0.09675785207700102
BK065746.1,fungi,2,447.5,7.344522508456935,1.8880481995236094,7.603484857583219,7.496647250745611,4.926539762605337,6.611171160351488,2.6359114473868575,6.050461378330231,5.670149522608539,9.664174623191016,2.0256610420544847,2.8145579375087575,4.702606137032367,1.8777897876258534,5.353890189955764,7.685552152765267,3.9795132008246763,6.697491943393583,1.4401809483776695,3.5316459496787367,50307.642600000094,5.16751136779785,-0.21240992613943438,44.91480276326588,0.09898366660661742
BK065745.1,fungi,2,710.5,6.107903607545005,1.2191501908564233,6.263098966426801,5.019643469044603,5.107899623068525,6.380342186840071,2.6695992413556784,5.24944815000757,4.646796082462726,11.010303856176337,1.8827647485396894,3.942041805127224,5.053113071473539,2.156697506514619,6.2859100942727135,10.670926072023397,4.594997888227466,7.088084821535299,1.383509845641381,3.2677687728609337,79557.17545000042,7.309665489196776,-0.16517517750842742,41.83153368476426,0.0975917824157084
BK065744.1,fungi,2,666.5,5.687054880603268,1.6303588884234046,5.763859796117861,6.231671554252199,5.488060326770004,6.053623795559279,2.5380533445049576,6.085043988269795,4.758413629381371,10.396592654657171,2.8522552716101104,2.7894148861890797,5.037704231252619,3.1524926686217007,6.8670576735092865,7.265046781175814,5.934925289763999,6.315458734813573,1.3405948889819856,3.8123167155425217,76055.05475000039,6.763038635253906,-0.18460061443932424,44.38583787180574,0.10640971931294511
BK065743.1,fungi,2,627.5,5.371711780404118,1.9004956157072055,6.120218579234972,5.491167873935697,3.344770618884229,5.564239420510866,2.5473376540856525,5.663997966704791,4.711526242216292,9.817003431185665,3.3714576185029865,4.07357987037743,6.133562079044351,3.138899478968103,5.8743169398907105,7.021857923497268,7.3497267759562845,7.112720803151607,0.8794001779133308,4.51200914982844,70866.91915000026,6.250379371643066,-0.25445672893633264,36.719057059346845,0.08736179946625999
BK065742.1,fungi,2,566.0,6.223828189069682,1.0592574988200718,6.42684278001118,6.98048850699756,4.861973509357417,7.662001626794579,3.332753132249027,6.48341238573107,6.223828189069682,9.407793216333552,3.662463556119392,2.9255523904842557,4.609753403381456,3.0448841327276925,6.391193886465805,6.651949643008968,4.166903768071311,4.74264176711398,1.199509953238024,3.942968464955297,64763.39900000025,6.865149879455566,-0.37137209746039257,44.13190043749399,0.10004451927550737
BK065741.1,fungi,2,647.0,6.304310517779406,1.356750759591887,5.357268031394048,5.456734081202004,5.35521344713313,6.623254509812453,2.4684017026460627,5.9238498558165285,4.328163032469683,7.305739058130232,2.6437665122102736,3.096016765407569,6.551464918578034,3.216512089415507,5.701833897739716,9.784897113671686,5.750539630513235,8.062551213534151,1.20036063996674,3.5123722229876555,72184.8942000003,6.47318820953369,-0.17971944047627714,44.76409408545632,0.10067946310087525
BK065740.1,fungi,2,673.5,6.525154106184132,1.2974746470471266,5.372174719957579,5.166368396632863,5.825545171339564,6.971564923444024,2.0832504805461656,7.568104991051899,5.144163849671903,8.780738384039239,2.5644594684165174,3.521243454629814,5.443096705773182,4.00377808709485,5.386093988201763,7.573738980579307,5.533571949360376,5.640617750381123,1.4671571551666998,4.131702790481872,76071.37655000036,7.474495887756347,-0.15023430768211055,38.62309206601719,0.11424405116988136
BK065739.1,fungi,2,473.5,6.480896932285821,0.8376589973812196,7.034465020576132,5.643237934904601,3.6274200336700337,5.302738028432473,2.258113542835765,4.827499532360644,6.1675785634118965,10.05921483352039,3.478067714178825,3.0101360830527497,5.770669659558548,1.9594089038533484,5.941942573887019,10.825851103628882,5.452090347923681,6.218726618032173,1.39122708567153,3.713056490834269,53250.98370000018,6.5647842407226555,-0.3310173494201275,44.62044595258143,0.08731703610175834
BK065738.1,fungi,2,633.5,6.491315990246384,1.8683211911778639,5.84020225290589,4.3454954348487345,2.608070170189637,5.366358998907954,3.3053091387796014,5.216140340379274,3.5673503173914565,9.5191257648062,2.9239656728549273,3.721433522322119,6.15609775557118,3.0741843313836075,6.298587321295894,7.839668696176841,8.070793503572835,8.294189218164863,0.7936033030652085,4.69978707595953,70830.16790000026,6.873078918457031,-0.19315252242683567,37.54470806468508,0.08101460549214376
BK065737.1,fungi,2,712.0,5.620953969577823,1.5782993764645141,6.824337741768934,3.828984471186306,4.967433178442352,6.511179951546923,2.4873902855554233,6.010564359188212,3.641526669049605,10.9936852138687,1.9029747011398386,4.069859803804758,6.079669565908098,2.9880058779141345,6.228404622900036,9.037292982247111,6.110052027483221,6.752055284165376,1.532229238651257,2.8351006791373763,79518.35545000038,6.345698356628418,-0.12311926605504606,43.319428233845805,0.09334763096230986
BK065736.1,fungi,2,581.5,5.935682213981921,1.1028148657133718,5.987957445296118,5.829058512717838,5.683487542797569,7.147934461964956,1.9506213792368112,6.236301816157045,6.91573173476762,8.736923787747752,2.4806300276036914,3.788991695198379,4.782369178642088,3.1000841142532196,5.126822969114668,7.074630667345899,5.153478894430689,7.660764847350401,1.3644871992323093,3.941226646447654,65705.15040000022,7.598923301696777,-0.20377995829828593,30.662453263277627,0.10989201388477532
BK065735.1,fungi,2,702.5,5.665533946957751,1.2532239729125156,5.916525076703052,5.5501228471195105,4.8903543619895125,6.935972814726986,2.6667807535438235,6.297188165931214,3.8956594017773103,10.454330615620938,2.3003785239602816,3.7000818980796737,5.386021097923211,2.7645695053926422,6.785724472042603,9.191022177674013,5.309216182408619,6.321533490610243,1.4101952922865046,3.305565402339596,79023.22095000037,6.792964363098145,-0.19040804393974592,43.28418507336205,0.09606115056615613
BK065734.1,fungi,2,693.0,6.340408895430398,2.0375779040084634,5.160637490513534,6.233470551709864,5.20663247706,5.804567302164065,2.380240553779638,5.773520686245199,3.7853873927741875,10.878964192902973,2.3181473219419084,3.310489156681922,5.215831474369294,2.774647563415588,6.662373801255663,9.65779730009429,5.835613918082929,6.347308143412368,0.986592461421705,3.2897914127360117,77922.24260000043,6.153696250915527,-0.1171147344939405,46.89055101993894,0.09483016351217717
BK065733.1,fungi,2,663.5,7.020505809979494,1.667805878332194,6.546935520619732,5.073365231259968,4.367395762132604,6.424128503075872,2.2343358395989976,6.307701070858966,5.739690134426977,8.017088174982913,2.2759170653907494,3.9471405787195257,4.19958988380041,3.094896331738437,5.732854864433811,8.385964912280702,5.051834130781499,7.575301891091364,1.8771929824561404,4.460355434039645,74896.98810000032,7.473446846008301,-0.23647448165869242,32.53773054226478,0.1070494417862839
BK065732.1,fungi,2,481.5,5.28206885186181,1.4814686315497307,6.233791015777467,6.875645106729927,5.657857074706612,5.862339644898561,2.3629337936178887,5.413909151625019,4.172051591190987,10.06279761646616,3.132291332367661,2.938867734688744,4.706134910790955,2.378329618096816,6.5085305878169155,7.58341934756399,7.216304828650978,7.466974872279709,1.3188366828286684,3.3454476064914003,54772.55060000013,5.576581573486328,-0.15175664188878601,51.84353663772552,0.10322141364026681
BK065731.1,fungi,2,693.5,7.7272443630917715,1.5076129461685666,6.409331059156336,6.578854314002829,4.401052500208004,5.478721191446876,2.3618853481986855,6.318953323903819,4.9892877943256515,10.445544554455445,2.5342166569598135,3.8408977452367083,4.548111323737416,3.091563358016474,6.776978117979866,6.70906481404443,5.122306348281887,5.704925534570264,1.3605541226391547,4.092894583576005,78871.78425000043,6.066647338867188,-0.2529643689158835,36.23369550295372,0.09854501206423164
BK065730.1,fungi,2,632.0,5.5910094320690344,1.8126630543849087,5.480132450331126,5.092815572948023,4.729580573951435,4.486754966887418,1.9782259682921934,7.498996588400562,3.880694360826811,9.387417218543046,2.9013646397752355,5.631647601846277,5.328617298815974,4.403973509933775,5.968292193457756,8.913305237808549,5.797210515753562,6.128336343568131,1.1027493477824604,3.8862131246237204,71808.28605000032,6.308241462707518,-0.19498494882600834,40.67463400561917,0.09718543046357617
BK065729.1,fungi,2,650.5,6.574709490680528,1.5187595476709594,5.383940521852638,6.666107009586689,3.928437989207289,6.468532295366512,2.2995994116506413,6.894896400380252,4.638217169018015,9.135140631576956,3.07653744105865,4.093970364975241,4.835791883238191,3.9877931696612263,6.36625693462417,6.937816580668656,4.910754401978821,6.014855348351061,2.3745619303912715,3.893321478062231,74178.00305000036,6.668458557128906,-0.2758876082463503,41.15091544133305,0.1019632139766079
BK065728.1,fungi,2,650.0,6.877679054351892,1.4523780590958588,6.39577689299985,5.299017610575399,5.047761329168364,4.9055138184998,2.485995649179992,5.822140574851498,3.2982599102673156,9.40489550645594,1.9170056065057388,3.4783924363400693,6.667643575868913,2.9173844566597804,6.910917794281984,9.91205434474411,5.788901834921407,7.015280289546357,1.0715026054883237,3.3314986501974073,72900.4934500003,6.004181289672852,-0.19952917741862436,50.16953374029955,0.09450762584854094
BK065727.1,fungi,2,712.5,5.727960766278665,1.706068222905896,6.254955755019189,5.279663167242855,5.387302166259634,5.8760387262520215,1.7038876906974534,5.615960702844999,4.445609597513401,10.534745789590534,2.161204763868185,2.9974388658060835,6.366955818452853,3.1296584097180373,6.4388142662310885,10.007750800850012,5.181043642361001,6.178736242824066,1.4326096609470647,3.5735949443369597,80284.83470000037,6.524712753295898,-0.18665702607123627,47.728178829411206,0.10393506771543658
BK065726.1,fungi,2,626.0,6.811722343956227,1.4018631709786133,5.91358167070311,6.216250848934507,4.321172746959853,6.427811735158063,2.5459065339125306,6.6646164097438465,4.642037955381284,9.777290841758607,2.321018977690642,4.075270057279052,5.283768372224144,3.6689347633875373,5.744051051397379,7.66924230192596,4.823485693050911,6.663206858109406,1.2519381334973538,3.7768295339509734,70430.06460000027,5.8702402114868155,-0.2082689424518513,48.844401965683986,0.09349940414408181
BK065725.1,fungi,2,617.5,5.940944881889764,1.3661417322834646,6.714566929133858,5.7421259842519685,3.7001312335958003,4.380577427821523,2.2782152230971127,4.760498687664042,5.755905511811024,10.275590551181104,1.7874015748031495,3.241469816272966,5.0380577427821525,3.7093175853018376,5.899606299212598,9.751968503937007,6.964566929133858,6.982939632545932,0.7270341207349081,4.982939632545932,69882.43485000033,6.3211723327636715,-0.3617145669291334,45.218624081364965,0.09410104986876641
BK065724.1,fungi,2,700.5,5.7057702753864135,1.557278892528518,6.330965745419828,5.531184671857253,5.536637256999885,5.556184260341394,2.2215683692449506,6.276851409853336,3.9761691165577524,8.758497802505309,1.7523374100837847,4.51906141462692,5.513901005744762,4.928725453078962,6.265946239568073,7.303069085282546,7.378993761419565,6.132717979950947,1.008934009316719,3.7452058402330826,79600.59665000036,6.87228946685791,-0.32945743691461904,40.068735812990795,0.10290777106549685
BK065723.1,fungi,2,507.0,6.968190725300127,1.1079586188318205,6.197399121453989,6.479168205498082,5.886301721029055,6.404652557211941,2.948038913244668,5.591497829704588,5.87326691374868,8.792412004188519,2.795748914852294,3.608903642359648,4.88544576868431,2.5852367772742477,5.465277445872963,7.888448119294556,6.041850421241522,5.520240883238541,1.036701672365774,3.9232597446046764,57629.78020000021,6.259757804870605,-0.3106846315277226,35.06790548026754,0.10846263137999505
BK065722.1,fungi,2,710.5,6.635509386832663,1.5416410602065698,7.023273794183534,5.531887476954186,5.252958785163452,6.209087484883929,2.3828876157246794,5.557857383581468,4.275816267866701,9.928136708760384,2.801578018753841,3.4566738695160875,5.6340820331859724,2.406082112483397,6.859227246595167,7.494994350058482,4.884523125111512,7.6513093987272764,1.119084907717622,3.3533889736930793,80026.74530000036,5.990568351745605,-0.15207987233114617,39.78077356620352,0.09725432666574152
BK065721.1,fungi,2,655.0,6.4363617704134946,1.2261624869383492,5.554467084639498,7.5643286311389755,4.356060606060606,7.019704433497537,3.2787076429317805,7.066353187042843,4.850070906105389,8.386746156142708,2.444394685773996,3.0475630691147932,5.664558143006419,3.4433777429467085,6.3887800417972835,5.3352179429765645,5.648697566801015,7.188339677563816,1.288671816689058,3.8114364084191674,74237.47305000025,6.059514045715332,-0.2764741006120316,45.26826336020315,0.09456168831168832
BK065720.1,fungi,2,682.0,6.8977281288003525,1.3062990346430763,5.822275315059352,6.84327209720294,4.601749911212992,5.597993951721392,2.6026969726320774,7.466718324562253,5.6227466933565795,9.46082071481613,2.272839785189251,3.7292695788805306,5.203779636027077,2.779194782552546,5.4627148376543015,7.882349142801795,5.876731346656766,6.074645659122462,1.0836319805421928,3.4125421065659336,76787.92475000041,6.051471328735352,-0.20395193663298167,41.726135236065915,0.09097923998321118
BK065719.1,fungi,2,574.0,5.194528335405933,0.8603175115877194,6.824076616224422,6.859929908428754,5.173371662979053,6.842003262326587,2.8574427881587234,5.5230220126294025,4.0821072691742435,9.67828937805843,2.644422552043799,3.6901435746701337,4.1064939679258385,2.067055346501074,7.656777402735832,8.535021560425717,5.264458405336003,7.912110983704517,1.1156510925564045,3.1127763691274084,65181.3597000002,5.884876251220703,-0.26562024580500354,41.40198856570686,0.09401799124662866
BK065718.1,fungi,2,672.5,6.189693516803856,1.6910181550757124,5.713111703777212,7.60360088958985,5.946030958435598,6.275529190774493,2.0476515359601635,6.606910270155324,5.8267470605435,9.244114441658322,1.8462976581813026,3.121981906947484,5.952344033811503,2.712961076013858,6.401126164042495,6.640358494076785,5.576771426799338,5.2662124205881575,1.483351201920947,3.8541878948441006,76734.32860000039,6.159124374389648,-0.3020544076341696,45.780538959428114,0.11283570055200645
BK065717.1,fungi,2,640.5,6.113333170743604,1.62780772138624,5.561300392654196,5.540082432992708,4.911713777040704,5.786771699631734,2.557983562178377,6.578421091139672,5.502646147842841,9.3406580006341,1.7182889056898274,3.454259444430895,6.08504255786162,3.1064800136575372,4.904641123820209,7.775040850669463,6.970709460283394,6.077969904641124,1.7875521303319268,4.599297612369827,72477.44085000025,6.486914825439452,-0.2155643489500771,40.94053881423321,0.11298563519742458
BK065716.1,fungi,2,541.0,6.322858735087061,1.0372240608686751,5.649004287647708,7.1667405916271445,5.174368131139089,6.996713182526413,2.7659308289831337,6.164583499190616,5.355958162263393,10.014747081859571,2.613531679688833,4.189839298508991,4.957521580401925,3.44566136302463,6.469381797779219,6.861942293038544,4.488761510495449,5.566928626398414,1.2481945250036963,3.5101087644674935,61709.19280000026,6.7915433883667,-0.328738044059276,45.081139884980416,0.09932671420610278
BK065715.1,fungi,2,634.5,5.534399593805535,1.7016860057046428,6.043636037811925,5.74645699864104,3.6863641115242745,5.520212654749638,2.835521108671953,5.821871779938174,4.360617057180831,12.322476591550558,2.33337813419351,3.8327135881008916,6.151904783238505,2.602183295252602,5.78901781580873,7.587399011394352,6.349775249018114,7.113629915027702,0.8792168809641145,3.787539387422905,71310.64040000031,5.983349800109862,-0.1232665800516704,43.14973350955019,0.08353120379911294
BK065714.1,fungi,2,697.0,6.772300469483568,0.9288773577135327,6.38271147351948,5.946791862284821,4.438472942920682,6.539617823902479,2.502265052302117,6.66440161436455,4.820031298904539,9.323573017049668,1.7926859402026192,2.6591714026851165,6.0983444526809985,3.43381929000906,6.870315460011531,6.972860555143727,5.6134173461823575,7.016514290420888,1.4298657441726381,3.79396260604563,78637.89735000033,6.533608055114747,-0.25065521785684886,43.28589304834871,0.0966230129313895
BK065713.1,fungi,2,578.5,6.303612582682351,1.9736015084852294,5.741971207087486,7.458022806860016,4.058393942114872,7.4453024453024454,2.3269282571608154,6.33040016760947,4.370865882493789,8.677082398012631,3.0885037861782045,4.190685702313609,4.155517643889737,2.3888839005118077,6.1220855406901915,9.342881087067134,5.305587980006584,6.017928227230553,1.273981622818832,3.4277633114842416,64674.1184500002,5.563366508483886,-0.27441067313160317,46.306495989344924,0.08760138876417946
BK065712.1,fungi,2,695.5,6.626597245270495,0.9167565549286425,5.508214404248258,6.984525389976767,5.627281778957849,7.018129770992367,2.1472577165615667,6.118901427149021,5.269353634251576,9.913396116827084,2.316731662794557,2.6480044805841354,5.2616785595751745,3.86170345170926,6.679907899103883,8.0455526053767,4.795262197145702,5.719693826750747,1.1289619980086294,3.4120892797875872,78644.91535000034,6.6894037246704094,-0.26854080235645506,50.202104640308825,0.10168333056754067
BK065711.1,fungi,2,624.5,6.123004260999025,1.8250423533035578,6.406771394835464,5.124364700446635,3.117973201909749,5.025797012166949,2.704065917141537,6.980979516402279,5.435853996611736,9.87024487910057,2.6581189999486625,4.4319523589506655,5.605267210842445,2.952410288002464,5.226782689049746,7.151804507418245,7.047974742029878,6.815416602494995,0.8790235638379793,4.617151804507419,70389.39685000027,6.382558441162109,-0.21093947327891607,37.562922249602195,0.08614148570255147
BK065710.1,fungi,2,674.0,5.966256993084006,1.7673230254173826,6.300383243028941,4.287476322628959,6.231443548742346,6.469979296066253,1.6223954891854984,6.24906391788908,5.216950795119158,9.338355138540152,3.704242103872076,4.018765693141272,4.670939606184749,2.8859962116206335,5.402625435002863,8.682657151667328,4.771595964935465,7.528743227170609,1.177040659001806,3.707766177701423,75846.64205000033,7.403209686279297,-0.024300030835646132,34.772326747720406,0.11116250385445575
BK065709.1,fungi,2,701.0,6.3758954390115665,1.3195402865404837,6.1832528259726605,6.536294032597266,5.165409766035752,5.772500985804417,2.656537526288118,5.608405625657203,4.137503286014721,10.409683885383807,2.039382886435331,3.4928282728706623,5.717460239221872,2.396120859621451,6.351044952681388,8.51796628548896,6.190646359095688,6.595031545741325,0.863811119873817,3.6706838196635116,78986.88985000041,5.793194961547851,-0.20893508477917994,43.39677886353191,0.0969990470557308
BK065708.1,fungi,2,661.0,5.9548764342453655,1.1345248602530158,5.633090614886731,5.722041409238011,5.2977438217122685,5.702274566048838,3.4251802000588407,5.59976279788173,5.759736319505738,10.334841129744042,2.036214695498676,2.8569983818770224,6.0969218887908205,2.634046778464254,5.686185275080906,9.71356465136805,4.417659605766402,6.542825095616358,1.2765703147984702,4.17494115916446,74895.28305000035,7.58437671661377,-0.23239762614004097,46.147977139416156,0.10749255295675199
BK065707.1,fungi,2,615.0,5.920279901945882,1.1862945326814816,6.922792055073914,4.9858915932688666,4.334500512656112,5.492329503842848,2.068035407817246,6.444819685994677,6.260208212999633,10.655094364651877,2.2733742168521536,5.060095456291576,4.578668531205695,3.3216246915081484,5.591544352353658,7.173869185636785,6.313684739982478,5.726133854372501,1.154374435180093,4.5363847656843745,70131.32990000023,7.383550453186034,-0.3020953954913901,36.77771503229325,0.10025259713520579
BK065706.1,fungi,2,680.5,7.043737866806175,1.167164605014549,5.9653158197391125,7.416975446090788,4.783558954891542,5.823068309070549,2.1774894395275135,7.458914681759026,5.714869404679035,8.451620713658787,2.2018098725825492,4.300284927384592,5.2814252422315136,2.5671568224759715,6.134910306242894,6.47593682308128,5.666228538568964,6.249810841076238,1.4565237129626827,3.663197672156239,77203.71245000036,5.877885055541992,-0.28632240463147535,45.695256629209744,0.09903280340010465
BK065705.1,fungi,2,681.0,7.406542056074766,2.245586708203531,5.728842159916926,6.223390446521288,4.411344755970925,5.909916926272066,1.8120456905503635,5.423805815160955,5.830088265835929,9.032969885773625,3.2937435098650054,4.074506749740395,5.77297507788162,3.485202492211838,6.094885773624091,6.768561786085151,5.347871235721703,5.667834890965732,1.3953790238836967,4.074506749740395,77135.05915000038,7.3501327514648445,-0.31473520249221165,42.80897416926282,0.09881230529595016
BK065704.1,fungi,2,628.0,5.204940816310989,2.276852234968003,6.211812368794471,5.651198269800453,2.726028892504753,5.481122903567267,2.7153674516364044,5.810612195165291,5.308636020947192,9.4025023924781,3.2096013890334385,4.644326717316972,5.590148828637645,2.617002967434375,5.751974270389371,7.986688429544376,6.057729163863808,7.646537697078004,0.8794419497236909,4.827475040805396,70891.85825000025,6.405947685241699,-0.2826072553643547,38.68121716847368,0.0843294588303384
BK065703.1,fungi,2,526.0,5.340490797546012,1.6219325153374233,7.229294478527607,4.550613496932515,5.309049079754601,5.223926380368098,3.013803680981595,7.354294478527607,4.485429447852761,7.794478527607362,2.937116564417178,4.695552147239264,4.3573619631901845,3.2523006134969323,6.499233128834356,8.677914110429448,5.848926380368098,6.405674846625766,0.8634969325153374,4.539110429447852,60327.37600000019,6.849973869323731,-0.28476226993865006,49.29297929447863,0.10711656441717791
BK065702.1,fungi,2,686.0,6.897937914092161,1.4456934415246034,6.163180227797216,6.725228913868831,3.935085237847093,6.486265167870171,2.325616020248641,4.284225415022705,3.6700662547457754,10.876944837340877,2.617434675798407,3.245738107645351,5.6063425891461325,2.9137199434229135,7.480830789845902,7.074369091044442,5.898161244695898,7.9319586093947745,0.9372441003498846,3.4839574182982207,76963.95185000033,5.832840156555176,-0.22864512767066203,41.79694632621167,0.08356286756495199
BK065701.1,fungi,2,691.5,7.015670561580902,1.2813358786632822,6.165012901466362,5.915269881893893,6.0603327109861755,7.071891585726572,2.3933793450670247,6.374687952337997,4.920178732509598,8.917011055402883,2.6634710189011725,3.3364450691224903,4.879796093897502,2.8931800541232247,6.43510457530051,7.067695986909731,6.273888690763389,5.210304390694161,1.3940925968658877,3.731250917787241,78295.89875000043,7.340099716186524,-0.2436268853972183,46.35907353835839,0.11185676225639306
BK065700.1,fungi,2,548.5,5.979221264195358,1.3461833410019939,6.837777822233781,7.802862077473476,5.948713332133021,6.492354678883176,2.0015203953027787,7.0256600049346165,5.816679003207501,8.285487560098959,2.0980454918278753,3.8099905975553643,4.648208534218897,3.3680423576796636,5.943545321783663,6.97481345149739,4.876767959669515,5.400070685044778,1.4223698161521994,3.921686305105994,62734.896700000114,5.386426734924315,-0.3705585118797554,45.11592193970437,0.11292769453391215
BK065699.1,fungi,2,672.0,6.590328984685196,1.4712138400453771,6.682501418037436,5.509075439591605,4.075085082246171,6.413074305161656,2.4478871242200793,6.990924560408395,5.907898468519569,9.224333522404992,2.309628474191719,3.5699092456040837,5.436401020986954,2.302538287010777,5.923851389676687,6.551332955190016,5.7448241633579125,6.914705048213273,1.6307430516165629,4.303743618831537,75957.25135000034,7.00170555114746,-0.2145136131593876,43.30928123227464,0.10009571752694271
BK065698.1,fungi,2,649.5,6.680482182994746,1.3697404400921989,6.36265372446277,5.839024180732723,5.160417471975261,4.850463141920429,2.7856519062549214,5.5627138541711405,3.359389540294063,9.843376426290998,1.8135549542584717,3.3507995819553607,6.375180747040044,3.061962232816504,6.986499448811006,9.022319575083394,6.199086601096651,7.162593594754399,0.9885610388122952,3.2255293561826224,73155.75485000027,5.92133846282959,-0.2152199745164569,53.16548547581226,0.09374507866970179
BK065697.1,fungi,2,553.5,6.183899464974493,1.3500062212268258,6.160569864377255,7.246173945502053,4.731243001119821,6.508958566629339,2.025009331840239,5.795072788353863,4.720355854174443,9.355169839492348,2.626913027248974,2.3687321139728756,4.9676496205051635,4.034465596615653,6.334764215503297,9.2882916511136,4.286425283065821,6.706482518352619,1.4231056364315045,3.8867114594998133,62782.24625000027,5.488566398620605,-0.27507776533532424,52.155459126539824,0.10041060097051138
BK065696.1,fungi,2,629.5,7.146520146520146,1.5029682960717443,6.222685360616396,5.206391309839585,4.304029304029304,5.555513452065176,2.46229632436529,6.596943286598459,4.216748768472907,9.309965896172793,2.7034230137678414,4.611721611721611,6.289250978906152,3.7086017430845017,6.006694454970317,6.9357079701907285,6.920171782240748,5.653151446254895,1.405330301882026,3.24188455222938,70822.48500000023,6.120161247253417,-0.26018340280409247,39.08692446633831,0.0895124415814071
BK065695.1,fungi,2,681.5,6.685991174180151,1.5227784026996627,6.967314181881111,5.610344380029419,5.020658475382885,7.009280089988751,2.554728735831098,5.828177727784027,4.709158951284936,9.098165613913645,2.3587436185861383,2.6234100545124166,4.786168555853595,2.4073072596694645,7.585446050012979,6.533378039283551,5.828177727784027,7.369343255170027,1.629964523665311,3.871463182486804,77368.58710000035,7.337683296203615,-0.22440295924547865,38.39016538677867,0.10522086181535
BK065694.1,fungi,2,666.0,6.4963181648512,1.2674335742644813,5.4331670569072585,7.196715192235908,4.972004479283315,7.019240557874376,1.8436322915606231,3.970613186738607,4.333706606942889,10.74213580372595,2.525704978112593,2.410668838440395,4.777223523024195,1.976314092775459,7.445111812413044,8.534731412670942,7.045709050188334,7.453595303539313,1.1788659269062405,3.3771081475448774,74715.91070000033,6.483845520019531,-0.19949981336319522,47.66790369540885,0.09527978553734433
BK065693.1,fungi,2,680.5,5.100893704215529,1.8918111048055555,5.568648007035267,6.359032564103675,6.330007754389461,9.597139973227861,1.7362901094711853,6.624804515740545,6.547044018073359,8.537517815601486,3.3124022578702723,3.4191875652516712,4.049394161247981,3.3124022578702723,5.55240277771761,6.088603646729077,4.593717644918276,6.2150998323492335,1.4948860018108017,3.668714287570883,76931.17775000038,7.548916435241699,-0.19615627044191358,36.88277520501485,0.11493608043771146
BK065692.1,fungi,2,691.5,6.18171573638085,1.3673609598337717,5.475204014947131,5.718388156241097,5.040677312867604,6.738043970038708,2.3232359200361947,5.834429512207382,5.735249761214538,9.86121118688942,2.091572129966319,3.389392060592858,5.318422507833839,4.478588903597701,4.374486820718199,7.618617725421855,6.355777770330278,6.900166730901352,0.8517728773229217,4.345685942657975,77510.12445000038,6.864247512817383,-0.19025535382140557,38.94969247993374,0.102381361328485
BK065691.1,fungi,2,409.0,5.288694808345463,2.0639252789907814,7.41205725376031,6.5884279475982535,4.762857836001941,6.360383309073265,2.3319990295972826,5.983745754488113,5.159509946627851,9.9617903930131,2.6692139737991267,3.215065502183406,4.346191169335274,3.532265890344493,6.697598253275109,7.025109170305677,5.258976225133431,6.043182920912178,1.290029112081514,4.008976225133431,46728.253500000064,5.651182746887207,-0.3226316108685103,46.37200812712276,0.10061863173216884
BK065690.1,fungi,2,698.0,7.049360747971159,1.4906966458554045,6.413400121370458,6.14031659175298,4.731596432942823,4.799995885747199,3.3437561070940003,6.591444411301852,4.156732460426031,9.203686370509036,2.823714553140718,3.890437447928988,5.716342840685845,3.1657118171626055,6.879133538360264,6.892196291001101,5.326311675220884,6.3178466000843425,1.3883546074488549,3.6789648539954536,79709.14695000043,6.132722663879394,-0.2664282114314511,45.58971719654828,0.09798915894387131
BK065689.1,fungi,2,519.0,8.98711943793911,1.0172716627634661,6.476873536299767,5.547423887587822,4.7411690085870415,5.386416861826698,1.9357435597189696,5.956040202966433,3.748292349726776,9.989754098360656,2.4321818891491023,3.077429742388759,5.5218091334894615,3.13963700234192,7.147736143637783,7.943013270882124,5.87065768930523,6.081674473067915,1.2404859484777517,3.7592701014832164,58718.27395000022,6.6052251815795895,-0.17356435402029638,44.871297204332606,0.09740925058548008
BK065688.1,fungi,2,659.0,6.132826574613247,1.1808872926764067,4.704255146041819,5.153364250264421,6.068086985831677,6.94340806862164,2.905377918802376,6.740355893394702,3.982937573369597,9.349001011192858,3.1277241186931204,4.9169543336006605,6.245801225054337,4.175529132814952,5.173471878377907,7.185048293176192,6.488255053058568,4.343596359705709,1.4723897857898347,3.7107291049199764,74669.42255000028,7.267109680175781,-0.22620674825946924,46.740130699582835,0.11251205876541488
BK065687.1,fungi,2,703.0,6.029159519725557,1.305644041493098,6.244384546271339,6.893735195621988,5.424119905251981,5.673650249121947,1.7328269215061667,5.65323041738136,4.805603201829617,8.725802499387406,2.0199297557788123,3.769909335947072,4.8021318304337175,4.750878052764845,5.988115657926979,8.367026055705301,5.885608102589234,6.808380298946337,1.5892755043698439,3.530588907947399,79932.45960000038,6.810067558288575,-0.3349134199134203,41.39615504778249,0.10543984317569223
BK065686.1,fungi,2,504.5,5.5755381543154545,1.471570986052801,7.955367391543626,5.649834111671934,5.958614400050317,7.651107756655188,1.5820321713288363,5.93149047911065,4.9017642341619885,9.12267874270799,2.4676871550544837,3.14146107520795,5.077480069814614,3.2474016069940403,6.023869050426907,7.315203547337139,5.354615783763386,6.337169992295234,1.3837130682264887,3.8514002232809723,56943.04460000008,5.223412513732908,-0.25241363586332727,33.70544901882164,0.11193727691557778
BK065685.1,fungi,2,652.0,6.366166725293508,1.0406461071383883,5.812320135605065,6.0557198943300365,5.586036266800131,7.851471848492503,1.6931746552623688,8.130401833879073,5.433409744961436,9.614408510256549,2.0549691559859578,2.9614030780272107,4.888770323643772,3.2587474001553414,6.182023357877913,7.30813087399636,5.061109629045546,5.504470198284634,1.049853275509168,4.146766985455034,73477.96625000032,7.236271476745606,-0.1457740277584325,37.32582975473524,0.10782656527764334
BK065684.1,fungi,2,682.5,6.022533867418511,1.4574164489066153,5.733822720396094,6.586095447668821,5.990192201897951,6.027154105350021,1.883552812542979,5.625838089671297,5.931311030119653,10.220396094072342,2.342030841699904,3.5107361435841016,5.672040468986385,3.288427485902902,5.456071207536789,8.217899016641454,4.386110060514373,6.599956161463347,1.3107507564296519,3.737665039196809,77346.25925000038,6.238244247436524,-0.20217860335579724,44.49999543348587,0.11038607997524412
BK065683.1,fungi,2,673.5,6.525154106184132,1.2974746470471266,5.372174719957579,5.166368396632863,5.825545171339564,6.971564923444024,2.0832504805461656,7.723868230927289,5.066282229734208,8.780738384039239,2.5644594684165174,3.5991250745675085,5.598859945648572,4.00377808709485,5.463975608139458,7.3400941207662225,5.533571949360376,5.484854510505734,1.4671571551666998,4.131702790481872,76122.96040000036,7.478106117248536,-0.15358321733943142,38.95494564857172,0.11424405116988136
BK065682.1,fungi,2,624.0,5.305514157973175,1.9808314918546688,5.465851277044042,6.078421296058379,4.325504907754766,6.834112749884373,2.9500488205971527,6.117991674803433,5.15237165321959,10.307569762063826,2.1483632252428184,3.221131610051904,5.708155609229662,2.5689912122925125,5.508248111413741,8.565445295236138,5.36230022097744,7.140397759391542,1.5106120561179917,3.7481371087928466,70107.56475000025,6.371474838256836,-0.1631198931085876,40.06621653219599,0.09584254072665606
BK065681.1,fungi,2,627.5,6.120533056526584,2.1316409450101004,5.185165397121006,6.242017636253543,3.991181873228615,6.851348669648445,2.2013514682460933,5.893465020073577,4.01815017783816,9.940873264233414,2.118156792705328,3.2963664025808157,5.691075526517984,4.31721849923929,6.352180616403853,8.690663369409801,5.36503890050731,7.163901143354348,1.0275941728108606,3.402077068290871,70044.66990000024,6.814628028869629,-0.19914299307474326,46.4340191296871,0.08420853114330346
BK065680.1,fungi,2,698.0,7.363210647387446,1.4262241209332895,6.3703581991455795,6.804140650673677,4.087660203746303,4.804469273743017,2.216562602694709,5.576322707854091,5.550854419980283,9.64919487348012,2.738662504107788,2.576815642458101,5.175813342096616,3.7972395662175487,6.498931975024647,7.528343739730529,5.58001971738416,6.645990798554058,1.4188301018731515,4.190354912914886,79490.47185000037,6.240802001953125,-0.30120851133749565,43.782971574104636,0.09696845218534342
BK065679.1,fungi,2,556.5,6.4611385919671225,1.0199291016595111,5.210041436746025,6.003565329214607,3.5794476461342715,6.266202175939471,2.2477223397813173,5.12465044124351,4.098257479366678,11.964435160677956,2.1317130590388578,2.4249681910036673,4.965095154826463,3.151642160698369,6.724625946615319,8.629933796463249,7.39006334583013,8.269828741724558,1.197174952881861,3.1395649481870573,62387.88545000017,6.90294780731201,-0.0837736696355065,40.21341800423214,0.07916187547203189
BK065678.1,fungi,2,521.0,8.123776509781965,1.150130439443935,5.352385036590547,5.721467116156623,3.783935101909538,6.9782124435655835,2.4469804360687895,7.774746764823837,2.9008382272942055,10.589022438760963,2.1489749484793976,4.268764815895744,4.5558507153322925,1.9776366834629786,7.723722507455101,7.198788124253001,6.135220238166145,7.719156134227548,0.812020282638649,2.6383710356931553,58002.078550000195,6.920567893981934,0.010050190397909838,43.89838531057301,0.07234326420241342
BK065677.1,fungi,2,629.5,7.114492292622831,1.5891889708518254,5.001211772368561,5.069626420676876,3.6519789757494054,6.892460251341786,2.2185532447729694,4.524455081113013,3.6488233185396126,10.715980753015547,3.1099632933953356,3.200467542172203,5.954725154879656,2.533235381733541,6.434637503344996,8.270093962849078,6.5904007432203855,8.338508611157394,1.0282393452389968,4.112957380955987,69805.94215000028,7.447104072570802,-0.06371663208066382,37.89773066591947,0.08793175701944389
BK065676.1,fungi,2,537.0,9.100501865911724,1.2879386730885893,5.574755960806662,5.86631615714102,4.606504035148998,6.957368972553634,0.9211905068294207,4.061253377943636,6.365056896520029,11.299887861462949,1.9273121679504386,4.080188245675313,5.39625346986047,2.350313436402743,4.981892383771164,6.928690920455172,6.054561832453995,9.382318877879294,0.7426880158832289,2.1150063422615215,58832.11590000021,6.950874328613281,-0.005747743441733948,37.294635954188685,0.07464198393293747
BK065675.1,fungi,2,688.0,4.774528501801229,1.4498834498834499,6.329942784488239,5.552659461750371,5.876456876456876,7.091121000211909,2.1546937910574275,5.410468319559229,4.3049374867556685,10.9631277813096,1.6806526806526807,2.701207883026065,5.839796567069294,2.66094511549057,6.978385251112524,11.108921381648655,4.6653952108497565,6.637635092180547,1.219114219114219,2.6001271455816912,77009.35350000039,6.455312347412109,-0.18502818393727505,44.31148406442057,0.09695698241152786
BK065674.1,fungi,2,507.5,7.495413895895437,1.9032332033937172,6.1726094932354965,6.909252465030956,4.273675762439807,3.84372850263701,1.3127722999312086,7.074065581288695,7.518344416418253,11.518287090116946,2.096709470304976,2.3991057096996102,4.160456317358404,3.1357486814950697,4.849805090575556,9.341320797982114,6.012095849575785,6.205572116487044,0.849862416876863,2.927940839257051,57092.37130000017,6.904305458068848,-0.09085932125659255,40.12913193648253,0.0805147901857372
BK065673.1,fungi,2,625.0,4.841885074443214,1.9761802223042535,6.7232168491858415,4.818301136130593,2.7060005742176285,4.765237274927197,2.943378040277265,6.385094950986424,4.610403592961733,9.156464049874902,2.89569746934088,3.9341597965628976,5.4237931175915675,3.1625548582912923,5.958020589803535,8.11748902834174,7.743991222673394,8.218233460481521,0.7951888765842254,4.824709815019893,70661.97410000028,6.334643173217773,-0.24152490668963555,40.107439707149084,0.08325899265821746
BK065672.1,fungi,2,602.0,7.575165842646834,1.2147021756893377,6.836456299250765,4.076336089298822,5.471768665087872,6.8196989211572285,2.1266636198706497,5.3152741423961665,5.148531305829074,10.667802290636642,2.7461326464193223,4.100571966706829,5.008794161230906,4.100571966706829,5.893749913443295,5.607766560028805,6.897946182503081,5.2677718226764725,1.4391956458515103,3.685099782569557,67961.51935000019,7.642462730407715,-0.22656196767626396,34.32883550071325,0.10596064093508939
BK065671.1,fungi,2,650.0,6.877679054351892,1.4523780590958588,6.466900648334132,5.299017610575399,5.047761329168364,4.9055138184998,2.485995649179992,5.822140574851498,3.2982599102673156,9.40489550645594,1.9170056065057388,3.407268681005788,6.667643575868913,2.9173844566597804,6.910917794281984,9.91205434474411,5.788901834921407,7.015280289546357,1.0715026054883237,3.3314986501974073,72900.9858500003,5.976301765441894,-0.19952917741862436,50.2432890745812,0.09450762584854094
BK065670.1,fungi,2,505.5,7.720854900926445,1.560284857076918,5.344161089314563,6.802446342026309,5.2166100689064,4.753181563416966,1.3647341004253075,5.94358906729089,6.339017836536877,12.087056147176156,1.6878358774850812,2.2448155352609542,4.719181695295243,2.823019353137054,5.620487290231116,8.906935148857604,6.190242656028486,6.883221786291253,0.5654281098546042,3.2268965744617715,56668.84925000019,7.074038505554199,-0.030484487817744196,41.01693094523759,0.09008934753222776
BK065669.1,fungi,2,694.0,7.116088520848793,1.7911815874639112,6.9049088872122,6.0776500861554705,4.029457064644664,4.844348554479565,2.9404061882283985,6.611626935380279,4.594092374461399,11.273479704099088,2.4426998567886145,3.3464489188475746,4.8300066305416465,3.3321069949096564,6.876225039336363,6.782586825799667,5.207365513284986,5.77958749301091,1.0699283111657074,4.149804513341107,79127.77650000039,6.064231681823729,-0.22101497172146742,46.97523349275749,0.09249189889151478
BK065668.1,fungi,2,633.0,6.619616847887261,1.5458154176328014,6.438771451940898,6.70291078543932,3.543744325131507,5.767917576521615,2.684165897510937,5.466258451333078,4.757509586306776,12.56913021618904,2.774588595484118,3.837524294065119,5.888356107846889,3.24208519994297,5.865844232832819,6.341219993546596,5.406226784628892,6.114600451738292,0.723756781702348,3.709957002318723,71292.96145000034,5.597526741027832,-0.21358404058140698,46.258925958443214,0.07977458109152577
BK065667.1,fungi,2,627.5,6.242567011252401,1.1782240112219071,6.1293568749428236,6.588042163469846,5.168658961770296,6.234689313776315,2.2206212707996626,6.141173421156954,5.468900883318595,9.41206964901046,2.6133626078736314,3.605571310950508,5.585033391272528,2.959854237184765,6.646108417446813,7.02804968540034,5.106653859055287,6.506342817064618,1.2678010551032233,3.89691905792903,71351.32835000026,7.236761856079101,-0.2831851817969284,41.058884556155334,0.1033337907480255
BK065666.1,fungi,2,678.0,8.393753485778026,1.8862416341327384,5.650010457334076,6.2264709983268265,3.8461203290574453,5.010805911879531,2.3406999442275516,5.547615727830451,4.931068739542666,9.976296709425544,2.735464305633017,3.1019067205800335,4.743708170663692,3.8718279419966537,6.022117261572783,7.161095231455661,5.820377858337981,7.5388664249860575,1.3180598159509203,3.8774923312883436,76359.2492500004,6.535910034179688,-0.1509276526770778,39.70699826582552,0.0904167247629671
BK065665.1,fungi,2,506.0,6.876487527778143,1.2608099164135405,6.366290155031624,6.218797529662893,5.255164433457376,5.992627560301035,2.590435114202685,4.661906577776609,5.026802894624957,9.033211043756875,3.182597185148172,3.5507808562023606,4.889172331873748,2.7412150937772575,6.29418751945018,8.656261094820444,5.775223868821418,6.735569610821093,0.9647288809407969,3.9277308051387925,57501.22895000018,6.605594635009766,-0.29563987253831947,41.72849544372713,0.10147624119536966
BK065664.1,fungi,2,670.5,6.591975566972673,1.250144692672763,6.700049863321075,5.752535460835032,5.659375639986822,5.914146046105763,2.520880265700268,5.219843820955061,5.261025581664544,10.00015582287836,2.5810946779808916,3.0412173773673947,5.244552877380751,4.0505044209176635,5.877082461467229,7.583231677455546,6.482343041840669,5.223961997026009,1.2542628687437114,3.791615838727773,76092.72065000038,6.2250007629394535,-0.31684089148494715,43.88488718423619,0.10705254347458307
BK065663.1,fungi,2,613.0,5.7980435114075,1.416942859512135,5.996527861371254,5.692113858327114,6.547308557564474,6.4657213247626615,2.5530116388868827,5.188413007947399,5.353192468294666,8.561309461711513,2.7115048698215514,3.9880106892649927,4.960102505664294,3.431746261030995,5.481057049538163,8.274951649533348,4.638434809126,7.284803642268072,0.9720918163993013,4.684712157567684,69699.12115000022,7.18972282409668,-0.24005398132321124,38.66408853686008,0.1220411253153146
BK065662.1,fungi,2,644.0,5.3306679993336665,1.474262868565717,5.838747293020157,6.196901549225387,4.064634349491921,5.550002776389583,2.154478316397357,6.20245432839136,5.619412515964241,10.061635848742295,3.0068299183741463,4.103503803653728,5.683269476372924,3.0873452162807484,4.941973457715587,8.656782719751234,4.922538730634683,7.188072630351492,1.532567049808429,4.383919151535343,72975.84905000037,5.874503135681153,-0.2039452495974237,44.664320617469166,0.09981120550835694
BK065661.1,fungi,2,721.5,6.654118303182405,1.563026479370723,5.642116025886809,5.728386024841113,4.700407821813238,6.847281768854497,2.4399595663843288,4.598161897126657,4.508406241648948,11.129701279235945,1.4607805546841415,3.6314731546353425,5.791999256393275,2.6682700686674337,6.9506895790488805,9.18267163953664,4.991169670140705,6.4667642650493224,1.359696515505362,3.684919887994237,80913.68620000046,7.542074203491211,-0.2540819942602856,42.43758548572633,0.09745024225312837
BK065660.1,fungi,2,684.0,5.585980284775466,1.3751026834611173,6.872946330777657,4.6780873493975905,5.024644030668127,6.074582420591456,2.4661144578313254,7.529264786418401,4.499246987951807,9.9157995618839,2.86401286966046,3.6298603504928804,5.054593373493976,3.3483365279299013,6.2748151697699885,8.452560240963855,5.72802573932092,5.835843373493976,0.8651081599123768,3.925075301204819,77296.64845000042,6.813540077209472,-0.1662222754654986,38.2332187842279,0.09814827491785323
BK065659.1,fungi,2,689.0,6.059638585954375,1.2209051156419577,6.596175122490912,4.720404615141458,4.557504873294347,6.249407302038881,2.815130920394078,6.522101048416838,4.960328749802434,9.861651124809018,2.394289025867973,3.7987461145355885,5.153047784626732,3.692218534323797,6.015383804857489,8.70596912702176,5.3041462515146724,6.16648227174543,0.8623360202307571,4.344133607291502,77653.65405000039,7.42319622039795,-0.25102397133976107,37.77083860702818,0.09763974500816605
BK065658.1,fungi,2,408.5,6.555138893945461,1.679894661472555,8.317253431390395,7.21562845111103,4.847331949854977,7.215931845487312,2.533646436329656,5.287557189839929,4.985072996686934,11.346646278564581,2.065508913726775,2.423514277739348,4.62676423829808,1.5697625028822464,6.774796422373514,5.811215883302387,4.929855220203638,6.472008834844237,1.9277678668948193,3.414703705052123,46447.43350000004,5.209714317321776,-0.23351081904345836,41.55736420067718,0.1018980352180192
BK065657.1,fungi,2,644.0,5.705480593036815,1.91293242267755,5.141873507690599,5.5860958409684045,4.653228941085013,5.924815370092731,2.9207618413015712,5.527791659725692,4.639346993170082,10.003331667499584,2.6209117663390527,3.120661891276584,6.6105835970903435,2.654228441334888,5.697151424287856,8.59292575934255,6.605030817924371,6.20245432839136,1.6130823477150313,4.267310789049919,72767.54620000033,6.729361534118652,-0.20282081181631442,41.53714365039711,0.10533622077849963
BK065656.1,fungi,2,701.0,5.011719909516158,1.7882841847753768,5.552371106584644,6.126493136943816,4.901174038097382,6.28115499964175,1.9207345159012048,5.254511397484057,4.139533455479697,11.546516269690983,2.516863363255781,3.3117700645874493,5.000562965085929,3.0135009263334593,6.755581031147322,11.182329037739132,5.000562965085929,6.214827476790485,1.192155337420801,3.289353818438642,78936.73355000044,6.243501853942871,-0.1839236619343481,48.32075290950607,0.09382683193956826
BK065655.1,fungi,2,698.0,7.021589562066139,0.9994596959916838,6.131526019849495,5.596768858766998,4.87115906508917,5.783307276847254,3.1983737465666042,6.161725521454999,4.340716118521744,10.21616269108375,1.846894690023687,3.650133637930574,6.005386604980247,3.7326173106830223,6.135840234364567,8.504035844959457,5.284091025817492,5.722908273636246,0.8517492085470753,3.945554612819791,78577.8606500004,6.575555229187012,-0.2711210589136809,41.78870470845166,0.09668462886456036
BK065654.1,fungi,2,587.5,6.826910227583042,1.0872217670948738,7.168255738962193,5.498132041159006,6.126498288914841,6.332612876424209,2.61441611034611,6.52986700597863,5.129043128642229,7.097372075322608,2.695322259213424,4.490654395658666,4.465235049066601,3.395734197881624,7.132813907142401,6.144219204824737,6.341473334379158,5.695386170713427,1.0872217670948738,4.141610453597346,67160.3901500002,6.8301654815673825,-0.40239363092851765,36.81657280391375,0.11355330509607062
BK065653.1,fungi,2,642.5,6.627273696349487,1.632046399395296,6.995159461580952,4.2766568789913855,2.6446104795960887,5.998342878739425,2.9559263889292673,5.21060460699092,5.070694149683597,9.877193747516742,2.8836090356717152,3.4276245021368146,6.072234981732903,2.9559263889292673,5.356814063241949,6.452718744851779,7.322222868273395,8.493594402612631,1.0911804324020506,4.6555658923743355,71811.99130000027,6.915181541442871,-0.19023933773294188,35.48601354527047,0.08391356804372474
BK065652.1,fungi,2,606.0,3.3995179147771375,1.6480777873105366,6.02075417739102,5.286595579523635,4.616578829104874,4.1214201086734485,2.9660497610001224,7.998937778322507,5.86795767455162,10.708828696327163,2.9611471994116925,4.623932671487519,4.801241982269069,4.367773828492053,5.032888017322385,6.441965927196961,7.668831964701557,5.1313477958900195,1.4066266290803613,4.929525677166319,70428.25635000024,6.859807014465332,-0.265653879151857,38.911475180782006,0.10952731135351554
BK065651.1,fungi,2,640.0,5.975199499295885,1.4659286496635895,6.044633077765608,6.670513221718041,3.123533093412611,5.540017211703958,3.1870990455327806,6.560006258801439,4.8163432952589575,10.593021436394931,2.335315287122516,3.802221874511031,6.6529103426693785,3.3729072132686593,5.308245970896573,7.0401736817399465,5.708222500391175,6.785909873259271,0.9446878422782038,4.073110624315444,72058.53410000031,5.694295120239257,-0.25241843999374086,44.256114066656345,0.08141331560006258
BK065650.1,fungi,2,688.0,6.849727146391892,0.8516083110192184,6.059976951496457,5.8074602582788195,5.070670779242789,6.336220045419109,2.7772599396671525,5.653238653696235,4.9321255465545875,10.379452936989459,1.9637833440667052,3.1602718367623632,4.5719926787106395,2.30908721147002,6.221824899162797,9.020692810900586,5.085923465410297,7.693709114327357,1.0892960037962243,4.165678066637291,77406.44775000034,6.46722011566162,-0.1423897569738669,38.056751474426406,0.10325644849676305
BK065649.1,fungi,2,559.5,6.459293818844381,1.263872401512851,6.213766115451509,6.600088341661375,5.230792590343152,6.3892416420506315,2.9313212599729455,5.371069486238026,6.160968169395136,9.952757916241062,3.001545979074069,2.8786958562239464,5.125541782845154,4.107542169339922,6.512264307208127,6.950866852552246,4.283017695939044,4.915040167849157,1.1410222786627282,4.511291168594539,64354.29865000025,7.389327812194825,-0.40451456947243447,42.438091423267025,0.10883106037600421
BK065648.1,fungi,2,553.0,5.555901998281644,1.1318283861312048,6.032260746653364,6.917075469083452,5.018915772844434,6.014592167622848,1.998974529530778,4.945816357639755,4.653418696821042,9.036958510019124,2.9115046700479477,2.3544247664976026,4.991200354757352,4.361021036002328,6.41542640170727,10.839500013857709,4.007995898118123,7.426346276433581,1.35112663174524,4.035711316205205,62868.176250000295,5.67602138519287,-0.3037031262991602,58.13244439594259,0.1040575372079488
BK065647.1,fungi,2,628.0,5.84996191926885,1.9733434881949734,5.975882203604976,5.2500634678852505,2.721502919522721,5.261233815689261,3.1005331302361006,6.283574511297283,5.701700939324702,9.845646103071847,3.111703478040112,4.634678852500635,5.079461792333079,3.0347804011170347,5.1997969027672,7.735211982736735,6.6514343742066515,6.883472962680884,0.9621731403909621,4.743843615130744,70880.92925000022,6.854833602905273,-0.2620423965473472,38.5236783447576,0.08427519675044429
BK065646.1,fungi,2,622.5,5.616456422908035,1.097379323185775,6.4391999875870845,5.75842914552592,5.773169482846902,6.834861673571352,1.8801688156526866,6.808484227839067,6.015221337801983,9.20107371720275,2.8828996570932057,3.281664571987153,4.785178978727366,2.8902698257536965,6.394978975624137,8.331005911651072,4.7704386414063835,6.355024903412,1.1194898291672486,3.764604571056184,70581.17410000027,7.665197181701661,-0.220538332635107,38.57395944855626,0.10657263883070334
BK065645.1,fungi,2,613.5,6.094012008438362,1.7370314274895873,5.763374262995619,6.548926272515821,4.835154432844702,6.714853680965002,2.1129712771136475,6.681181370692919,4.944149943203332,9.414994320333207,1.8751014226213014,3.1305782441715797,5.553361821820738,3.6399902634283547,5.399064207280792,9.083139503434847,5.28181965705631,5.935116568399415,1.5212040893600909,3.73397522583437,69042.76410000026,5.64851131439209,-0.22705171201384816,43.616698301509246,0.10090333748039162
BK065644.1,fungi,2,519.0,8.639490632318502,1.091676424668228,6.1048497267759565,5.720628415300546,5.163202576112412,5.44862412177986,2.5809914129586264,6.353678766588603,4.108118657298985,9.915349336455893,2.5687939110070257,2.928620218579235,5.88163544106167,2.705405932864949,6.663495316159251,8.043032786885245,5.895052693208431,5.684035909445745,1.2404859484777517,3.2628317720530835,58740.99060000023,6.759466743469239,-0.1512319476971111,45.125751732045345,0.09666520296643247
BK065643.1,fungi,2,636.0,6.025563597120877,1.5524291357682445,6.019870696909992,6.248081740146333,5.19489520113264,5.542409631397087,2.1279070918685585,4.8963892161618965,5.222122115184698,9.260368503905825,2.985554884508381,4.103838499846539,5.591170559290318,3.072433492074493,5.8733403958298265,8.321535003910775,5.900567309881884,6.052542993772462,1.3244656099323784,4.684514321356792,72420.11370000031,6.0478620529174805,-0.3330356524063642,41.707819817233236,0.11203875132421809
BK065642.1,fungi,2,653.5,5.648627848481436,1.425531215977775,6.412368134549686,7.126600217742238,5.597242557345046,4.739530540226001,1.8400157675413897,7.415437173855915,5.627862559597553,9.451374028606825,2.293097946465443,3.620668618838458,5.105562751060555,3.032084131095844,6.412368134549686,7.652888838833202,5.739666629124901,5.854403649059579,1.4393747419003642,3.5652945151481026,74955.90265000034,5.856769371032715,-0.2586479802530314,45.29878295463088,0.10601911814393514
BK065641.1,fungi,2,483.5,5.055021660110541,1.8052581785589803,6.3339640491958376,6.12284021311557,3.9264552108748694,6.484339989045461,2.737887765772046,4.67833491012299,5.2813324702484685,10.380421251805009,3.159388537569088,3.716078275158094,5.446148483792262,2.421948912015137,7.507344520241,9.598167604441567,4.467957974406215,6.680276851068067,1.1581934969875018,3.038639645471294,54740.88025000022,7.578294181823731,-0.3616531394711946,54.81779968132259,0.08123288353333666
BK065640.1,fungi,2,684.5,6.181416895366212,1.5104873548061155,5.845217860399799,6.623046063870325,6.655156764440182,6.5035942577504535,2.397706011551289,6.130253845791572,5.2781428883361095,8.186730145953838,2.4137613618362184,2.9918610077622265,5.41365004474091,3.1012514610368758,5.365483993886123,9.44429221593804,5.3414009684587285,5.352425642321047,1.1401439415670878,4.12397727418685,77420.48490000039,5.962774085998535,-0.2701264519388442,46.84207398733568,0.11919277980194119
BK065639.1,fungi,2,709.0,5.5422936896843344,1.4174868697531493,5.655852581365545,5.518202410727317,5.310577570919327,7.462698503141862,2.2080007037452445,5.422337113964745,3.659575233765377,10.966430152284872,1.7768567778464197,3.6295860898354793,5.953444852963227,2.8808571297190415,6.9515835267633115,10.034167631317462,4.743582823018068,6.2987198634094455,1.4633702599658922,3.104376215809877,79313.85875000045,7.115837287902832,-0.19433904926416673,43.45677741657532,0.09878324046695096
PX673726.1,algae,372,253.3521505376344,5.809184840336438,1.600101035584179,5.818132052836927,5.731495494219135,4.693744285130685,5.692493580235685,1.9025986405290831,7.3991775154119805,8.844672743897624,7.247328927262716,2.921947350540967,5.7230776991419745,4.736254901235347,2.8047047316477736,4.545659079931827,6.586687697052659,6.172718019596864,6.710465280042408,1.0930734430983637,3.966482682267363,28565.297175806478,7.7301349209200945,-0.3472331957912408,38.16305824802358,0.09753300410496411
OL828819.1,algae,16,414.75,5.914266175045214,0.9813132422919927,5.984535688165655,5.6225371001739495,4.1731933009546305,6.883511405501898,1.214483917946136,7.659087327412308,8.552990452998976,7.98640694003412,2.10550216572903,7.124912321690905,4.758016799596678,4.400777403840826,3.3955809919234206,5.806408273744736,6.1166657564869595,5.048566234414928,1.0155210704908244,5.255723431556813,46254.96825625012,7.192217183113097,-0.4572465297248918,33.438121970085106,0.10444437803002268
PQ442268.1,algae,230,256.5652173913044,5.8593082602021935,1.7570126911501147,5.9556254613232325,7.362928070224407,4.120507194299984,5.67621025863328,2.118543998593195,6.510028330754757,7.798441344986306,8.167115239826108,3.4046735465400375,5.1529618809466475,4.340924065893268,3.372015373532659,5.038607347573738,5.811142593203019,5.771381993526502,6.543971001862741,1.0696933052252247,4.168908041702585,28987.74117565221,7.0049307267562195,-0.39846071277686135,39.23918551246683,0.09359108541227794
KX857749.1,algae,355,277.6901408450704,6.181092344182252,1.4696282458306458,5.870931581374818,5.903206568796701,4.941534149453664,5.696774557487421,1.8412497625042559,7.279402412214944,8.5050638936147,7.531924313329838,2.944824736229088,5.442150995314081,4.776966969295306,2.819732451348054,4.291081652370216,6.455603812929534,6.156829049033838,6.90226626326394,1.0650818085887155,3.924654432837988,31087.748277183135,7.562844946955292,-0.2935479519590932,37.193611701186065,0.09931270390880369
JX997187.1,algae,316,261.75632911392404,7.668130498417809,1.5538727739879485,5.862179962867304,5.825754630468732,4.7702033755397775,6.098810780333715,1.9149573009579337,6.006770064079541,7.56609311151353,7.423207414378685,3.1259639300751725,4.793188117211414,4.72599730951696,2.9953939559834675,4.680470523547596,6.639611775141328,6.095664812684099,7.415917094644222,1.1113665792078493,3.726445989442919,29182.667937341812,7.376137648956685,-0.2692121367942717,37.62743838546735,0.09608015944190545
JX997186.1,algae,337,274.90207715133533,7.5867038763562675,1.5469407841554337,5.871620549488629,5.576770654255948,4.7367791505413,6.212995878792514,1.8427432516273317,5.963484021241501,7.601727238732848,7.2956693264043375,3.145622903161449,5.002036539545586,4.832909211587441,2.965713125594132,4.713534720439448,6.832150314322327,6.157280454309174,7.332025031708685,1.089740978894009,3.6935519888416355,30503.27475133535,7.491869813256872,-0.28370157300916077,37.40927892113562,0.09520072118276944
JX997185.1,algae,327,269.6727828746177,7.592854292725232,1.5688079941913975,5.802339853780452,5.68761773818647,4.713745105492504,6.151248578017143,1.903730945176687,5.966912627728153,7.728021696215504,7.3006482823335,3.087119257561667,4.8076004755963595,4.853639911253556,3.003142384978188,4.802173847755308,6.760298925761438,6.105747466443667,7.385461896372508,1.100067230776367,3.6788214896538967,30036.296692660595,7.549619376622937,-0.2880889077964235,37.87770764870574,0.09492633825922767
JX997184.1,algae,336,268.1190476190476,7.314873934512694,1.5002877997976252,5.940504631305871,5.735210725919459,4.497369752269383,6.137865642388276,1.9731491524321814,6.2949641560396925,8.17982016117684,7.465105366575585,3.1761133826148162,5.146652461470607,4.7006883415900935,2.9134206091493873,4.563239553949741,6.87522576412362,5.873362691589427,6.941085159316554,1.1417850787019423,3.6292756350762043,29872.457886904805,7.554354795955476,-0.31766620322712197,37.51488008375147,0.0926843046604753
JX997183.1,algae,366,282.7158469945355,5.39814713517603,1.5260747499258112,6.371045972222597,6.020895743987921,4.800171205525016,5.421308055911999,2.1098144528122473,7.853040262213454,8.470922248014096,7.092228878844044,3.089185536902447,5.743006138614824,4.29417084588756,2.741331776744709,4.675805913208766,6.7128046942721395,6.10264779225261,6.423411793999602,1.115121381009992,4.038865422474134,32005.554726775994,7.505861874356295,-0.36722272346011275,38.353578170547216,0.09954158009009142
JX997182.1,algae,363,285.7961432506887,5.390301768959514,1.6051342578526506,6.37824729378986,5.934532700534703,4.858373801033192,5.516128995438363,2.131925208361256,7.758231304775639,8.368063376119505,7.322262438349177,3.0758186035496258,5.7035183389397455,4.238376477675093,2.661521213448638,4.7389084722072,6.7170558029739,5.990600890820748,6.446917263477928,1.139402436646488,4.024679355046776,32308.0850374656,7.525492020809289,-0.3499095749278106,38.07604974307687,0.10022455592726456
JX997181.1,algae,338,280.11242603550295,7.142683146939908,1.4688462377481235,5.753709344510368,5.79684827837647,4.516091453579394,6.0344527364780225,1.9523236225470433,6.352670020157338,8.44333740169668,7.248907057732853,3.2095499930189546,5.160038059095315,4.713665579040035,2.9180566083302426,4.596175214351618,6.9795390966878745,5.981414096997618,6.778553244597817,1.1573520002898183,3.795786807824504,31272.329422189392,7.751733206574029,-0.34386997903155686,38.42295923662469,0.09469230261693715
JX997180.1,algae,349,266.06590257879657,7.387614126629453,1.6358315204689593,5.830576631832039,5.84089502304764,4.674863152348835,6.197337642488642,1.979859633063985,5.957301592046294,7.91253446124458,7.06749432154332,3.0848927337199274,5.024669248521768,4.756434432433212,2.9303174608665845,4.961745985128412,6.739632489783405,6.119830922392281,7.0930610716041675,1.1440208861273329,3.661086664709164,29742.294879083125,7.654334567816005,-0.33975356344140556,38.284936329471584,0.0947997070318533
JX997179.1,algae,342,279.0,5.803337144969142,1.4652181065643386,6.009347446733516,5.847027960025012,4.691250711008443,5.755684023414155,1.87111377663088,7.273242774965908,8.857105297012046,7.114780796580173,3.0562302121514273,5.828799581236488,4.691360260833246,2.7732328423036035,4.3778684091245506,6.565429307967178,6.155305120628322,6.78837952659468,1.0605032843706483,4.014783416886241,31360.45447573103,7.6287087022212505,-0.36049943398754003,37.26943830738856,0.09766537412265335
JX997178.1,algae,321,268.44236760124613,7.66397939256893,1.5654272240542968,5.918434525715026,5.679560856767457,4.743925037861921,6.233686256110497,1.9246348730074974,5.918974570612199,7.693001806998491,7.398979285404775,3.05444101491211,4.828086066954928,4.811007696321021,2.9976355217454467,4.729887960908271,6.621961021589706,6.122561759506054,7.268931886970877,1.1530753068948034,3.671807935095695,29857.78211339567,7.507197432354603,-0.2893843104278196,37.69213256709361,0.09568808279852418
JX997177.1,algae,339,272.89970501474926,7.545533464604745,1.5505507709366086,5.811010583919405,5.6977364007054225,4.771396007177865,6.000638665613058,1.9684576269122405,6.024672127555227,7.828646657885454,7.268892796213228,3.1153809393217498,5.021151868197943,4.67927509096579,2.9896979264060626,4.744094095386864,6.634289672626987,6.204978722233458,7.262294113384408,1.1427106268028286,3.7385918431506595,30449.31094011804,7.587867521325395,-0.29952497699825426,37.23158761585869,0.09652698477131355
JX997176.1,algae,331,274.90634441087616,7.380680547862964,1.438955594326397,6.257018569315607,5.913270715423925,4.896013565810381,5.758672489885089,1.9203575077404105,6.7855186809981625,8.188374735589777,7.334346352607992,3.084857516111391,4.911137590125603,4.483429870521222,2.6073987825835068,4.892198399649925,6.80823191392705,5.82578338130422,6.992733227339719,1.087294633277328,3.433725925599334,30721.709523867117,7.53922653947352,-0.2922207665705671,37.30104939526821,0.09417034124687042
JX997175.1,algae,310,267.43225806451613,7.6816732832835966,1.5884430115522585,5.9585426551367915,5.76462788409432,4.808646798989969,6.106752496411344,1.9019887069382313,5.924193377123651,7.606574762102411,7.361682790231448,3.0910137611407063,4.7213623928448705,4.806100271968194,2.959267983101188,4.747083030755264,6.575235185178694,6.083394237251075,7.505284670422811,1.15205504246549,3.656077659007684,29779.94254161295,7.412021862153083,-0.2717724128093971,37.56760092260915,0.09616779500463143
JX997174.1,algae,335,276.46268656716416,7.946693218453331,1.5734752432901142,5.911490327333628,5.622718312342248,4.805939582354939,6.301611168112365,1.7864381789987718,5.792378642971934,7.668104262490981,7.359830580199766,2.995086077136314,5.030749909581985,4.697254276086896,2.855829450116376,4.763890200289603,6.517037732075856,6.222181271869575,7.52482794708107,1.073169299214441,3.5512943199998075,30605.147211343326,7.437439523383754,-0.27198048311402645,36.54668638905618,0.09430403201569187
JX997173.1,algae,360,262.2,5.971366806455762,1.462780828626377,6.010678253803504,5.9039911089295805,4.695487566007618,5.76824254621064,1.816188775112205,7.176802136576445,8.77277194787579,7.0881505308046595,3.040813248808215,5.733248750199842,4.771719592868474,2.8486541148455102,4.48439342345769,6.509233267905095,6.0231892952647765,6.791392769436715,1.075075785511865,4.055819251299235,29501.788080000028,7.6047566986084,-0.3646443465756254,38.19722595739767,0.09826382602818717
JX997172.1,algae,357,283.1932773109244,5.376012082789564,1.6018887205721293,6.365850761874748,5.90907287160184,4.8445479413208075,5.533180978324735,2.130052734485983,7.907837477212496,8.266133188064057,7.2035138585347775,3.1628815950006484,5.795005257769824,4.326413783447927,2.699485949055318,4.627853178325464,6.71940976127478,6.057567536544056,6.437310022203237,1.1162464349881633,3.919735866609448,31996.46817787119,7.445261011738069,-0.3417294115506146,37.939039312065134,0.0988053024291842
JX997171.1,algae,313,263.555910543131,5.73196717175146,1.4670957744973154,5.990821541951643,5.835560344894852,4.735768881797015,5.652320226488153,1.850348093469152,7.072746139968034,9.18684390639021,7.107935828974383,3.0186662409141563,5.654509748643982,4.868469360353354,2.824789390622327,4.429205194090091,6.545752338926955,6.103725320390666,6.815889554029851,1.0628807454416234,4.044704196404775,29769.548226198116,7.721856421936815,-0.3808035990857404,37.605135721278344,0.09843353823643415
JX997170.1,algae,366,283.38524590163934,5.3787422074587745,1.5615780610292072,6.378011185518258,5.954864112207143,4.787702750559024,5.394029415513254,2.149159527893734,7.83849754439811,8.507192855102078,7.2049178315093085,3.0679097838577487,5.812062705244843,4.394905855603136,2.692919267250956,4.691415253364051,6.6867371574709775,6.044481878525966,6.325285662352116,1.1203167815902926,4.00927016355102,32096.680719398948,7.508940242287889,-0.370511522939338,38.458307783436055,0.09917289695700338
JX997169.1,algae,339,280.0147492625369,5.751267620940044,1.5293289812138005,6.046583284204712,5.928796888311368,4.661264385652251,5.713886383895369,1.8806457722193632,7.299919125961466,8.832498381430412,7.143411615765651,2.998775475378176,5.783650803316257,4.7715251646580725,2.767888634700102,4.40105391685547,6.541836852478745,6.076861077681993,6.734726702847532,1.0638981951014335,4.072180737387781,31531.065915929237,7.595455596721277,-0.3656711159649346,37.33370407379403,0.09797343318141465
JX997168.1,algae,342,270.4561403508772,7.457886505743404,1.546840637003046,5.803173454646219,5.633075990793543,4.736666794488647,6.157707602787091,1.947366483797734,6.092235571217439,7.685041756944351,7.329301900854727,3.0716706517364427,4.967728313075877,4.864644792884349,2.8817675713308915,4.858779569829223,6.731213527976335,6.176332929732243,7.292368488961154,1.1014770913315355,3.6647203648657474,30126.10021228074,7.614803052087973,-0.28993743245300885,37.316624913408695,0.09502864250685929
JX997167.1,algae,337,256.0593471810089,7.129119996968151,1.5058249169281364,5.964570222535007,5.7454181475903505,4.570532639333462,6.0600264315773185,1.9225134384097011,6.329293316063782,8.372689895638805,7.427400522074073,3.293445482886462,5.0317809438331675,4.760040713443543,2.856307293729178,4.450146553618838,6.8619154167492376,5.981037072363198,6.971743356546042,1.123249628804774,3.642944010906773,28635.1370492582,7.5789430539049105,-0.31248266994248586,37.42321459058501,0.09336726279045009
JX997166.1,algae,329,268.5744680851064,7.38625519768856,1.4624608995097221,5.958771620612628,5.654422874837226,4.58694817703871,6.101578919171738,1.8946273822477384,6.354035505218709,8.144487553847037,7.579690793252276,3.2091495121208586,5.066226060485009,4.6516513798817725,2.860743080386236,4.3660796487222795,6.9137190744399035,6.012891685387885,7.059527576966356,1.1146276590533797,3.622105399131974,29834.69508024321,7.475848959716983,-0.28261164171939646,36.973836269253084,0.09323681235224063
JX997165.1,algae,332,274.0090361445783,6.015764921779229,1.373351187689249,5.871679893552616,5.7297744847064,4.758599256733166,5.7779063379093465,1.8523040455272999,7.2709684276588815,8.660306822972556,7.203716703300722,3.0390320364542553,5.765209620674569,4.782994829441077,2.8386493451884447,4.341828648330833,6.508345207787307,6.173074059285979,6.964764886888275,1.0623160972647498,4.009413186855039,30766.552389457866,7.584620330994388,-0.3291401153916535,37.34388957967824,0.09830328540852953
JX997164.1,algae,338,283.3905325443787,7.074062099280075,1.485674760091233,5.842589338697839,5.559944259618778,4.577609681631378,5.920780092313002,1.8824419454423404,6.333476720198212,8.177169872341851,7.515534108265239,3.2368490635492635,5.222558057807134,4.8079956781076945,2.902848312384216,4.490603840230395,7.0519254074082705,6.052892572953292,7.1227952045074465,1.1001815743667118,3.6420674108056303,31496.58307544382,7.651239383855515,-0.29744571478757353,37.57454220997882,0.0931985866680372
JX997163.1,algae,331,285.4894259818731,7.044871106040253,1.5245335820109542,5.844855083381123,5.523987157733287,4.7197385257653375,5.987697737407973,1.7894059158709748,6.519588911997332,7.946963095813186,7.535778205474324,3.1874451328979463,5.234280682054083,4.854895374505199,2.8681662865081132,4.55831015893226,6.909171706584651,6.095970051484895,7.213631016214879,1.0891265157132175,3.5515837536100117,31682.340164652607,7.557980855498068,-0.2690099066939362,37.548666655375364,0.09360448795088566
JX997162.1,algae,327,276.0764525993884,6.101894840875536,1.4170447603314176,5.897534684430276,5.801808541194717,4.713108272850567,5.820031222695196,1.8167194390112904,7.280206866523329,8.533915835055897,7.129724895252833,3.0405675302994757,5.775518933664536,4.710174600345857,2.853183121418741,4.4014920514214975,6.604810969587128,6.144363194531508,6.857855172812317,1.0641580277580873,4.035887039939794,30998.034588990864,7.585715304383444,-0.33547555600724455,37.74937090538906,0.09813153340548449
JX997161.1,algae,324,288.0216049382716,7.273872299211094,1.4729799864029278,5.8618685704091105,5.698466438181219,4.707694825889825,6.034324908707276,1.921157551298086,6.405602936960829,8.001110603554018,7.398995364174156,3.2485848864390703,5.249290974906241,4.730538544084364,2.857034741131668,4.409829136628819,6.952814704561371,5.968124579861248,7.030193037872664,1.1319745274555748,3.645541382270436,31964.203441666716,7.526532866631026,-0.28912607383710787,37.07041598943548,0.09485210735615836
JX997160.1,algae,335,279.5074626865672,6.929152822444936,1.4481079821934244,5.913283593011237,5.550498789608637,4.856384036286255,5.99558056936813,1.7973132230134565,6.642202459401934,7.973175361654657,7.567099859598037,3.2616319293081837,5.055468136040592,4.798782167130085,2.770222400509717,4.57809843433623,6.931194130970742,6.0663399749237215,7.163295365060763,1.0974750680447227,3.6046936970945365,31134.761368059735,7.560793079547028,-0.25884438675338683,37.50127859965743,0.09558552801425514
JX997159.1,algae,332,286.18674698795184,7.043922022112044,1.5214719645282917,5.891844897550421,5.591197479654715,4.651692355286237,5.9157028208695035,1.8598581919045742,6.375492836673096,8.088780373133602,7.551955106459058,3.201706399841492,5.207747647096292,4.769158776114892,2.8930761199147974,4.5277996107708045,7.092404025707954,6.018770865450265,7.04351163689742,1.0966039914041592,3.657302878630381,31836.345553614497,7.641303332455187,-0.294812384033723,37.438063271243564,0.09405599225320777
JX997158.1,algae,318,269.61006289308176,7.769612222526407,1.6933436657538183,5.908544549940216,5.779991008057337,4.800390700382425,6.06658684774692,1.8800938895264891,5.886455870605485,7.407037254617395,7.560549497615704,3.0445817529095867,4.793823274589021,4.794744192430898,2.8990618935359542,4.721655617993844,6.527984641780588,6.07961136551201,7.600143258655665,1.1418520627484734,3.643936433071764,29975.187717295637,7.364000260455054,-0.2474309224608252,37.41089937680868,0.09586179196202663
JX997157.1,algae,347,279.4870317002882,7.0413511133687,1.5235221861076895,5.864279371533691,5.775271303467205,4.615564695341008,6.049386310631172,1.9463848822004388,6.34827507217541,8.202960948003184,7.361818523230732,3.254175409347309,5.1402425330611115,4.637058625884039,2.8237992912252183,4.518957578618022,6.931387534131157,5.994702483832762,7.0769333640485375,1.1452960225968642,3.7486327511957476,31136.630480403495,7.611669661881944,-0.3079728102396907,37.633332344231896,0.0950949346913362
JX997156.1,algae,328,275.4634146341463,7.641448662618032,1.5452582009893976,5.878179578159189,5.662328287785254,4.75326801411401,6.132065908199866,1.9097405629361826,5.936673028040801,7.757289432885332,7.230639608583995,3.1318552478713784,4.862908659616829,4.926549667171406,2.996509774501514,4.7601638232174786,6.594312917354151,6.166538790827617,7.337487765053029,1.110120606454935,3.6666614636196035,30556.133546036624,7.532160179789474,-0.2949184335339246,37.51344290690603,0.09530050084188547
JX997155.1,algae,330,260.1878787878788,7.473588319967552,1.575713221204118,5.845268347457479,5.608331858094326,4.738274986383235,6.220575729588723,1.9212313571625241,5.97812030068118,7.76735821654529,7.261050504286788,3.103449503847634,4.8437449879226735,4.840642192711294,3.0125314726473227,4.71613362368925,6.904610308059736,6.071069491009629,7.176900079011604,1.217182627232217,3.724222872497425,29021.230060303064,7.6166757687655355,-0.29999476165219074,37.9824512154533,0.09679680486112878
JX997154.1,algae,338,283.7573964497041,7.018841769979117,1.4868660233076845,5.875153437374107,5.674659323027579,4.703478085451918,5.948523670509928,1.8965218958210572,6.461882102346042,8.26451231201566,7.4588999897001,3.182787543548895,5.250872745093977,4.680229795166236,2.8453066953283157,4.511446933895935,6.862824712550735,6.03171047476112,6.992643450249763,1.1561900587265093,3.6966489811453194,31626.96286923081,7.6626763755753196,-0.3042989383138371,37.15822727071695,0.09556317125323747
JX997153.1,algae,347,277.3688760806916,5.806369100213725,1.530758752371487,6.04814379451856,5.831710831907736,4.735790659987446,5.724619437307316,1.9199275820114496,7.237639163523077,8.722578137729572,7.185173993529637,3.035504132480013,5.724641411852994,4.663790248069855,2.796797802742851,4.376069059211288,6.555303065751867,6.211486566609564,6.784326298943238,1.0639319511121332,4.045438010126191,31204.471324495713,7.5764338023380855,-0.35146224772019746,37.22671461617568,0.09845160621225771
JF411744.1,algae,734,182.69618528610354,4.827113948674529,2.2898396342801135,4.349232092155722,4.6255054015897645,6.341488001793746,4.763541435552961,2.539333810876476,7.608049943717893,6.620487834466386,8.663775242198401,3.130800983776821,5.1389536330385495,4.6803501612153715,2.602360178904258,5.649502648330148,8.00315449424918,6.380924659454667,7.064390716348003,1.1068802660276977,3.6143149133493115,20685.546914850154,8.259978414426381,-0.08885557409321812,41.44309313335549,0.11062683181170754
DQ491003.2,algae,814,179.9189189189189,4.582150758251122,2.5216209650254364,4.8776357273632875,4.683259122426519,6.564419619500091,4.4717679389331,2.933768481082108,7.971032841021247,5.807455490943403,8.225220983724395,3.141512727668954,4.799125783641831,4.191717807217823,2.4320329925890145,6.67100505111872,9.068770909476724,5.837630137995385,6.630842813256918,0.9937130283733956,3.595316820390525,20480.75149213761,8.144484468877168,-0.12357712825577942,45.30152709764196,0.11153449468264011
EF101928.1,algae,860,169.20581395348836,7.153000173287824,2.539494755251592,4.061371940633503,4.210874652734723,5.002658401038732,5.789670486762138,2.672057186968887,5.161425564002664,4.917096191844349,8.851464085117778,3.3159295916316487,3.7415487545517845,5.672887306372058,2.822178900570305,7.278909911920631,8.917505636393896,6.489506869954329,7.186500169198929,1.4368793710587884,2.779040050705443,18883.899348720937,8.616247626459876,-0.13806227103554933,46.581341617144915,0.09218577822802963
DQ890022.1,algae,849,177.98704358068315,6.197155742694317,2.5842791011474744,3.9971227196799823,4.078145728818122,5.246937702554296,5.62051825317339,2.6346052182532063,6.279080868555443,5.421077773141204,9.780402882064566,3.576058650258697,4.201308476935654,5.238894459193497,2.8487757384966943,6.0211053322115555,8.979539501110871,6.3043693876272995,6.717474593266997,1.43797762336135,2.8351702474553826,19846.776955948182,8.409827285380189,-0.040773748788652905,44.519937154749094,0.09520085573371029
DQ491002.1,algae,886,178.5823927765237,4.447500772707935,2.4514818422973677,5.048815056342161,4.811895327696481,6.555929002747988,4.366893859309285,2.917481721647833,7.937952898694037,5.791696486912098,8.149989621154312,3.2919216622903593,4.721044843121398,4.05335570334976,2.5035392525269673,6.85713369012002,8.991447033759231,5.961970454331731,6.629163070478799,0.9945186797506596,3.5162690207615754,20372.680753160286,8.141541394046413,-0.1436537838237918,45.43476361744969,0.11066716703260225
DQ491001.1,algae,845,176.34082840236687,6.2422503579099065,2.5356241280158933,4.0355804097999775,4.092891959214046,5.419537919727913,5.602113588883305,2.690875770562745,6.205227570737919,5.308253861302718,9.740219311215988,3.6187656057971704,4.110355244541997,5.3523167734299735,2.7787450734990373,5.945052601920324,8.903083255777098,6.170803967010314,6.953903072666887,1.423504338453803,2.870895189532985,19666.826804260363,8.340753924352883,-0.021189107971143657,44.110513453727194,0.097139374477147
PQ067566.1,algae,357,253.52941176470588,7.254082097081318,1.5415173632661465,5.759102757241679,5.54157489183242,4.808169556762725,6.294289589185028,1.8265357646916645,6.097527441582891,7.840971956280127,7.323045734021618,2.948955349583631,5.099423044176693,4.72426731942602,2.832132915935901,4.8227732053996295,6.653743936051755,6.201521499713731,7.59841655403589,1.0904202007237556,3.7415288230073744,28241.444693837566,7.556290146750229,-0.2786914361950305,36.69856762282535,0.09640118580493855
PQ067565.1,algae,373,250.33243967828417,7.579984186345175,1.484134636695726,5.897034542309226,5.954159946916783,4.6550337490050895,5.895686828121901,1.9211962891704193,6.081788142461575,7.978588263002306,7.4453216281287835,3.131960129176055,4.667345995837013,4.563624075323732,2.9337776118117955,4.926362800905555,6.528356492503247,5.998573839326844,7.426187975279453,1.1631490456561142,3.7677338220232093,27933.579415281536,7.5640020176169065,-0.29353331343260447,37.39261651909214,0.09585916616684412
PQ067564.1,algae,377,248.48275862068965,7.542737936335275,1.5057761175665814,5.83716272741271,5.786691913456988,4.6869076201792375,5.923865974567644,1.8916446187775682,6.018854062266816,7.899251296528491,7.370794007753139,3.0692278759136262,4.694370938996029,4.598753461388993,2.962804458526861,5.035457968193358,6.638272761643191,6.213569696591399,7.481089536289171,1.1551964952946099,3.6875705323183112,27746.059988328943,7.609823430817703,-0.2941401684841562,37.15458316891344,0.09529674647792158
PQ067563.1,algae,365,259.65479452054797,7.655497554960005,1.5056835790314635,5.902797240695264,5.8835091408444775,4.739997568493299,5.86323720995375,1.900406999946151,5.9897001662861244,7.661315312879398,7.499358423562068,3.012141218064675,4.66279443573018,4.70211503306784,2.852274404445297,4.92588848058927,6.562009358895081,6.05204764097133,7.78306439396479,1.1118533632640122,3.7343084743555273,28906.760778630178,7.4924581381392805,-0.26212483109911844,37.08368353447932,0.09586159406112836
PQ067562.1,algae,406,276.69458128078816,7.4919731045948605,1.5131480737060878,5.864210689630797,5.806536395377774,4.76097525084856,6.089097787176642,1.8463088458773982,6.026220624550887,7.857655381535058,7.279356838423515,3.118346461736922,4.792974907027477,4.7406767514681025,2.904857552448622,4.86805596247271,6.678387232848511,6.147188831389035,7.378422867429393,1.0956870322057357,3.7399194092519124,30670.043121674906,7.595555158906383,-0.29470866386197464,37.98066637126753,0.09596581692306208
PQ067561.1,algae,382,259.6413612565445,7.4796141610575395,1.5127912039803424,5.817471045674677,5.972715986583782,4.672737650779524,6.09123765989767,1.9463655085775722,6.0638861651833045,7.830989705709835,7.370354926696501,3.1012742057872895,4.672509046335219,4.679024113914298,2.8922721869362142,4.906644098760215,6.525756417714118,6.042543095956429,7.507692248610353,1.189359511825755,3.7247610600193624,28959.520318324645,7.52755143130637,-0.2882893491775527,37.537130412355644,0.09586858222624642
PQ067560.1,algae,386,256.8238341968912,7.435882478502273,1.4374821492473178,5.795450902210292,5.8463505998708225,4.813710719721749,5.998926160505251,1.8504882426617915,6.015804753881777,7.735744095831648,7.365899515200871,3.0928270357198535,4.726341423860612,4.818889990128174,2.834833278465179,4.952183927559051,6.398555728380116,6.257175479734774,7.703976808998566,1.1230631077693694,3.7964136017505172,28552.142740414536,7.527475615980712,-0.27389667720358496,37.180687842401596,0.09733187429241637
PQ067559.1,algae,402,256.9726368159204,7.492363506503045,1.431695168516696,5.9059435761697605,6.024115436392748,4.661239898042784,5.990579163255089,1.9489493242670906,6.031671480560998,7.839225173300498,7.417516469719615,3.0598685244089436,4.678396512112335,4.5559219508441835,2.9442547803643593,5.010633809434653,6.593572132297979,6.144703131920086,7.432404319073722,1.1508787067300015,3.6860669360854135,28640.80995497516,7.46864819692735,-0.30405592229960327,37.19112019842081,0.09498185540858199
PQ067558.1,algae,380,255.75526315789475,7.484258897112586,1.5637726370808362,5.774548201845286,5.871412991410751,4.699048841245889,6.064124800040056,1.9266079397103992,6.070355980833691,7.780369783391339,7.461928073569684,3.1148671372198935,4.7096755637279495,4.568080134385894,2.8983213724730215,4.960334338901018,6.512999089701924,6.094567598725572,7.5427784900823,1.2064606188079225,3.69548750973399,28532.38634868425,7.554711642014353,-0.27511788410564725,37.29406113008093,0.096009969697878
PQ067557.1,algae,399,248.48621553884712,7.4744704396728086,1.491271929672544,5.84383752645658,5.938284235052152,4.724217121265169,5.81053046672362,1.916574607293213,5.9698519276433695,7.9540031555919,7.367649724627942,3.116051515391685,4.6288409143761555,4.740839304777832,2.918277267684741,4.954840440911156,6.546814874847186,6.18197832396532,7.4651980338453825,1.1720631014459697,3.784405088755273,27829.584238847146,7.557288495878826,-0.3000598123990024,37.341709106837314,0.09680685311466411
PQ067556.1,algae,408,261.82598039215685,7.341760644338158,1.521309960214446,5.870513418851244,5.889125365719521,4.656325807438749,5.996547244858483,2.0233844076768706,6.097498311530546,8.099149421255925,7.166662411676354,2.991695899992037,5.005774778072662,4.633307547870008,2.875435914810879,5.010291527476643,6.5906488149826234,6.091808263512357,7.1631305797131715,1.128529030422607,3.847100649586711,29272.449225245127,7.667281116223802,-0.34218814142811194,37.607892223972186,0.09631955487448066
PQ067555.1,algae,395,260.72405063291137,7.539186722214999,1.4905789069195738,5.779319139090584,5.831442537697885,4.679724178530397,5.983349445277323,1.9111162200731582,5.942448206502322,7.914687591626662,7.299494515809879,3.0904386211260397,4.774567947675251,4.674425559526976,2.912257664910595,4.956739284445524,6.684601132908083,6.1588785422158185,7.485006691193245,1.144499975287594,3.7472371169680914,29072.30183443042,7.595872971257077,-0.3007434195378191,37.200960309224705,0.09571461270786082
PQ067554.1,algae,395,258.28354430379744,7.2980563303055,1.5802681917810568,5.922599220958919,5.901082837728259,4.855043855941885,6.112864691710106,1.8765550952469858,6.0266156763339644,8.008990192646653,7.3293706053081555,3.002579836941668,4.984314147611244,4.581104049174415,2.8188127905861817,4.8167932222764955,6.368826648369328,6.2094561058366216,7.423182852534716,1.0914753251640492,3.7920083235438,28757.208590379767,7.581166399702242,-0.302030274217028,36.42466669775667,0.09738527504649733
PQ067553.1,algae,362,249.53867403314916,7.629108803062904,1.5017579136504648,5.860890700588058,5.990542408950026,4.652039965310968,5.936220893014173,1.9240318603568054,6.03659092267144,7.867222994373525,7.420513224489571,3.09610130819133,4.649268836574043,4.601463868499001,2.920855426454688,4.881969978804323,6.543654910891216,5.985513575501035,7.537732539276512,1.162535281736686,3.8019845876032314,27881.38658093926,7.511871732005757,-0.2851768194749999,37.150304632617456,0.09616559834650885
PQ067552.1,algae,371,249.83827493261455,7.569203726507789,1.5501546392337582,5.878400987599785,6.008219035613587,4.650172487755422,5.801136091136091,1.9796678038130784,5.970243976081089,7.905745963171748,7.38215214913901,3.174580453687485,4.592894372707469,4.770416143164796,2.89631806459168,4.997007834633473,6.527085206092673,6.016477395386262,7.469217407764954,1.107970192873806,3.752936069046045,27935.044414824835,7.5292731452181005,-0.29890479461499275,38.534868039636706,0.09511078749675272
PQ067551.1,algae,362,259.94198895027625,7.703341953180443,1.5287429180116017,5.865139473599411,5.845375463153008,4.720862193079759,5.902780259838841,1.896780055668326,6.032846267827183,7.704471508867949,7.47620136778218,2.9784012999953897,4.806390208819737,4.762557992464832,2.828071749455351,4.8920200763099,6.392027586939041,6.078468149716424,7.73287995452646,1.1204133748075693,3.732228145956591,28921.77284005528,7.51659097724198,-0.2644794919884275,36.43814839279183,0.09573503713843923
PQ067550.1,algae,403,263.54342431761785,7.294242486072683,1.537836658086223,5.93113064810453,5.879157753797448,4.6436788036096575,5.994914569136619,2.021144542245822,6.114850181513711,8.067878550597605,7.144195006709259,3.0085921149604595,5.000514911517864,4.643067862554729,2.892617481447756,5.03450093397906,6.618434423460184,6.110408610948421,7.069817808793913,1.12441728208015,3.8685993703839063,29466.303191811447,7.63471007287946,-0.3493882314908548,37.75222628040251,0.09636695456073713
PQ067549.1,algae,409,266.80929095354526,7.38795026062064,1.5219265780231621,5.772442388581403,6.0256484262193455,4.689501692634053,5.941019755196429,1.9646585949952136,6.075460997764999,7.908625810360213,7.333538351116258,3.0980928221756607,4.747179114671835,4.635530901138084,2.922106058756456,4.955630824175575,6.577716655409155,6.101731986826674,7.492252275403927,1.1707750009903248,3.6782115049405966,29737.67565452326,7.540951770791797,-0.2993413055173588,37.40340293188734,0.09538488198564975
PQ067548.1,algae,358,261.80167597765364,7.436427346381276,1.4577131806935255,5.806920768673925,5.788022608641605,4.831818697486183,6.1743313936515545,1.7931805558160634,6.060014126599293,7.847578270921164,7.418449119167162,3.036814394929629,4.817326256410102,4.707019476094326,2.801571264772052,4.818410157527453,6.335169019796645,6.256093869254573,7.763918138923509,1.1166317156915826,3.7325896385683786,29056.32847905031,7.525472219030285,-0.26183203322049275,35.92131266207664,0.09681040051746145
PQ067547.1,algae,358,275.3966480446927,7.668746488726074,1.5128833717368275,5.6893616480604035,5.824153299887907,4.7992213662377345,6.259117738183293,1.6916513344440984,5.89301985727156,7.774501825297219,7.451949019872503,2.9466461893758953,4.754333435340537,4.75363754200948,2.984546084854611,4.658986497460145,6.482430397424668,6.203021881155109,7.905547393649082,1.078042550154923,3.6682020788579313,30482.00276983243,7.516508707653876,-0.24797394679952034,36.1891571668214,0.09545465995250589
PQ067546.1,algae,367,247.55040871934605,7.469173247456305,1.5021410593641766,5.92164762209295,5.947899695105783,4.744669667570735,5.973482546325581,1.9643045644707338,6.090385402133385,7.84568783703551,7.551298922362744,3.102987757699928,4.690908248973165,4.59452033368123,2.862803524900552,4.967311878728028,6.479526071960653,6.067749009981303,7.400364419405862,1.1424063137907534,3.6807318769606217,27649.10390245235,7.49482501651026,-0.28639238204467665,37.25172565458207,0.09567807858322112
PQ067545.1,algae,310,272.258064516129,7.852583669084005,1.4838932280500943,5.796582813457384,5.694548778566938,4.81081036024613,6.032218562204637,1.8292130566686073,6.061042146170365,7.825152670883658,7.391038590413131,3.0024978921275682,4.840173165149335,4.7852059586586195,2.9029663434355553,4.743066791354273,6.531506979590116,6.145165258977393,7.542709266128555,1.0894189144971151,3.640205554336519,30196.169477741965,7.585417003016318,-0.26284695181104617,36.420798127699086,0.09540434829079765
PQ067544.1,algae,383,269.40992167101825,7.630100546952902,1.502155342229338,5.7854074515264555,5.862346557744853,4.8257800571318255,6.431058958372382,1.7313302607117702,5.868347076549769,7.7427513990047165,7.439336612357323,2.9268393336924574,4.722522289344651,4.65592334287213,2.9444300371928485,4.72284282335396,6.3912884012157765,6.1768906166275706,7.800357573580681,1.064628544527216,3.7756627750113787,29852.84612976505,7.4776571403284295,-0.2591524353842128,35.91359538626046,0.09666071376670421
PQ067543.1,algae,368,242.78532608695653,7.495103866444314,1.5031893709068769,5.816029454112564,5.749316750053765,4.602490775286255,5.971305742606441,1.9497860262453823,6.027578936345643,7.85752346038852,7.413024997439154,3.1883497840527326,4.782288630916716,4.665160250260034,2.947580256308535,4.859881058447864,6.734809139781347,5.967553505235035,7.4669720224220955,1.1567221711971498,3.8453338015495744,27098.524964945685,7.602118816583053,-0.28895389876060856,36.88926066960418,0.0960454674803298
PP681914.1,algae,347,267.2593659942363,6.123786977289857,1.4584978598077554,5.648950520922233,5.887462479212545,4.775572368482005,5.7272135326086815,1.8094713256147668,7.073297103314018,8.70277794372616,7.216615016132624,2.9819258911446482,5.582958107402932,4.906322826514734,2.786240910789471,4.661918399806877,6.670729335994948,6.144505443627424,6.836117140088991,1.0952295148529703,3.910407302666356,29911.05777031704,7.780914378647159,-0.34556403309255107,38.38480930009862,0.09781209186001333
PP681913.1,algae,415,272.0987951807229,6.1334884704616055,1.4524775416136164,5.863736720901923,5.955792157483472,4.967299301078372,5.6383300036688855,1.9101775644325676,7.23082126497052,8.482560531347024,7.420151039719022,2.858064397104772,5.490750207985086,4.789255325252764,2.7562094186592656,4.442148217634316,6.508038012029089,6.220416679222216,6.932117304499834,1.0291352318083533,3.919030610127296,30480.70287662654,7.601118415464837,-0.31056359313557585,37.46832138299487,0.0991546514301402
PP681912.1,algae,391,277.9309462915601,6.145034242312262,1.6069005630592859,5.836762739653648,5.894303182637598,4.914202193509035,5.608439709842306,1.9257287663795934,7.3028563697724005,8.60612405117534,7.459875913967388,2.8724348098958554,5.433974324997099,4.6076533859121565,2.715777353539396,4.506653468580388,6.461308375483407,6.159855879967651,6.911103298000406,1.0802935625400438,3.950717808774733,31179.01668235298,7.66212652211299,-0.30261061225869723,36.75543983426347,0.09945213564823813
PP681911.1,algae,322,274.35093167701865,6.209521796187253,1.4345358233238716,5.672468158039972,5.864644389789407,4.919402339346206,5.797958966588048,1.7846990373879053,7.203914138728123,8.445014690992814,7.612433906365215,2.920740451654992,5.591919649507512,4.717787748360292,2.839888066824958,4.383102550681431,6.5929433362567815,6.1396974425719995,6.869226081978903,1.1067354085304457,3.8933660168838706,30668.03648633544,7.586563578303556,-0.29476176957053757,37.53823647304639,0.09919503764760522
PP681910.1,algae,337,280.8635014836795,6.174392113338758,1.3719482718160363,5.882466950118223,5.910766478806947,4.881977170282886,5.788565376538164,1.8193414449421548,7.223490864088303,8.366172005154194,7.514740086410579,2.97103592667154,5.465808458113962,4.7792431123076575,2.818224382125666,4.295268371306582,6.483408720525352,6.266881050428912,6.991627471064544,1.075659088080604,3.9189826578789315,31352.62819584572,7.485806718707437,-0.29362795117169344,37.15467062608425,0.09876618916242422
PP681909.1,algae,397,278.42065491183877,6.176706839983358,1.5776252096692478,5.834674835242921,5.917527177547987,4.921220114351616,5.570081294372578,1.9307445845231432,7.334980532593656,8.558152105893004,7.46396680327472,2.8967029486928593,5.456677451090368,4.568290803907762,2.707541548433807,4.502402923593841,6.457872996628161,6.189435045970074,6.92688838912351,1.0587942542076934,3.9497141408996934,31229.16453073052,7.63569253734137,-0.29838501785893157,36.90474549320619,0.09929728509459003
PP681908.1,algae,352,274.2386363636364,6.080080906294287,1.4558776556167106,5.7204826131195805,5.962880190091002,4.853707382367992,5.744693126818453,1.8819397947637968,7.18115523304534,8.518201913242548,7.5195840496610264,2.9234253337995155,5.632098936647112,4.753184557570862,2.865039757104852,4.5936031728859446,6.354818630783158,6.125390231210986,6.773374786735784,1.061051937020942,3.9994097912201028,30726.58039318186,7.6485977790572415,-0.32908423786538527,37.610556259756095,0.09914169110609036
PP681907.1,algae,375,267.2026666666667,6.1432139606387395,1.5384973917983367,5.742929340817261,5.747070181540028,4.766335307833823,5.717056711131399,1.9453678147759468,7.19152906330443,8.448861332948324,7.604128943500834,2.87244863084669,5.516737040360572,4.740385615229679,2.805145974648172,4.637265232847764,6.478940383606724,6.263787597783535,6.81867785868064,1.0809850282488684,3.940636589458235,29981.780477066695,7.72754039255778,-0.31316538374430336,37.42551565278421,0.09787956925540929
PP681906.1,algae,351,268.1139601139601,6.053589185195183,1.4717090651893814,5.749722911034926,6.001998075210092,4.832072225278285,5.672758764398023,1.8863271647495066,7.215778181520335,8.604946545912314,7.437243636826123,2.9054235792440997,5.556419061203167,4.6805668764699755,2.8332214164512792,4.573448351685839,6.48505677005533,6.183803130292897,6.849753148601302,1.0454216122703133,3.9607402984116273,30095.86125783479,7.651693446819599,-0.32908050028255686,37.83850441841821,0.09838234135960228
PP681905.1,algae,391,271.153452685422,5.718249020417664,1.6133379864213775,6.091681081001893,6.08170055056674,4.876365446036635,5.552696798031832,2.066734114971044,7.256269565120796,8.496867376297304,7.233909235724343,2.952582903021324,5.584912586102099,4.480477576311305,2.6983478557563276,4.681898314529777,6.443187256352114,6.3170170117794795,6.71585053948592,1.150489802429219,3.9874249796428067,30535.554088235327,7.590258258809823,-0.35664955086120365,37.345729773370984,0.10014280228108662
PP681904.1,algae,413,277.0629539951574,5.794023805982359,1.6367572881574297,6.087215891455122,6.028758066606229,4.906441014196652,5.621912430299958,2.1261447595255385,7.319322175977223,8.37420256711389,7.300929025295052,2.920829768774998,5.509144520103098,4.500265110683337,2.6708638826560223,4.56916798498114,6.399019244106601,6.35073060627441,6.8488381561365355,1.1390351407400379,3.896398560934369,31174.36874842619,7.521486775118848,-0.32910265346907,36.74968959807281,0.09941874715871059
PP681903.1,algae,391,273.2762148337596,6.152626485219398,1.5106914122656083,5.683673992181558,5.944762461427022,4.891094569617496,5.799538667181366,1.872032320271962,7.181011616464625,8.452593986529774,7.338793560206983,2.896930663189781,5.430815506972469,4.768058526293955,2.8496563119205547,4.557151089440849,6.555838264522248,6.148317134291753,6.91804932668018,1.0989700165912413,3.949394088731176,30636.10523427113,7.67252728152458,-0.3145600163944076,37.78859830502199,0.09939458674939913
PP681902.1,algae,402,276.89800995024876,5.699811172587526,1.5474009615391267,6.0934137790363785,6.018666411922904,4.864153513075867,5.684005858975318,2.1211238768769287,7.340021299367352,8.442430293769517,7.279305440398082,2.9915444234725035,5.531912577915189,4.498962303076586,2.6839762912719944,4.520442059761307,6.502067943994202,6.269966011609097,6.7638778547332175,1.156122008647813,3.9907959179690926,31169.649811691575,7.547290876967397,-0.33962602357862187,36.92110447453689,0.10011071439692773
PP681901.1,algae,369,270.479674796748,6.1009101115089654,1.458591674605322,5.8975817907702845,5.806434317109375,4.871424977765954,5.766715080746362,1.90430409556025,7.345731012318708,8.497117579693896,7.502437861323437,2.934466692826534,5.5491584174971935,4.630180467213918,2.7892749974336843,4.470224372826765,6.545000547105201,5.902272329504338,6.936605668709347,1.0850853662749227,4.006482639205544,30190.844877235802,7.597172254340112,-0.30222293504561937,37.90489377650947,0.09962992983246423
PP681900.1,algae,419,275.04057279236275,5.688376567247814,1.5842742768091371,6.113570700049519,6.10580787631286,4.824360805875155,5.699394491041387,2.195099288264237,7.1594290409256,8.484265076671505,7.179016148023711,2.9490440036311742,5.54849855211453,4.414690138910967,2.781251230182806,4.676475515989492,6.466068841491209,6.286235417871816,6.692634440332498,1.181088161006008,3.9704194272485775,31032.872362052538,7.5834226016497555,-0.3730213301096167,37.2042258718213,0.0997586839412974
PP681899.1,algae,383,271.70496083550916,6.010365511124108,1.5554412187225324,5.725184655676444,6.007220511413375,4.836414778989492,5.6590384966554,2.000300947816818,7.186117918636097,8.653126544168131,7.3672859269733255,2.9726786107934737,5.560501515782939,4.646884742314334,2.860361587191846,4.556489738937595,6.4911288205466295,6.116219152222729,6.740299705994377,1.0812829568392672,3.973656659201087,30508.539161357738,7.667319750972578,-0.3396080746314452,37.953197766066246,0.09891354395029844
PP681898.1,algae,434,271.13824884792626,5.725326631436113,1.6464213135156998,6.102614738884249,6.21717630182172,4.864539091182114,5.635478643991556,2.197817714612502,7.24054479041492,8.56819164014564,7.165453639573246,2.87872664167621,5.491809164362913,4.328793705698441,2.6804579919672014,4.782081931430731,6.507506096949864,6.308966091959409,6.6214055853014,1.1362862260588402,3.900402059017229,30602.558052534594,7.61149179484987,-0.3745324913283322,37.2639307858053,0.09901227376258184
PP681897.1,algae,437,275.52402745995425,5.679785465308882,1.5957189193859151,6.092455642209817,6.121303002830105,4.810813046985002,5.685395401218051,2.225554893141635,7.3556483626134845,8.47822672254884,7.218600479648322,2.9095558293543724,5.506090260753055,4.458083400240032,2.687255692896749,4.6293119845626,6.437241638488346,6.297475342573851,6.659576093661524,1.1707033311813446,3.981204490398071,31077.48340663619,7.564301267314011,-0.3592528359782901,37.23428695977464,0.09962720868564418
PP681896.1,algae,405,271.00493827160494,6.188550597605269,1.5242137742036996,5.7592066536959905,5.917213682013809,4.83207690896244,5.656047358820707,1.9110286793478701,7.214436433296746,8.422184630101098,7.405237238729891,2.8619033490074712,5.519152560362171,4.814733745244797,2.7535584114059,4.605346591111891,6.539316259089389,6.150158940233098,6.94119247485867,1.0483213255247426,3.9361203863843515,30354.40322888893,7.6269858913657105,-0.31395602893286967,37.9847375762629,0.09816518620871534
PP681895.1,algae,420,273.2142857142857,5.814932563455802,1.5800296050569733,6.001898691059295,6.080003675032786,4.87527349879867,5.725964132634943,2.15585197597751,7.269259110790987,8.396610003444508,7.263448654457758,2.970581640890593,5.563212420308342,4.443430585469772,2.6808650754385597,4.6572422540887874,6.469342279132544,6.288494632773184,6.656853309792279,1.1511854150315433,3.955520476365162,30768.90647714289,7.602150844392322,-0.34916184817435797,37.20193573592746,0.09981979390195375
PP681894.1,algae,419,273.34606205250594,5.793393384480373,1.5804706276441096,6.298296873576261,6.027673481025291,4.9026214871800144,5.727943844309937,2.1187718862885405,7.286167357157179,8.270249063518454,7.334131840258149,2.9545229531905473,5.37090112448438,4.416012763361208,2.69690542831765,4.483104343471984,6.497711123733137,6.332416040961209,6.924141131939321,1.09022375717458,3.894341487927676,30711.07400859191,7.383518063766006,-0.3215866821723169,36.67949921556354,0.09887186732282269
PP681893.1,algae,368,276.7717391304348,6.105332511297903,1.4588096357181115,5.777017715847494,5.931897257409382,4.852679681043034,5.77849329057995,1.9032771470279197,7.290763742547922,8.371429500925542,7.6084080346095355,2.8655202246709353,5.604311418102476,4.646341707729863,2.7627598483575464,4.49899269879968,6.461881194730401,6.159979643408435,6.881695455734196,1.0379141453533998,4.002495146106274,30987.32685788048,7.560440533057503,-0.3032275965274058,37.60038711886637,0.09893088972502709
PP681892.1,algae,359,277.1364902506964,6.237673011804024,1.379273081412032,5.872817554852187,5.9107187415735085,4.868354417123665,5.731687499353419,1.8729112566327397,7.178326873868447,8.266852772003984,7.606745174708671,2.970206262566872,5.379587112973294,4.8121237449565255,2.825255833457711,4.360608882442155,6.381088842936193,6.284482693394719,7.07966150550121,1.061881625931451,3.9197431125071946,30951.235653203366,7.502103332158251,-0.284700913030165,37.19560250629145,0.09849979155562309
PP681891.1,algae,379,274.5646437994723,6.22286290515823,1.5194506534312382,5.652760390455343,5.90583566966521,4.964160912066408,5.749828959163452,1.8570346235841302,7.183967226483435,8.465733197219318,7.349236844605317,2.996102314061885,5.522748207819859,4.824936853508005,2.83593408487132,4.523585131432017,6.455984447924131,6.083311502533634,6.881676192420866,1.0984006402081397,3.9064492433880598,30735.14062295518,7.642181716053341,-0.30785340992682814,37.59854588905963,0.09969010795662607
PP681890.1,algae,395,265.3493670886076,5.875859056490936,1.6152866710575873,5.853082847533455,5.932493424783536,4.768754818299751,5.66519481429587,1.9986879267345397,7.3111176573434635,8.708848941836001,7.292210008472966,2.914563535968188,5.612929907805973,4.530929141533986,2.7986574337528394,4.577619158634503,6.5381377477937015,6.11676826525432,6.711724935265806,1.1101178551971775,4.0670158519454,29837.67974329117,7.724461361365983,-0.3465909090715797,38.178899589417,0.09945888525442328
PP681889.1,algae,392,279.4719387755102,6.156988953060003,1.4996768959417028,5.7666305989149205,5.801447773928029,4.762730966841336,5.830448252641544,1.907491478024122,7.338948421425053,8.328172497663346,7.412447914839508,2.918039061068199,5.775798527955963,4.525927682076682,2.727430983908317,4.470418104199373,6.501334991060479,6.1707129745912646,7.085409567165192,1.0561560524589841,3.963788302235984,31226.547283928612,7.595852847001989,-0.29485017010053893,37.68015490336012,0.09782675321536305
PP681888.1,algae,370,254.83783783783784,6.094752779678062,1.418155714983306,5.847503286753937,5.929892841326691,4.806659202902036,5.680886487376284,1.9391779400977744,7.364818274026204,8.588715017838114,7.461391702759476,2.9892993909635153,5.573118760297893,4.686676821189569,2.7931371777410092,4.482484735060088,6.491918839194635,5.951231471467287,6.841454483415915,1.0893080507273702,3.9694170222008336,28706.54391540544,7.638961394026473,-0.3176303706603671,38.07584334672934,0.09865384275830241
PP681887.1,algae,382,262.8455497382199,6.005478824813449,1.539784912414709,5.762503739995457,5.947244015887132,4.865368131689278,5.716999028131749,1.9910622275842862,7.334105300719832,8.663493877169469,7.41034255614168,2.957686812959065,5.596457909308891,4.502549669067809,2.78224273951773,4.523456661445963,6.493231784155408,6.02836416143024,6.756796864334994,1.1044512417774033,4.018379541455458,29527.964340575945,7.709764720257664,-0.32504086309960384,37.75346652274356,0.0998819891492214
PP681886.1,algae,398,268.035175879397,6.120942340543187,1.5199722345907447,5.786045719156919,5.953711410847501,4.8658546043582955,5.641406345112775,1.9491524653474221,7.2529264162626506,8.570888492441812,7.344241137711817,2.9001655260368757,5.497279411413836,4.759445181882168,2.777707624374709,4.575254734657697,6.414115749319092,6.213794467130575,6.850358079049329,1.0534659275045861,3.9532721322580096,30084.571465075413,7.681961249346709,-0.3247387723844073,37.37606936795553,0.0987259266412089
PP681885.1,algae,378,265.1005291005291,5.539868669144775,1.5876052651313801,6.128422296860747,5.819272075859547,4.95397924739325,5.444018764291758,1.8976701281104065,7.740839422230045,8.525673790610767,7.455754503358338,2.962531404910456,5.705870437558643,4.512174898195869,2.7438684744696262,4.378882119325724,6.408489349498265,6.259298792675331,6.842806181967175,1.059211857050689,4.033762321357208,29892.562928571453,7.471713577754914,-0.30175069086953427,37.756041896085854,0.10046953425801147
PP681884.1,algae,372,262.7096774193548,5.65759493121712,1.5186323464362368,6.092517529847293,5.856049903887402,4.933822653735922,5.45144570844974,1.8690583932339095,7.650763063517948,8.606590586777717,7.4976558103871715,2.9997000246038303,5.662528274100019,4.595424355552696,2.7646746180629176,4.369864929359906,6.336510942067378,6.253513052791997,6.762548777950194,1.069647182682422,4.051456915338183,29604.249701075307,7.485987561748874,-0.3091916411458712,37.95074524302109,0.10054926751756527
PP681883.1,algae,336,259.2113095238095,5.975094099897622,1.453680791716906,5.89589432722334,5.787757345324404,4.849292309411133,5.843459011045379,1.8216468315584198,7.308859316611428,8.53536927788918,7.277519464751971,2.9915319813704997,5.7571084708996345,4.924770330431773,2.826978598021994,4.16521051131212,6.424053989402618,6.285057298982473,6.863840011806356,1.0693007004296258,3.9435753319131197,29112.352925000036,7.524353638149442,-0.316186914061359,37.983008606833586,0.09862168341753878
PP681882.1,algae,361,265.8891966759003,5.723052713059822,1.5469395786811861,5.932012970891627,5.8978344020943725,4.79593911928817,5.589791898242296,1.9058747261235032,7.506567968492181,8.701168815758765,7.323567480153169,2.977375735728641,5.662331660521512,4.62821816608448,2.85380835149293,4.312547196621516,6.385150587382855,6.27090785793771,6.82308637425663,1.1266894941925338,4.037134902996097,29958.44036288093,7.567263344318253,-0.32531331134739083,37.497269347855,0.09959763516476802
PP681881.1,algae,353,262.20396600566573,5.630199034704902,1.5199019976878556,6.059638119583221,5.895282667998416,4.8714369166822005,5.476499659670898,1.8458254941710113,7.631213707329478,8.60804827760631,7.385947311105359,3.0030089853933926,5.7273431418794,4.616231515580241,2.8244577863515405,4.292772254508974,6.389049420407697,6.276479411186453,6.732703392715869,1.0975672875763154,4.116393617860466,29562.65162266292,7.468297402379195,-0.3202522927940123,37.741665654356304,0.10085397822118983
PP681880.1,algae,360,265.55833333333334,5.935496330688268,1.5277194560851626,5.745191398215949,5.784819397493678,4.707593965684036,5.890002083543311,1.861893168865867,7.249548567408568,8.657415536957394,7.235988703687521,2.946256643073138,5.737019260073209,4.627972590556786,2.8477486817129867,4.440970013714079,6.52526121358037,6.32168266942663,6.89000217622944,1.0618884783190423,4.005529664684562,29824.279370833363,7.653373627132838,-0.33337023861080695,37.839642361024175,0.0977501210868764
PP681879.1,algae,386,262.05699481865287,5.5858075856184355,1.592100892789842,6.004163396636697,5.856807610781434,4.907485224618747,5.6323116073535555,1.9044600535723446,7.531740400836881,8.497672552970654,7.296403321302666,2.8860231839385135,5.848383262272704,4.593190648040571,2.7863258410210214,4.450388955342804,6.422626352947393,6.292113767650005,6.788172732804138,1.0854686177116506,4.03835399178994,29552.340459844596,7.532524677138254,-0.3297961969234091,37.76508589040309,0.10031307834120336
PP681878.1,algae,332,263.51506024096386,5.984143082121236,1.5098289831691114,5.805429310646812,5.716898519137459,4.772721378170408,5.772988179024744,1.833650349244304,7.3192910488485525,8.764227420953182,7.31793152808893,3.000004971576814,5.632185856979375,4.749809241364267,2.8265954638744715,4.251680546348853,6.436170846491346,6.222879856084951,6.990179094109616,1.1154089745624465,3.977975349203122,29574.800923795214,7.637648872007807,-0.30990330177987063,37.26731488687288,0.09866105701935976
PP681877.1,algae,352,257.9744318181818,6.039379210816417,1.5088617832320177,5.802932432095805,5.699049715453591,4.792582454858931,6.003295341321243,1.8921584104164386,7.3241190858439005,8.54052909571007,7.183986683965822,2.935680587088289,5.7172028237408,4.500811058740439,2.81506426879869,4.364558206156334,6.562568218001885,6.358446841797576,6.901183311552573,1.039740895454431,4.0178495749547505,28963.93876846594,7.622560611638156,-0.3170319288162883,37.37125337843424,0.09850172925268112
PP681876.1,algae,360,282.525,5.721648749932112,1.495274156876955,5.971555530390805,5.750084827603395,4.8158428083532945,5.621476209007546,1.9280543400386931,7.4904436373650745,8.680988965134578,7.3631649595403434,2.9929170179296394,5.7914273080010945,4.550387791949033,2.795271763599961,4.289363506823053,6.486807556488161,6.2962512283086625,6.835627034893506,1.0640131870016722,4.05939942076242,31665.33133500003,7.59788357840644,-0.3216310650698193,37.52153752009005,0.09939255416117389
PP681875.1,algae,392,284.4158163265306,5.304297634056722,1.5836769798149022,6.366458969143499,5.874033484338948,4.941232132396832,5.3209335436843235,2.1647550615913893,7.868275598543375,8.225762214032354,7.293987394229559,3.111851509170153,5.870991020330573,4.22684539153475,2.7612571272994866,4.722478690560983,6.6594928813104275,6.136400310201236,6.492600931319449,1.0860088373100594,3.9886602891309795,32090.51514005105,7.456228583199636,-0.3434228970677172,38.76505684626505,0.1001590125883787
PP681874.1,algae,422,258.57109004739334,5.798444268032644,1.7140781148506545,5.964239635490575,6.044125753889296,4.724683810626244,5.589908808761128,2.0949041915792854,7.211703035058651,8.63703375453554,7.2647480568332705,2.8681452535519356,5.708986679280128,4.408061909161416,2.8207261342584373,4.746629809888715,6.515490553327017,6.0715279869838366,6.543021871010141,1.1575813008361975,4.115959072044887,29098.618965876813,7.701697302542591,-0.3783474373351951,38.13831931630883,0.09998224183507327
PP681873.1,algae,376,268.9255319148936,6.039070696489804,1.461628307215441,5.888705529033453,5.892029749111984,4.829359147893286,5.6612199754163814,1.9344564118132366,7.327888865059075,8.55282191415988,7.506575784561116,2.9053113216609225,5.51660397940868,4.735572198891548,2.8258238300156235,4.462165302218022,6.538468970858717,5.957020770287998,6.829845779352952,1.1036220472282505,4.031809419323631,30053.95930531918,7.593873381107411,-0.3178125066705115,37.90425799280795,0.09964790614445168
PP681872.1,algae,416,257.4567307692308,5.75895637886985,1.712107660892794,5.986038917406775,6.067906901837277,4.728977001313898,5.576142031249882,2.0997933548323187,7.201709713753891,8.699143156426492,7.231492406769633,2.8785484647420816,5.647244772729959,4.416543699433688,2.8505791487274337,4.72816433088626,6.543614163847798,6.09062191858697,6.5274356816937535,1.1636331755597595,4.091347120439485,28998.855533894268,7.701802626939919,-0.38355842105610594,38.2201264961528,0.09983957297313142
PP681871.1,algae,348,254.3132183908046,6.041785217871044,1.4231992277060719,5.899116609676778,5.943846476853371,4.858428096796397,5.628306048557634,1.8867881004208187,7.362251547330652,8.671192799212111,7.504049508722562,2.9995061407534394,5.525914718369861,4.636511648238843,2.7589764313942986,4.48507044561308,6.496781189911087,5.924885298384533,6.856077503975662,1.0867609451416005,4.010552045070157,28658.285166666697,7.638922896330383,-0.31515151484458737,37.96766928187025,0.09955741087008155
PP681870.1,algae,350,283.2542857142857,6.058789905183192,1.5026462735406696,5.858845346471433,5.872273015510841,4.8565292954168156,5.811828097550836,1.8957009278043189,7.231086288501647,8.493054808531214,7.397954596234857,2.881972085933362,5.62603662828099,4.659238841047564,2.7777782195598637,4.461668647895751,6.447273854983164,6.1939557668635485,6.90034320623247,1.0818049638801508,3.9912192305773058,31528.57677800004,7.614845344543457,-0.3180421911113934,36.997638790419074,0.09929553489874274
PP681869.1,algae,395,258.6481012658228,5.76783048103669,1.6549218117101674,5.956466938033271,6.147993088371102,4.680931583799737,5.624448149260059,2.06968276153594,7.212767665012684,8.858096206306852,7.181747328159868,2.8933466391292626,5.645093530231079,4.399022216613315,2.846230088810385,4.6977668372895875,6.513080864260009,6.092876689535909,6.50119688755665,1.1765771802798244,4.079923053067612,29122.3042602532,7.7199423956569255,-0.393447784685547,38.159712916591126,0.09937431817147171
PP681868.1,algae,345,264.9594202898551,6.10812266039934,1.4399482435113142,5.924967134851628,5.91703609155942,4.850236261412436,5.657194356299623,1.863041238024012,7.338546593564677,8.636319320523452,7.412791922805754,2.9845124531824885,5.517469596753411,4.708442578815021,2.8093529193361366,4.483822740356033,6.479022781293698,5.943160255051386,6.90487664446393,1.0712120381106711,3.949924169685569,29636.592440869612,7.6358485628210975,-0.31612000794208117,37.80146434473838,0.09871372469208677
PP681867.1,algae,417,270.3980815347722,6.026799327921761,1.509189230893198,5.972928739565524,6.0190231972480435,4.85568633094397,5.946877150957821,1.9402888012627095,7.444717304100227,8.469836313026144,7.441601875777173,2.8412700376565296,5.453511419890266,4.451600296226925,2.7356269784770255,4.726360795367874,6.488875447638695,5.9191847274233,6.7540931726106805,1.052700547700886,3.9498283053112506,30140.777860911316,7.604097063078298,-0.3229972084156815,37.78000905877543,0.0985821518395611
PP681866.1,algae,397,265.10831234256926,5.687200675533508,1.5870793841817932,5.92713720120075,5.835195811900423,4.85409294564537,5.492016687539273,1.9558053326859717,7.448154798538707,8.737824119960122,7.374862634069273,2.932244291192432,5.70094171502682,4.6361860257358085,2.771143266091384,4.413264305030124,6.334174811094939,6.358653198912198,6.787007777292673,1.0991082235023089,4.0679067948661185,29873.776385138575,7.634783692924441,-0.3301282977862439,37.450859331729156,0.10021107964013796
PP681865.1,algae,417,257.1822541966427,5.769820101717316,1.7222082518794395,5.973708626389783,6.079882637636709,4.7137364635441195,5.573489191138809,2.104767670930108,7.187155315821054,8.729494054876714,7.243258516807101,2.8687187956449556,5.679560883937632,4.396516290187234,2.858014752515045,4.746093004621314,6.519916327105189,6.045331207732015,6.510171593242954,1.177040368952701,4.10111594531981,28972.153393765024,7.7133018425042685,-0.38759533143172537,38.3132343056669,0.0999189277781663
PP681864.1,algae,399,255.64160401002508,5.768098021353068,1.6662118695736738,5.931580096239357,6.119528805399623,4.665975007923029,5.597202778023522,2.067612531960766,7.206185511066144,8.804499005841626,7.206266937207794,2.906353688619032,5.6766001357485045,4.408610632722456,2.836154633336465,4.776314065910916,6.525296817510215,6.051095939632252,6.5257852008398265,1.1680052977618574,4.092623023329875,28779.646338596525,7.7446030078974,-0.3918626465517545,38.36393847256663,0.09926603329014762
PP681863.1,algae,400,272.2875,5.7757906238465395,1.5862199266775334,5.949489541822671,5.887988143542959,4.820626466443227,5.471504851088334,1.9425478213998946,7.469324902703446,8.696072831810532,7.361651087402017,2.917095861052053,5.689699371945193,4.652486960876448,2.775409062694172,4.339695705725403,6.412010475580683,6.341762353074862,6.821984352951611,1.075025467989988,4.013614191372431,30656.415559000037,7.602167282104492,-0.3246438398540481,37.4304211090973,0.09909266125805648
PP681862.1,algae,401,267.6034912718205,5.702583236901677,1.6755397337572995,5.890613714472684,5.833584969079445,4.813886521145318,5.403291082839958,1.9831433080672143,7.42218924542674,8.77077628125083,7.371996919234048,2.885449427264135,5.619686942620009,4.65151704039242,2.794824984286328,4.375469016109763,6.4587151213700515,6.354009946891869,6.839761715158726,1.0955445426595407,4.057416251071937,30147.282291770607,7.652176555433773,-0.3265116333126182,37.59635957861249,0.09966847314876796
MT293425.1,protozoa,2,286.5,7.88962229556289,1.4008067473414008,4.061239457279061,4.721305463879721,5.088008800880088,8.674367436743674,1.7308397506417308,3.8522185551888524,4.286762009534287,4.862486248624863,2.741107444077741,2.4917491749174916,5.848918225155849,4.717638430509718,10.441877521085441,5.953428676200954,8.094976164283095,5.973597359735974,3.2966629996332966,3.8723872387238725,32738.316700000014,9.06906909942627,-0.5841620828749543,44.674380454712136,0.12257059039237257
MT293413.1,protozoa,2,369.5,3.95292331055429,1.2277904328018223,5.216780561883068,4.91951404707669,4.725132877752468,5.8473804100227795,1.7805618830675778,6.672361427486713,7.477980258162491,6.3473804100227795,2.3056188306757783,6.091875474563402,5.566818526955201,3.1556567957479116,6.311313591495823,7.652999240698557,6.503037205770691,6.697418375094912,1.4028094153378892,6.144646924829157,42562.51455000001,8.279227256774902,-0.5220656795747911,50.78386332574033,0.12272589217919515
KF757256.1,protozoa,3,786.0,8.34330273132961,2.1775351175873845,4.796881597261192,5.071758231254218,3.1985134885053945,7.357459983991109,3.274671958901091,5.016875361303328,3.5570943096302456,9.320071407858558,2.3035063876117694,4.332136141230511,4.584671104943882,2.953702407769677,6.665648693352414,7.299165537217468,6.549343917802182,7.7058412757243815,1.4781187214653884,4.013701625260198,87352.32110000044,7.506568082173665,-0.1748713496492207,42.55883690652505,0.0869033383523098
PQ212523.1,protozoa,2,1403.0,6.823831006086645,0.8833512352309345,5.085656999641962,4.147110633727175,4.7904618689581095,5.619735051915503,2.2744862155388472,5.941224489795918,2.968191908342284,9.764611528822055,2.194486215538847,4.525284640171859,6.128263515932689,3.6122878625134263,5.429717150017902,9.366845685642678,7.171614751163624,6.930497672753312,1.6855853920515576,4.656756176154673,157437.08144999994,7.059382247924804,-0.11198539205155743,42.377181525241895,0.1113280343716434
BK068258.1,protozoa,551,264.46098003629766,4.212226262051608,2.3044795778967133,4.540868739524081,7.276578928394108,6.76609092920096,5.418394133880304,1.5457216903283595,6.977994276886686,6.735727497906124,10.132362402483386,1.8316097433764622,4.925505502343487,4.204618076648371,4.270910597695747,5.1912595289038626,8.819652771795528,4.454350087760151,5.606277859020567,1.483038278482057,3.3023331154214346,30138.671299818547,6.994111061096192,-0.23602481360616775,42.15512388693184,0.11551462323104451
OR885871.1,protozoa,201,234.76616915422886,6.502820224471093,1.2916850658540926,6.474130190609586,6.868490006492963,4.128892474001123,6.450412360206261,2.1138874301660318,6.401616829292388,6.73043027878597,8.369153936363027,3.1329522514692996,4.791509412181474,3.79519155554108,3.926425514231585,5.109199708222029,6.068122750824724,5.697298618293145,7.107864521317636,1.3782456095302684,3.6616712621462235,26474.93597810949,6.454501901693012,-0.3380124288567353,37.943773520687834,0.09168809345677617
OR753423.1,protozoa,2,746.5,9.0330740768708,2.672570953927142,5.135057874240839,5.339298749024643,2.4741732379729813,6.955786165557366,3.880486726141034,4.954189634775605,3.9445816837646483,8.84051951974628,2.795097499847179,4.253999417482012,4.195657723936815,2.684257271586427,6.413001657659212,6.34297364645473,6.179724778229648,8.239483213054157,1.4063134881680528,4.259752681560429,83041.47395000036,7.383184623718263,-0.17630005789221978,41.17259207919378,0.08140239407701463
OR753422.1,protozoa,2,745.5,8.98629722159134,2.740555681732152,5.276705276705277,5.276705276705277,2.4774774774774775,7.091755621167387,3.821258233022939,4.761904761904762,4.016201075024604,8.78189113483231,2.606177606177606,4.129760012112953,4.135437958967371,2.6232114467408585,6.421757892346127,6.421757892346127,6.109470815353168,8.647513059277765,1.4081308198955256,4.266030736618972,82801.15035000036,7.374161148071291,-0.1700734347793171,40.26021273374223,0.08151639033991975
OR753421.1,protozoa,2,745.5,8.916269210386858,2.6118555530320235,5.212355212355212,5.276705276705277,2.4774774774774775,6.963055492467257,3.821258233022939,4.960632901809372,3.95185101067454,8.78189113483231,2.6705276705276706,4.1941100764630175,4.199788023317435,2.687561511090923,6.550458021046256,6.421757892346127,6.2438488909077146,8.384434855023091,1.4081308198955256,4.266030736618972,82947.82285000038,7.455133438110353,-0.18242486183662648,40.67074153985928,0.08151639033991975
OR192167.1,protozoa,2,807.0,8.45284780578898,2.564892623716153,4.603174603174603,5.57422969187675,2.746031746031746,6.921568627450981,2.99953314659197,5.815592903828199,3.3403361344537816,8.327264239028946,2.53828197945845,4.965452847805789,4.175536881419235,2.888422035480859,6.776844070961718,6.443510737628385,6.72829131652661,8.324929971988794,1.42250233426704,4.390756302521009,90048.81230000043,7.368079376220704,-0.15615966386554622,38.98840564892632,0.08559290382819795
OR192166.1,protozoa,2,807.5,8.48660218804503,2.785265049415993,4.9600972464457485,5.585064214364991,2.966280851963427,6.751757306696263,3.3745573701178584,6.270810210876803,3.7841551715025634,8.713862903652027,2.3558479995771893,4.533322763067491,4.424977538185085,2.370382115110195,6.4927857935627085,6.077902859256911,6.879921780032768,7.528671846096929,1.4217007557740078,4.236034036256012,90207.20970000047,7.201600646972656,-0.14118175572115638,39.11917842608751,0.08624015643993446
NC_076894.1,protozoa,2,290.5,7.538295038295038,1.685814185814186,4.8742923742923745,3.3091908091908095,4.004329004329004,8.920246420246421,2.3351648351648353,3.413253413253413,3.6172161172161172,6.905594405594406,2.256077256077256,2.3393273393273395,6.747419247419247,4.999167499167499,10.306360306360308,4.940892440892441,7.438394938394938,6.281218781218781,3.9002664002664,4.1874791874791875,33220.47960000001,8.905191040039064,-0.5349858474858475,45.706178404928394,0.12092074592074592
NC_076893.1,protozoa,2,283.0,6.342908798714343,1.0395741261550824,3.9410907995178786,5.47408597830454,4.78354760948172,7.9022699879469664,1.6974688629971877,4.211028525512254,4.730815588589795,4.948021293692246,2.7634089995982323,2.842507030936119,5.7113800723181996,3.1714543993571715,9.100040176777823,7.567044997991161,9.29087987143431,6.422006830052229,3.3622940940136603,4.69817195660908,32408.85450000001,8.603723907470702,-0.5543918240257135,43.29723684210526,0.1284401366010446
NC_076892.1,protozoa,2,286.5,7.88962229556289,1.4008067473414008,4.061239457279061,4.721305463879721,5.088008800880088,8.674367436743674,1.7308397506417308,3.8522185551888524,4.286762009534287,4.862486248624863,2.741107444077741,2.4917491749174916,5.848918225155849,4.717638430509718,10.441877521085441,5.953428676200954,8.094976164283095,5.973597359735974,3.2966629996332966,3.8723872387238725,32738.316700000014,9.06906909942627,-0.5841620828749543,44.674380454712136,0.12257059039237257
NC_076891.1,protozoa,2,301.0,7.812360353919027,1.1953704531236036,3.926847796943427,5.308785414246135,3.5492447939941014,8.185494682277238,0.7485029940119761,2.913575833407811,3.8486459915988918,7.549825721690946,2.616408973098579,4.106711949235857,7.098489587988203,3.885512556975601,10.610867816605595,6.875055858432389,4.93118241129681,6.8035570649745285,3.5514791312896596,4.4820806148896235,34303.66520000002,8.80448474884033,-0.5572291983197786,58.98222998033782,0.11582804540173386
NC_076890.1,protozoa,2,242.5,7.156876999127653,1.762867112532713,3.7892555975574296,5.493057574876417,4.236333236405932,5.334944751381215,1.5920325676068625,5.834726664728119,6.374491131142774,5.005997382960163,1.9800450712416402,5.670252980517592,4.183628961907531,4.571641465542308,5.2295362023844145,8.814335562663565,8.432683919744111,6.886994765920326,2.532531259086944,5.117766792672288,27664.906700000014,8.173944854736328,-0.45419362460017465,53.65343395609189,0.11886631288165164
NC_076889.1,protozoa,2,403.5,6.22520821907325,1.1826715814445876,7.155657309031541,4.977806971672003,4.4784638342920555,6.220106373480606,1.647896126423734,5.156690432764052,6.7500605844164125,6.804586559187786,2.222172620945627,7.077216433044654,3.7712204890119,2.5289210872032957,8.091208244582477,7.324337078938306,5.5775926941571115,5.320268357078174,1.336045814573422,6.1518691886790045,46609.49785000004,8.042289161682127,-0.6925165491116412,44.26839298241141,0.11966378837544482
NC_076888.1,protozoa,2,225.5,5.36490364903649,1.7558425584255843,4.340918409184091,4.707872078720787,4.342968429684297,6.192086920869208,1.9382943829438295,7.207872078720787,6.652316523165231,6.1900369003690034,2.2181221812218124,5.638581385813858,3.2359573595735958,4.8052480524805254,4.711972119721197,8.690036900369003,7.400574005740057,6.656416564165641,2.033620336203362,5.916359163591636,25878.094100000013,8.149520111083985,-0.36547252972529753,37.4709122591226,0.12292947929479293
NC_076887.1,protozoa,2,369.5,3.95292331055429,1.2277904328018223,5.216780561883068,4.91951404707669,4.725132877752468,5.8473804100227795,1.7805618830675778,6.672361427486713,7.477980258162491,6.3473804100227795,2.3056188306757783,6.091875474563402,5.566818526955201,3.1556567957479116,6.311313591495823,7.652999240698557,6.503037205770691,6.697418375094912,1.4028094153378892,6.144646924829157,42562.51455000001,8.279227256774902,-0.5220656795747911,50.78386332574033,0.12272589217919515
NC_076886.1,protozoa,2,236.0,7.437132156233281,0.8503401360544217,5.426889857066422,4.695024077046549,3.4453107085530843,4.68738057020561,1.9815791485133378,7.341588320721547,6.898264923947107,6.653672705037071,2.5949705724986627,4.339601008942903,5.300771994190935,3.267599174501261,5.862569746999924,9.921271879538333,4.288007337766567,7.954979744706872,1.803867614461515,5.249178323014599,26849.922450000013,8.446003913879395,-0.2959795154016661,51.60956775968816,0.10498356646029199
NC_036582.1,protozoa,253,327.15810276679844,3.3278980020782307,2.3224195783390074,6.113074950504915,5.639347902284323,4.428778491902102,3.8285347367803397,1.9526159723115797,10.494366694855714,8.514406373453568,9.188943710425082,2.740561533727856,7.425349585368706,2.956500089806858,1.9700062555274032,3.9023473561878577,7.6768581305327315,5.584076451874383,5.63636261691437,0.7068781373337919,5.590673429791182,37747.207364426926,7.405832178319395,-0.20029293081576816,38.73309686452596,0.10726330059027075
NC_013288.1,protozoa,230,249.0695652173913,5.953398322496065,1.7494865505418058,5.9449728018938615,7.272347220527039,4.159897572356848,5.84462332403757,2.2480674918997625,6.219793725762594,7.817928594328842,8.121765351445996,3.3295269757216306,4.920411322404074,4.3283506945345085,3.4727392928514003,5.2851538772402105,5.579774185724907,5.869332666586718,6.593264437773438,1.1635230658251505,4.125642526047575,28290.950478695697,7.1402410739401105,-0.4174250731718273,38.717922720153716,0.09449063164229572
NC_007346.1,protozoa,467,263.08565310492503,6.535039238987669,1.738661855530729,5.7835102538095695,5.294850877952839,3.922964043715197,4.92383426657968,2.5330565969238976,7.568849760279331,5.920051094948637,7.7068482885166185,3.405780907351642,5.52163734361088,5.017439916778279,3.0063290579086304,5.039999871383072,7.283636756991343,6.830889350890724,6.667638941722533,1.0936139464928964,4.205367629625829,29565.378981584625,7.193402831100039,-0.24638386874987517,43.00178385940628,0.09221945619833924
NC_000852.5,protozoa,734,182.69618528610354,4.827113948674529,2.2898396342801135,4.349232092155722,4.6255054015897645,6.341488001793746,4.763541435552961,2.539333810876476,7.608049943717893,6.620487834466386,8.663775242198401,3.130800983776821,5.1389536330385495,4.6803501612153715,2.602360178904258,5.649502648330148,8.00315449424918,6.380924659454667,7.064390716348003,1.1068802660276977,3.6143149133493115,20685.546914850154,8.259978414426381,-0.08885557409321812,41.44309313335549,0.11062683181170754
LC716008.1,protozoa,2,949.0,10.276840394950632,2.2314175013837554,5.227806345635367,4.252258646240648,2.288106843787384,5.538035424143411,2.832570035888371,4.804198582320067,4.221124145196136,8.331994215008839,3.3203438855857303,4.1750361561947615,5.296324566572036,3.706567929008874,5.748611780670274,7.538343421358045,7.1832538789794125,8.000562429696288,1.2066572035638403,3.81994661381613,104338.63275000066,7.4477857589721665,-0.1628636822182942,42.38834139036207,0.07314710661167353
MZ926706.1,protozoa,2,807.5,8.810316579461974,2.8143332804820043,5.044659373183236,5.377622747212092,2.7997991649489986,7.017335235981186,3.777548755351197,5.199249511125204,4.061624649859944,8.670260557053009,2.452301675387136,4.241319169177105,4.144865493367158,2.5659320331906343,6.56281380476719,6.229850430738333,6.3633000369959305,8.349188732096612,1.4217007557740078,4.0959780138470485,90002.96290000044,7.5114788055419925,-0.16442312774166265,41.165823687965855,0.08317477934570054
MZ926705.1,protozoa,2,807.5,8.684794672586015,2.758839384810528,5.044659373183236,5.377622747212092,2.7997991649489986,6.906347444638233,3.777548755351197,5.22567517573067,4.061624649859944,8.614766661381534,2.4668357909201415,4.296813064848581,4.144865493367158,2.621425928862111,6.56281380476719,6.28534432640981,6.377834152528936,8.47471063897257,1.4217007557740078,4.0959780138470485,90087.04780000044,7.5183769226074215,-0.16742772580730397,41.25706490143237,0.08317477934570054
MZ926704.1,protozoa,2,807.5,8.810316579461974,2.8143332804820043,5.044659373183236,5.377622747212092,2.7997991649489986,7.017335235981186,3.777548755351197,5.295703186935151,4.061624649859944,8.614766661381534,2.522329686591618,4.241319169177105,4.144865493367158,2.621425928862111,6.507319909095713,6.229850430738333,6.252312245652978,8.349188732096612,1.4217007557740078,4.0959780138470485,90010.00755000043,7.490816688537599,-0.1595290946567306,41.30381322340267,0.08317477934570054
MZ926701.1,protozoa,2,807.5,8.754822683790497,2.8143332804820043,5.1001532688547115,5.377622747212092,2.7997991649489986,7.017335235981186,3.777548755351197,5.170181280059193,4.061624649859944,8.614766661381534,2.522329686591618,4.241319169177105,4.144865493367158,2.5659320331906343,6.56281380476719,6.174356535066857,6.3633000369959305,8.419216743301094,1.4217007557740078,4.0959780138470485,90040.01370000043,7.490816688537599,-0.1660654827968923,41.195524813699166,0.08317477934570054
MZ926700.1,protozoa,2,802.0,8.75145563843515,2.6649985837031442,4.965222043873729,5.47084002140182,2.819689673622258,6.996821200390269,3.8570484373524687,5.3299971674062885,4.097976269159349,8.611399616026185,2.5949705724986627,4.206401661788311,4.1078903471500965,2.5241557297076134,6.4943505492084475,6.269631448084851,6.393478739810531,8.232776256570045,1.486796965977402,4.124099077833381,89516.42950000043,7.51189785003662,-0.166676895477292,41.16922811821368,0.08430585717433041
MZ466338.1,protozoa,2,807.5,8.824850694994979,2.758839384810528,5.1001532688547115,5.377622747212092,2.8552930606204745,6.906347444638233,3.6110670683367685,5.1001532688547115,4.006130754188468,8.559272765710057,2.577823582263094,4.241319169177105,4.144865493367158,2.676919824533587,6.673801596110142,6.174356535066857,6.293272025791449,8.544738650177052,1.4217007557740078,4.151471909518524,90137.64265000042,7.518247985839844,-0.1647468421330796,41.11697584694265,0.08428465725913006
MZ466337.1,protozoa,2,807.5,8.699328788119022,2.758839384810528,5.1001532688547115,5.377622747212092,2.7997991649489986,6.906347444638233,3.6110670683367685,5.170181280059193,4.006130754188468,8.614766661381534,2.577823582263094,4.241319169177105,4.144865493367158,2.621425928862111,6.729295491781619,6.229850430738333,6.3633000369959305,8.47471063897257,1.4217007557740078,4.151471909518524,90164.68880000044,7.537943077087402,-0.16773029966703656,42.02140875218022,0.0837297183024153
MZ593846.1,protozoa,2,828.5,6.419646165518783,0.6641748469324739,4.936243919940243,5.186651217776419,3.7530951694770707,6.032639701687419,2.039282920546044,7.5363333196096995,6.258123900883998,8.103609511654305,3.2390470701022807,6.815254406756733,4.634152438199537,5.521973497703252,4.373893532051547,6.139389964887103,6.443025355393095,6.441481446627809,1.7722602236168048,3.689721390635385,93502.2129500004,7.380860137939452,-0.33226247331243397,42.60001433629583,0.0921507678372926
MW978698.1,protozoa,2,1075.5,7.523755828840574,2.2361018123729988,5.4209685565617765,4.721360865428662,5.04113957503788,5.77539730082103,2.305401881673068,5.278404219082185,4.159031913269201,9.020314316924487,2.0988230733993447,5.562211494414885,6.433747959171688,4.4827748217578725,5.563532894041369,7.4465273617816,5.249039782938088,6.541662262001244,0.8382078297332535,4.301596250748793,120565.41035000037,6.628699684143066,-0.25130216592080945,48.30885060255844,0.10180943655519926
MW978697.1,protozoa,2,1072.5,8.380069618239036,1.6462140171531168,5.991166105503848,3.1522682895207264,4.4172419076654705,5.575990743760093,2.8371298584455333,6.482167201637521,3.4299358427853583,9.699653480322633,1.8577796024845696,6.130441871520562,6.9758202340775775,4.977880886807501,5.95634716399967,6.969632382696018,5.959883079074848,5.149323658022009,0.8400744899442505,3.57097956633966,119872.51925000054,7.722733306884766,-0.2592463688116575,43.0108836202665,0.08828295963949381
MW659706.1,protozoa,2,1433.0,6.92380804116447,0.8619630142486092,4.963197238222433,3.816234729243652,4.54603554368399,5.983104869435545,2.377772497480479,5.7224948858499864,3.1384630511196505,9.906183683335108,2.0117113352506273,4.803859715246312,6.401195167981734,3.5022027033301377,5.254696961006825,9.092535389371854,7.3948560800347405,6.950519062328447,1.724854632504964,4.624311399160433,160183.12499999994,7.318885612487794,-0.12187982225426816,40.705269909679814,0.10895201575349386
MW659707.1,protozoa,2,1403.0,6.899840119187024,0.8862920508735789,4.914446756460528,4.079641747053909,4.644759593569482,5.664670030332959,2.281804202795522,5.691393707510938,3.1384321071576213,9.849246173209789,2.0403109517492046,4.514081677013083,6.067485500891655,3.6505926775394846,5.393022554552913,9.66610105874193,7.24822807894526,6.980011150720962,1.690942835546469,4.698697026147691,156742.19799999997,7.260252952575684,-0.12404756180318803,42.9335160979167,0.11034399455263641
MW659705.1,protozoa,2,1403.0,6.904203365556749,0.8833512352309345,5.139362692445399,3.9863659147869672,4.7100895094880055,5.7001074113856065,2.2744862155388472,5.646401718582169,3.1556032939491585,9.9790619405657,2.0337414965986396,4.418245614035088,6.047891156462585,3.638954529180093,5.3763838166845686,9.554257071249552,7.1445757250268525,7.037909058360186,1.6855853920515576,4.683422842821339,157200.25434999997,7.1873123168945305,-0.11549175796634442,41.60662670963144,0.11079097744360902
MW659704.1,protozoa,2,1403.0,6.806244830438379,0.8845119933829612,4.7437620623104495,4.045526606010477,4.635890543148608,5.734422387648195,2.3580093741384065,5.734422387648195,3.133271298593879,9.99259029500965,2.036462641301351,4.584884201819685,6.0559691204852495,3.643851668045216,5.383753791011856,9.647435897435898,7.234629170113041,6.966845878136201,1.6878618693134821,4.689653984008823,156967.57549999992,7.380462455749512,-0.11586710780259166,42.271195909153796,0.11013406396470912
MT293429.1,protozoa,2,290.5,7.538295038295038,1.685814185814186,4.8742923742923745,3.3091908091908095,4.004329004329004,8.920246420246421,2.3351648351648353,3.413253413253413,3.6172161172161172,6.905594405594406,2.256077256077256,2.3393273393273395,6.747419247419247,4.999167499167499,10.306360306360308,4.940892440892441,7.438394938394938,6.281218781218781,3.9002664002664,4.1874791874791875,33220.47960000001,8.905191040039064,-0.5349858474858475,45.706178404928394,0.12092074592074592
MT293428.1,protozoa,2,278.0,6.674172601591956,1.013301214914118,4.697318810222036,4.053204859656472,5.3361960620025135,6.80247172182656,3.2415165479681605,3.0346669459572686,5.4985337243401755,6.394009216589862,2.4245915374947633,3.314830330959363,5.8232090490155,5.906996229576874,7.923125261834939,4.809907834101383,8.331587767071639,5.621596145789694,4.210305823209049,4.888458315877671,32471.398200000025,8.357676124572752,-0.6657807917888563,47.0978702346041,0.14434960201089234
MT293427.1,protozoa,2,278.0,6.674172601591956,1.013301214914118,4.697318810222036,4.053204859656472,5.3361960620025135,6.80247172182656,3.4431294511939674,3.0346669459572686,5.4985337243401755,6.394009216589862,2.4245915374947633,3.4771679932970256,5.8232090490155,5.906996229576874,7.923125261834939,4.809907834101383,8.169250104733976,5.621596145789694,4.210305823209049,4.686845412651865,32464.880600000022,8.383818054199217,-0.6741568914956011,47.4440422077922,0.14233347297863427
MT293426.1,protozoa,2,283.0,6.342908798714343,1.0395741261550824,3.9410907995178786,5.47408597830454,4.78354760948172,7.9022699879469664,1.6974688629971877,4.211028525512254,4.730815588589795,4.948021293692246,2.7634089995982323,2.842507030936119,5.7113800723181996,3.1714543993571715,9.100040176777823,7.567044997991161,9.29087987143431,6.422006830052229,3.3622940940136603,4.69817195660908,32408.85450000001,8.603723907470702,-0.5543918240257135,43.29723684210526,0.1284401366010446
MT293423.1,protozoa,2,294.5,8.216508160150287,0.8412586591522837,4.170482564283199,4.815662792062933,3.6538687331219912,7.385816602089938,0.944581425384525,1.8322179171069624,3.1689562052365856,8.113185393918046,2.8695550076317953,3.297522601855113,6.719502172126336,3.803569331924386,11.30738522954092,7.89597276036163,5.77492074674181,6.936714805682752,3.6180580016437713,4.634260889984736,33646.36775000002,9.038924026489259,-0.5513056240460256,58.95501373723141,0.119061876247505
MT293422.1,protozoa,2,301.0,7.812360353919027,1.1953704531236036,4.1134149611225315,5.308785414246135,3.5492447939941014,8.185494682277238,0.7485029940119761,2.913575833407811,3.8486459915988918,7.549825721690946,2.616408973098579,4.106711949235857,7.098489587988203,3.885512556975601,10.610867816605595,6.875055858432389,4.93118241129681,6.616989900795424,3.5514791312896596,4.4820806148896235,34311.64340000002,8.766158294677734,-0.5715948699615694,58.86021505496469,0.11582804540173386
MT293421.1,protozoa,2,301.0,7.812360353919027,1.1953704531236036,3.926847796943427,5.308785414246135,3.5492447939941014,8.185494682277238,0.7485029940119761,2.913575833407811,3.8486459915988918,7.549825721690946,2.616408973098579,4.106711949235857,7.098489587988203,3.885512556975601,10.610867816605595,6.875055858432389,4.93118241129681,6.8035570649745285,3.5514791312896596,4.4820806148896235,34303.66520000002,8.80448474884033,-0.5572291983197786,58.98222998033782,0.11582804540173386
MT293420.1,protozoa,2,242.0,7.4561403508771935,1.7690058479532165,3.9583333333333335,5.500730994152047,4.247076023391813,5.625,1.5935672514619883,6.129385964912281,6.385233918128655,5.01827485380117,1.9846491228070176,5.52266081871345,3.91812865497076,4.586988304093567,5.244883040935672,8.289473684210526,8.742690058479532,6.355994152046783,2.5402046783625734,5.131578947368421,27601.828550000013,8.047961235046387,-0.4546893274853804,51.649853801169584,0.11918859649122808
MT293419.1,protozoa,2,241.0,7.222057953873447,1.5005913660555885,4.529494382022472,4.954538734476641,4.549822590183323,5.65308988764045,1.596688350088705,6.16683914843288,6.96887936132466,5.3241425192193965,2.2749112950916617,5.556992903607333,3.9399763453577763,4.056401537551745,4.995195150798344,8.62655233589592,7.968657599053815,6.399689532820815,2.555810171496156,5.159668835008871,27510.288300000015,8.107916831970215,-0.4298547457125962,46.65361472501479,0.12265301596688352
MT293418.1,protozoa,2,242.5,7.156876999127653,1.762867112532713,3.7892555975574296,5.493057574876417,4.236333236405932,5.334944751381215,1.5920325676068625,5.834726664728119,6.374491131142774,5.005997382960163,1.9800450712416402,5.670252980517592,4.183628961907531,4.571641465542308,5.2295362023844145,8.814335562663565,8.432683919744111,6.886994765920326,2.532531259086944,5.117766792672288,27664.906700000014,8.173944854736328,-0.45419362460017465,53.65343395609189,0.11886631288165164
MT293417.1,protozoa,2,403.5,6.230310064665893,1.1826715814445876,7.254505567389002,4.9283828424932725,4.4784638342920555,6.220106373480606,1.8012703595525683,5.156690432764052,6.596686351287579,6.957960792316621,1.9154241546879585,6.97326632909455,4.077968955269569,2.4794969580245656,7.833883907503539,7.3737612081170365,5.730966927285946,5.320268357078174,1.336045814573422,6.1518691886790045,46509.333250000025,7.812553596496581,-0.6825102355777201,44.63055068045868,0.11966378837544482
MT293416.1,protozoa,2,403.5,6.22520821907325,1.1826715814445876,7.155657309031541,4.977806971672003,4.4784638342920555,6.220106373480606,1.647896126423734,5.156690432764052,6.7500605844164125,6.804586559187786,2.222172620945627,7.077216433044654,3.7712204890119,2.5289210872032957,8.091208244582477,7.324337078938306,5.5775926941571115,5.320268357078174,1.336045814573422,6.1518691886790045,46609.49785000004,8.042289161682127,-0.6925165491116412,44.26839298241141,0.11966378837544482
MT293415.1,protozoa,2,227.0,4.754703284737765,2.015405399955639,4.044925695158591,4.967434920250842,4.037868247534934,5.595547758756276,1.9337406488818987,5.329381162664086,6.06033109511423,6.149053293811627,1.9266832012582422,6.134938398564314,3.20408122114008,5.3152662674167725,4.953320025003529,9.42774181840179,8.129171455648983,8.143286350896297,2.015405399955639,5.861714354848466,26045.130300000015,8.085922050476075,-0.43649506986873177,40.06870757969875,0.1191498800233904
MT293414.1,protozoa,2,225.5,5.36490364903649,1.7558425584255843,4.340918409184091,4.707872078720787,4.342968429684297,6.192086920869208,1.9382943829438295,7.207872078720787,6.652316523165231,6.1900369003690034,2.2181221812218124,5.638581385813858,3.2359573595735958,4.8052480524805254,4.711972119721197,8.690036900369003,7.400574005740057,6.656416564165641,2.033620336203362,5.916359163591636,25878.094100000013,8.149520111083985,-0.36547252972529753,37.4709122591226,0.12292947929479293
MT293412.1,protozoa,2,237.0,6.97122684482235,1.0135135135135136,5.120710598238688,4.839811721834193,3.431521409049499,5.399711509262071,2.4768448223504405,7.031961737017917,6.864940783480109,6.692225933798968,2.5869268144549045,4.160340115396295,5.735651381718798,3.710522320072882,5.566732462799878,9.108335863953842,4.836015791071971,7.422942605526876,1.7992711812936533,5.230792590343152,26997.06825000001,8.383585739135743,-0.34731437898572737,54.91614029760098,0.10461585180686304
MT293411.1,protozoa,2,237.0,7.252125721226845,1.0135135135135136,5.401609474643182,4.839811721834193,3.431521409049499,4.837913756453082,2.4768448223504405,7.312860613422411,6.864940783480109,6.973124810203462,2.5869268144549045,4.160340115396295,5.454752505314303,3.4296234436683877,5.847631339204373,9.389234740358336,4.274218038262982,7.422942605526876,1.7992711812936533,5.230792590343152,27054.162600000014,8.382941055297852,-0.32315707561494084,52.08383692681447,0.10461585180686304
MT293410.1,protozoa,2,236.0,7.437132156233281,0.8503401360544217,5.426889857066422,4.695024077046549,3.4453107085530843,4.68738057020561,1.9815791485133378,7.341588320721547,6.898264923947107,6.653672705037071,2.5949705724986627,4.339601008942903,5.300771994190935,3.267599174501261,5.862569746999924,9.921271879538333,4.288007337766567,7.954979744706872,1.803867614461515,5.249178323014599,26849.922450000013,8.446003913879395,-0.2959795154016661,51.60956775968816,0.10498356646029199
NC_004588.1,protozoa,54,204.40740740740742,6.637136079329685,0.4900363271859906,6.941608750904714,7.867201509173401,4.081760144311897,5.660648245046324,1.1913260634539138,7.3499324851594725,9.364826065458844,8.106105583424508,2.754425070521191,5.809434327594778,2.5870976746572882,3.6316627308168203,4.6294630796711385,5.4715277625852945,5.215790759613798,6.710938711025681,1.242563865999729,4.2565147640655345,23118.017288888903,6.614278171680592,-0.45227880738168574,34.22385801867372,0.09580838774377157
MN418975.1,protozoa,2,807.5,8.754822683790497,2.8143332804820043,5.044659373183236,5.377622747212092,2.7997991649489986,7.017335235981186,3.777548755351197,5.240209291263675,4.061624649859944,8.614766661381534,2.522329686591618,4.241319169177105,4.144865493367158,2.5659320331906343,6.56281380476719,6.229850430738333,6.3633000369959305,8.349188732096612,1.4217007557740078,4.0959780138470485,90033.02195000043,7.5114788055419925,-0.16435706358014898,41.350927540827755,0.08317477934570054
MN418974.1,protozoa,2,807.5,8.754822683790497,2.8143332804820043,5.044659373183236,5.377622747212092,2.7997991649489986,7.017335235981186,3.777548755351197,5.295703186935151,4.061624649859944,8.614766661381534,2.522329686591618,4.241319169177105,4.144865493367158,2.5659320331906343,6.56281380476719,6.229850430738333,6.307806141324454,8.349188732096612,1.4217007557740078,4.0959780138470485,90039.04880000043,7.5114788055419925,-0.16147138100523228,41.30381322340267,0.08317477934570054
NC_040632.1,protozoa,2,720.0,3.0498881075665505,1.7015608760381653,7.437101470987557,5.186378149608142,5.354919053549191,4.588526109795035,2.6477307839961046,6.54547327222165,6.8443992921282035,8.192726523656589,3.457663461268364,7.029560201874549,3.278354666242193,2.96842667066171,4.88745212970159,7.214252942443281,4.8659163475313445,5.833622037659529,1.4461745896497158,7.469873313420537,85005.48565000045,6.319580841064453,-0.4721003941984472,40.80106735549968,0.14270966956619444
NC_038700.1,protozoa,2,1113.5,9.146643905918218,2.086210860352671,4.978204712778302,3.46493474990632,3.6997681082813036,6.857369395723852,3.4311737775903177,6.456718071442924,2.9282439044700252,9.050836964372671,2.017693283829309,4.708614750195958,7.400531848453965,4.303980898349605,5.281555647676647,6.9303673157583185,6.1220952439569665,5.584408766629315,0.8415352281716759,4.709112566141637,123087.93780000045,7.257906913757324,-0.157793851701535,44.15943017271522,0.09250415902594616
NC_027701.1,protozoa,2,1054.0,9.222002186603955,1.180559853126225,4.516265445468985,4.158982610310044,5.071270911978877,6.220681972894362,2.6910699919549477,6.577964808053304,3.9301111867483547,7.642799678197909,2.2988221218309715,5.323658642242712,4.768653175732822,3.2969243146234297,4.838583245662892,8.104358768075581,8.67081296284836,6.542999773088269,1.2854549580213297,3.658023392536667,116764.96945000034,7.576166915893556,-0.1058900096953195,32.95481154980722,0.10014749262536873
NC_007915.3,protozoa,2,828.5,6.4747122448139365,0.6641748469324739,5.058065673467707,5.064829464248954,3.7530951694770707,6.032639701687419,2.039282920546044,7.426201161019391,6.246434305946843,8.15867559094946,3.2390470701022807,6.748498732524423,4.579086358904384,5.588729171935562,4.452338801221011,6.029257806296795,6.32120360186563,6.661745763808426,1.7722602236168048,3.689721390635385,93513.7758500004,7.396276855468749,-0.325342894784823,41.80511673420669,0.0921507678372926
NC_024115.1,protozoa,3,786.0,8.34330273132961,2.1775351175873845,4.796881597261192,5.071758231254218,3.1985134885053945,7.357459983991109,3.274671958901091,5.016875361303328,3.5570943096302456,9.320071407858558,2.3035063876117694,4.332136141230511,4.584671104943882,2.953702407769677,6.665648693352414,7.299165537217468,6.549343917802182,7.7058412757243815,1.4781187214653884,4.013701625260198,87352.32110000044,7.506568082173665,-0.1748713496492207,42.55883690652505,0.0869033383523098
NC_004034.1,protozoa,2,694.5,6.975324027916251,2.459288800265869,5.412927883017614,4.748255234297108,4.666001994017947,5.23678963110668,2.7504985044865404,5.998255234297108,4.336158192090395,9.443336656696577,2.2357926221335993,5.398388168826854,6.71028580923895,3.9452475905616486,5.101362578929877,7.148554336989033,5.2513293452974406,6.698654037886341,1.0148720505151214,4.468677301429047,78087.89845000033,6.45033893585205,-0.18856430707876384,48.60684488202074,0.10149551345962114
NC_003873.1,protozoa,2,1072.5,7.817662681559417,1.8211927034428026,5.816187419214162,3.2933120130750284,4.4163579288966766,5.33137417446205,3.1870872310249045,6.411645339860371,3.361181938545796,9.735356400595606,2.13721511328679,6.273253552612452,7.255255744879799,4.802018221749021,6.130441871520562,6.831240595448099,5.781368477709984,5.360889243353462,0.8400744899442505,3.3968848588187686,120344.93760000044,7.830206108093261,-0.26552124299201263,44.96949076929748,0.08653317277659696
NC_003824.1,protozoa,2,1054.0,8.42224147533882,1.3204199929863645,4.986075871031623,4.415186583328176,5.432369989892114,5.750871547331724,2.8347463745693835,6.577964808053304,4.139901396538565,8.03886379107618,2.6948862347092435,4.7101718340656396,4.803618210697857,3.0057553066402622,5.249912329558347,8.865338201621388,7.766157146688119,6.154568145718589,1.2854549580213297,3.5454958021329706,117604.75570000047,7.451032447814944,-0.12242630525816392,37.05456792912116,0.10263320750046413
NC_003601.1,protozoa,2,810.0,8.418575665105084,3.0513787154093164,5.388072622782728,4.734172862852968,3.040940878865837,5.574111709410631,3.0978884870662924,5.351079702091866,4.159017369787989,9.111463814476664,2.6679417200326645,5.112851432746563,4.336460591027144,3.3873849535516274,5.791464305668973,7.568198982003942,6.300155339567382,7.241709594827745,1.4606831257022517,4.20644812702233,90579.44640000054,7.330791473388672,-0.1830512559173324,41.21199077172466,0.08708072131590419
NC_003555.1,protozoa,2,1378.0,6.7133424270590645,1.0485749809876752,4.726101809490469,3.8914305718183027,4.336982894943326,6.125227846114846,2.807124491495757,5.7984572856435825,3.2498400550452073,10.36720947356985,2.171448920220664,4.408203667266209,6.1757463091947224,3.4844461076037225,5.584674255501502,8.846223488369287,7.363926075252593,6.832244902886252,1.5357733489455705,4.533021088591398,154332.59259999992,7.712619400024414,-0.11253340737074637,41.01939771369271,0.10405777332480293
NC_002064.1,protozoa,2,745.5,8.991975168445755,2.483155424331895,5.083655083655083,5.475433416609887,2.547505488681959,6.898705428117193,3.809902339314104,4.568854568854569,4.016201075024604,8.957907487319252,2.6705276705276706,4.3228102051631465,4.199788023317435,2.424483306836248,6.351729881141646,6.346051934287228,6.3195548489666145,8.78756908168673,1.4024528730411083,4.341736694677871,82907.77205000032,7.356734466552735,-0.16787985464456057,40.083083503671816,0.08291695056400938
NC_002063.1,protozoa,3,562.3333333333334,8.295764960524687,2.8309113549388147,5.287279886822221,4.600373564904458,2.426623507859206,6.360464054972064,2.1093704160065716,5.506333652786743,3.0094629923005214,9.354687815786214,3.439584189012107,3.8367821262558106,4.197471102505427,2.5762450533617582,6.391757450109853,9.948936350538181,6.269517625352866,7.568600989653621,2.3276907430225506,3.662142163286328,62650.6776333337,6.616266822814942,-0.05311988630066439,48.96943989712306,0.08416456414168084
MG256177.1,protozoa,2,720.0,3.0498881075665505,1.7015608760381653,7.437101470987557,5.186378149608142,5.354919053549191,4.588526109795035,2.6477307839961046,6.54547327222165,6.8443992921282035,8.192726523656589,3.457663461268364,7.029560201874549,3.278354666242193,2.96842667066171,4.88745212970159,7.214252942443281,4.8659163475313445,5.833622037659529,1.4461745896497158,7.469873313420537,85005.48565000045,6.319580841064453,-0.4721003941984472,40.80106735549968,0.14270966956619444
KX686068.1,protozoa,3,560.6666666666666,7.88383152895397,3.003298647618198,3.80565804090493,4.567554306614926,2.38392604912075,6.654325943767934,3.442233309756393,5.056191708138717,3.825199288868498,8.67259701061387,2.5194403556507132,4.606211992803723,5.686609359832964,3.606103666320447,6.068831921902977,7.8797958364397545,5.7072126321423795,8.956157510954782,2.0591590041610113,3.6156618854330618,62624.93370000034,8.100660133361815,-0.13419644051920254,45.40577554327865,0.08058746938714823
KU724434.1,protozoa,3,561.6666666666666,8.341532619539779,2.293727029977869,4.609403576822177,3.571020746938107,3.3030662108095137,6.809552508284249,4.087787242494708,4.939748966404073,3.413275744487384,10.503673315464578,3.357611477691623,4.443812987800258,4.755477750027252,3.2986783213843274,6.279339133000377,8.097398054576482,5.376562981066119,7.170812001217432,2.5533740301895858,2.794145301824108,62429.37260000035,8.482257652282716,-0.08247086005905406,45.402530591997625,0.08650585542823208
KU724433.1,protozoa,3,566.3333333333334,8.244501069529433,1.9104364685298154,4.630734351916043,3.579978936142158,3.2051030052968295,7.09643238432026,4.0710238983405915,4.946844561813223,3.539133868057178,10.572721969684977,3.38209128185319,4.531532286045872,4.412764766220383,3.3101646750577784,6.656687133293269,8.093318087216222,5.322236970109927,7.253474970524248,2.5446819258133773,2.696137390235227,62962.37196666701,8.802059872945152,-0.10944641965073594,43.30089366873711,0.08445922321345434
MF678796.1,protozoa,253,327.15810276679844,3.3278980020782307,2.3224195783390074,6.113074950504915,5.639347902284323,4.428778491902102,3.8285347367803397,1.9526159723115797,10.494366694855714,8.514406373453568,9.188943710425082,2.740561533727856,7.425349585368706,2.956500089806858,1.9700062555274032,3.9023473561878577,7.6768581305327315,5.584076451874383,5.63636261691437,0.7068781373337919,5.590673429791182,37747.207364426926,7.405832178319395,-0.20029293081576816,38.73309686452596,0.10726330059027075
KX808487.1,protozoa,2,810.0,8.48596110984902,2.916607825921446,5.3311250145822715,4.734172862852968,3.1757117683537075,5.574111709410631,3.0978884870662924,5.464974918492777,4.102069761587534,9.324057985251951,2.678379556576144,5.226746649147474,4.336460591027144,3.3873849535516274,5.848411913869429,7.635584426747878,6.041051397135121,6.9721678158520035,1.4606831257022517,4.20644812702233,90655.54470000055,7.359855270385744,-0.18041278573577552,41.625746458810596,0.0884284302107829
KX808486.1,protozoa,2,810.0,8.802012660481736,2.849222381177511,5.398510459326207,4.42855914876373,3.118764160153252,5.641497154154566,3.133960422179789,5.361517538635345,4.454193247333746,9.18928709576408,2.600556275288729,4.739852273913391,4.258637309739729,3.273489737150716,5.744954534011997,7.454303765603031,6.434926229055253,7.381238909798673,1.4606831257022517,4.273833571766266,90444.49675000054,7.5445871353149405,-0.15415072849959185,40.21548238154605,0.0885328085762177
KX808485.1,protozoa,2,810.0,8.90071161485611,3.0200652057788773,5.149844353437425,4.609839809908577,3.0618165519527962,5.698444762355022,3.087450650522813,5.29413209389141,4.091631925044053,9.303182312164992,2.5796806022017695,5.035028151459148,4.087794485138363,3.0456993043488936,6.154025627958666,8.029459258668009,6.097999005335577,7.143010640453371,1.4606831257022517,4.149500518821875,90364.30540000058,7.577685546874999,-0.15970488552149284,41.89752577224657,0.08672000196476923
KX808484.1,protozoa,2,810.0,8.911149451399591,3.040940878865837,5.501967839183639,4.371611540563275,3.1757117683537075,5.460216493009719,3.133960422179789,5.40802731029232,4.14857953324451,8.894111218218324,2.8283467080905513,5.102413596203084,4.24819947319625,3.283927573694196,5.869287586956388,7.7029698714918124,5.813260964333299,7.381238909798673,1.4606831257022517,4.263395735222787,90556.06505000056,7.4509319305419925,-0.15556321338007864,40.76406360326411,0.08899790629278745
KX808483.1,protozoa,2,810.0,8.92158728794307,2.916607825921446,5.579791120471054,4.475068920420706,3.118764160153252,5.631059317611086,3.077012813979333,5.4858505915797355,4.205527141444965,9.075391879363169,2.8852943162910067,4.864185326857782,4.066918812051403,3.283927573694196,5.869287586956388,7.589074655090901,6.077123332248617,7.02911542405246,1.4606831257022517,4.387728788167177,90596.58425000057,7.394473075866699,-0.16213521296256517,40.59048944243547,0.08967176074022681
KM268110.1,protozoa,2,1075.5,8.083441981747066,2.132151708422895,5.139804080482047,4.862603803281769,4.725325064308115,5.846018769747584,2.2707518470230337,6.471040793074691,4.089731843969132,9.19620728942763,1.852308631969649,5.423611355814746,6.3297978552215834,4.693317828911049,5.667482997991472,7.165362885701869,4.897253837931804,5.628868764461984,0.8382078297332535,4.686710830778628,120683.21130000037,6.833007431030273,-0.23273885032359598,45.37729161527909,0.10250243724819996
KM268109.1,protozoa,2,1072.5,8.02922826689087,1.7158519001614736,5.851890339487134,3.327246975810412,4.4163579288966766,5.5411718022559135,3.1870872310249045,6.726783770935564,3.605798507843838,9.209536362957753,1.9274174854929262,6.167028770562329,7.185617861871442,4.557401652450979,5.816187419214162,6.933929462423045,5.958115121537259,5.431411105130612,0.8400744899442505,3.5718635451084544,119981.77765000053,7.729331398010255,-0.26078567050771806,42.592986708888304,0.08828295963949381
KM268108.1,protozoa,2,1054.0,9.222002186603955,1.180559853126225,4.516265445468985,4.158982610310044,5.071270911978877,6.220681972894362,2.6910699919549477,6.577964808053304,3.9301111867483547,7.642799678197909,2.2988221218309715,5.323658642242712,4.768653175732822,3.2969243146234297,4.838583245662892,8.104358768075581,8.67081296284836,6.542999773088269,1.2854549580213297,3.658023392536667,116764.96945000034,7.576166915893556,-0.1058900096953195,32.95481154980722,0.10014749262536873
FN386611.1,protozoa,230,249.0695652173913,5.953398322496065,1.7494865505418058,5.9449728018938615,7.272347220527039,4.159897572356848,5.84462332403757,2.2480674918997625,6.219793725762594,7.817928594328842,8.121765351445996,3.3295269757216306,4.920411322404074,4.3283506945345085,3.4727392928514003,5.2851538772402105,5.579774185724907,5.869332666586718,6.593264437773438,1.1635230658251505,4.125642526047575,28290.950478695697,7.1402410739401105,-0.4174250731718273,38.717922720153716,0.09449063164229572
AY570982.3,protozoa,2,828.5,6.4747122448139365,0.6641748469324739,5.058065673467707,5.064829464248954,3.7530951694770707,6.032639701687419,2.039282920546044,7.426201161019391,6.246434305946843,8.15867559094946,3.2390470701022807,6.748498732524423,4.579086358904384,5.588729171935562,4.452338801221011,6.029257806296795,6.32120360186563,6.661745763808426,1.7722602236168048,3.689721390635385,93513.7758500004,7.396276855468749,-0.325342894784823,41.80511673420669,0.0921507678372926
AE004092.2,protozoa,1679,306.96486003573557,7.625573525788934,0.7317747366297666,5.663689311127592,6.488857221224467,4.4249135914659625,6.299268337859436,2.0393021198120755,7.493482374031374,7.3663179837444055,10.272491292521128,2.6689746152584584,4.313638299485141,3.2111701854535504,4.256514297048458,4.04262197042663,6.058148760205061,5.7918647772438066,6.751956166439903,0.8531610075922538,3.6462794266415965,34356.759665098325,6.841495594231411,-0.13911432376733399,33.9484508539812,0.08924354025699813
AE014074.1,protozoa,1849,292.44726879394267,7.549563027424584,0.7124189509552563,5.721270619583745,6.613806754886167,4.41367731229284,6.193407595909628,1.973875130677949,7.486928673210439,7.573132119669957,10.129066486550759,2.689911681833758,4.418811676965797,3.1521669381605175,4.143289852574955,4.1187497751386015,6.023631963166678,5.764473924418752,6.753604673919225,0.8763506088500534,3.6918622338103386,32737.00620286646,6.890563228208997,-0.16102958940551843,34.048439406392966,0.08981890154953232
JN225873.1,protozoa,250,238.02,5.287359307775976,1.9499749372389765,6.0210307686244775,6.93427313344109,4.4595091272137575,5.622472333591866,2.254241322748639,6.491306341782911,7.9432941094577165,8.275695878217222,3.497512742204771,5.067043590452377,4.522188351425808,3.223055674167661,4.8810501033177385,5.9903803365079895,5.7993230019611275,6.603413049671115,1.1089018601959333,4.067974030002847,27096.73649560003,7.035827853393554,-0.3722181284013844,39.39270560328053,0.09636385017412535
JF436871.1,protozoa,2,1073.5,7.214364824997305,2.133307849882874,5.880502220000588,3.43154263087222,4.339537573387437,5.4290040871534,3.2542366236388407,6.091769825634391,3.5325943132700166,10.215874229370657,2.028923716271183,5.251698079920021,7.003097219363502,4.306409087790486,6.33533280406167,6.928509120134866,5.739657149578052,5.915296931204486,1.0496731257412253,3.9186685877267786,120963.62080000038,7.883091163635253,-0.22318984190459373,46.007048987033045,0.0930787928685544
JF436870.1,protozoa,2,1074.5,7.626137255017028,1.5029567163332413,5.488704228603174,3.392301387495134,5.316416573260643,6.122398079846012,3.216101437963729,6.013391783008515,3.38838909330626,9.820591969233718,1.9928737561349663,5.979403727242674,6.995573239125289,4.336582493657193,6.713496828107486,7.342495926323675,5.033557703405065,5.174204679495079,1.0833631645765234,3.4610599578645918,120843.44570000042,8.808782768249511,-0.27153180010524025,44.74404009905952,0.09860839695701759
JF436869.1,protozoa,2,1053.5,7.706257444300633,1.4647080802013084,5.096597864298527,4.486707085219567,5.072910280308238,5.931494887816841,2.5482989321492635,6.618899285966423,3.8929692773583855,8.26340593397202,2.765770563816106,4.855438648641396,4.661654600964843,2.9719402763241822,5.79153687522062,8.61598452617607,7.98240616310682,6.548920279668312,1.1422679390873003,3.581831055403143,117678.44470000033,7.550479316711426,-0.12648984065842214,37.40173604703265,0.09797009274798682
HQ607523.1,protozoa,2,1053.5,9.042309431064485,1.216014251771666,4.770390416798264,3.9467953124387165,4.995396661237617,6.1877233290189935,2.6182779384473744,7.123821555598218,3.9667155900427513,7.863452173787392,2.0821334720527793,5.395350421422245,4.879126232631686,3.154422404841969,4.987862048465106,7.749865305894957,9.13974332773914,5.970251697352151,1.2859932580697766,3.6243551713247086,116827.6070000003,7.691027450561524,-0.11204144656308129,33.709347853461196,0.09905745090632104
HQ607521.1,protozoa,2,1053.5,8.898584112082009,1.289760564456032,4.910348429394485,4.164266944105559,4.82044914549234,6.113977016334628,3.088210704930114,7.589987015694701,3.962948283656496,7.397286713690907,2.7307810606670504,4.680491132896119,5.31406949596537,3.336904533359756,4.991629354851362,7.641129490061536,8.448571623203303,5.570297937167522,1.3947290739031977,3.655577368087509,117296.95610000032,7.384198379516601,-0.13017178917121341,35.72270229403172,0.09870755587483046
HQ607517.1,protozoa,2,1053.5,9.077298934213541,1.216014251771666,5.341524386341915,3.9155731156759166,5.255392408826024,5.935262194203096,3.018231698632003,7.011318433378541,3.8929692773583855,7.506022529524328,2.6220452448336298,4.564220704290188,5.131587367447583,3.228168717526335,5.061608361149473,7.936114740798999,8.413582120054249,5.966484390965896,1.2859932580697766,3.6205878649384537,117221.68140000038,7.230941390991211,-0.11769354149507374,36.00781085438396,0.10161973531834255
HQ607516.1,protozoa,2,1053.5,8.537387161432692,1.216014251771666,5.197799067359439,4.055531128272138,5.1466565929926045,6.043998010036518,3.0532212017810583,6.97256162384323,3.88920197097213,7.362297210541852,2.6220452448336298,4.350516379009601,5.31406949596537,3.4806298523422328,5.0653756675357275,8.009861053483366,8.627286445334835,6.078987513185572,1.3947290739031977,3.581831055403143,117423.86700000035,7.1355897903442385,-0.14121928613156476,34.67936815563015,0.10123216722298944
HQ607513.1,protozoa,2,1053.5,9.224791559582272,1.1810247486226109,4.517929281982367,4.160499637719304,5.037920777159183,6.222712832168049,2.6920242511317403,6.580142476431112,3.931726086893696,7.64598054212055,2.2996051037196215,5.325371415124135,4.770390416798264,3.298147723824446,4.840369423096375,8.107294950158021,8.673577867642656,6.5451529732820575,1.2859932580697766,3.659344674473764,116691.38255000033,7.576166915893556,-0.10692657984315629,32.96396348499589,0.09983258709702723
HQ607524.1,protozoa,2,1072.5,8.277300806455576,1.7521856862735463,5.994947980912411,3.189111621118226,4.348127361990928,5.332091624361741,3.189111621118226,6.869369922794533,3.3276489927905524,9.844409606699331,2.1736459556818017,6.343380036661539,7.153128271157787,4.803595386346771,5.712025083176481,6.726655297985581,5.713695984431132,4.976140512966685,0.8404141869345351,3.4330140601426162,119952.94230000046,7.391703605651857,-0.2341876716973899,44.90352604885935,0.0862155560906808
HQ607518.1,protozoa,2,1072.5,7.994409325386691,1.7158519001614736,5.957231142768464,2.977289603231041,4.382422966161292,5.611693664033065,3.1522682895207264,6.938349356267016,3.4299358427853583,9.453268953487001,1.822076682211597,6.411645339860371,7.256139723648593,4.556517673682183,5.746549536205806,6.793769717637537,6.20449964837289,5.185026578294982,0.8400744899442505,3.57097956633966,119853.64660000056,7.688417434692384,-0.24679479120421477,41.40391595228104,0.08793477022445204
HQ607514.1,protozoa,2,1072.5,8.02922826689087,1.7158519001614736,5.851890339487134,3.327246975810412,4.4163579288966766,5.5411718022559135,3.1870872310249045,6.832124574216893,3.605798507843838,9.209536362957753,1.9274174854929262,6.167028770562329,7.185617861871442,4.557401652450979,5.816187419214162,6.933929462423045,5.958115121537259,5.326070301849283,0.8400744899442505,3.5718635451084544,119995.80425000054,7.729331398010255,-0.2604696480978741,42.795873096008144,0.08828295963949381
HQ607525.1,protozoa,2,1075.5,7.9448418431469285,2.1668017430729294,5.245075584058634,4.967875306858358,4.690675029658081,5.599504328317888,2.305401881673068,6.50701222735121,3.915160271092475,8.74047124047124,1.852308631969649,5.246396983685119,6.504369428098242,4.237581779954661,5.772754501568061,7.655748969308291,5.599504328317888,5.663518799112019,0.8382078297332535,4.546789292552004,120509.25435000041,6.529146194458008,-0.24266197422977065,48.522200556162645,0.10075672151943338
HQ607519.1,protozoa,2,1075.5,8.086084781000036,2.1668017430729294,5.5608900947884,4.686710830778628,4.690675029658081,5.600825727944372,2.48129485417621,6.2258477512714805,3.8791888368159553,8.949692847997934,1.9575801355462374,5.317018452611673,6.3297978552215834,4.061688807451519,5.598182928691403,7.407913128252111,5.704775831894477,5.87538320589168,0.8382078297332535,4.581439327202039,120470.21550000047,6.371048545837402,-0.22423813970424147,47.07204477782889,0.10110322186593373
HQ607515.1,protozoa,2,1075.5,8.092102552835033,2.134343115310144,5.145150437373834,4.867757926971615,4.730434902020022,5.852364015874542,2.2730393705112535,6.3724749728787025,4.093942681369385,9.205792285192459,1.854204144408893,5.4294090990236334,6.336427678828909,4.698507298718776,5.673500775875091,7.1727249007841145,4.902431990771893,5.634707021326266,0.8390436824542371,4.691641147471197,120570.05370000037,6.833007431030273,-0.23773362079619864,45.41375774158573,0.10261119731945456
HQ607526.1,protozoa,2,1113.5,8.810527630595224,1.8846406583480113,4.676347225716991,3.7335290805973065,3.7335290805973065,6.924891340355857,3.061296529951323,6.4914746756502835,2.9282439044700252,9.117861093058998,2.0171954678836306,5.616178475162605,6.964128288074321,4.404765999351934,5.21453151899032,6.929371683866962,6.255645685383943,5.516886821997311,0.8415352281716759,4.877419611775972,123346.98435000042,7.181861114501952,-0.18235065974189596,43.58256978927023,0.09452483920544955
HQ607522.1,protozoa,2,1113.5,9.348711923868555,2.019186731666344,5.213535887098964,3.1963404192153337,3.7335290805973065,6.756584294721522,2.9937745853193176,5.347584144471618,2.962004876786028,9.219144010007007,1.983434495567628,5.213535887098964,6.862845371126314,4.672862514097242,5.382838564624656,6.896108527496637,6.020812327008959,6.491972491595962,0.8415352281716759,4.843658639459969,123084.64595000047,7.381442642211914,-0.17399196796599634,44.07213968534437,0.09418722948228953
HQ607520.1,protozoa,2,1113.5,9.146643905918218,2.086210860352671,4.978204712778302,3.46493474990632,3.6997681082813036,6.857369395723852,3.4311737775903177,6.456718071442924,2.9282439044700252,9.050836964372671,2.017693283829309,4.708614750195958,7.400531848453965,4.303980898349605,5.281555647676647,6.9303673157583185,6.1220952439569665,5.584408766629315,0.8415352281716759,4.709112566141637,123087.93780000045,7.257906913757324,-0.157793851701535,44.15943017271522,0.09250415902594616
U32108.1,protozoa,2,745.5,8.991975168445755,2.483155424331895,5.083655083655083,5.475433416609887,2.547505488681959,6.898705428117193,3.809902339314104,4.568854568854569,4.016201075024604,8.957907487319252,2.6705276705276706,4.3228102051631465,4.199788023317435,2.424483306836248,6.351729881141646,6.346051934287228,6.3195548489666145,8.78756908168673,1.4024528730411083,4.341736694677871,82907.77205000032,7.356734466552735,-0.16787985464456057,40.083083503671816,0.08291695056400938
DQ238861.1,protozoa,2,1379.0,6.736008536857399,1.0746130982884083,4.583888490314646,3.723179135341746,4.586782340280583,6.204836346755572,2.9448842158570923,5.875299181884499,3.3611163026243602,10.251764947036516,2.0574368929697533,4.129343035769192,5.982251053542253,3.538907209906613,5.332551591918924,9.307254520133359,7.1963416913347285,6.941230730275096,1.5913160385605507,4.580994640348709,154271.5561999999,7.8365009307861335,-0.08254143329977276,41.89132856350515,0.10759093019189842
AF525216.1,protozoa,2,959.0,6.615614117976447,0.9114651687752637,4.501986106007314,4.0750170612630585,4.389119288851559,5.768566153953838,2.750909934029783,5.6961651530264055,3.728432813621013,10.691178014593941,2.0816928272700226,3.6863264913293787,6.091745848425989,3.485637916251072,5.794158048541481,9.213738253976587,7.41475930495039,6.809959402943287,1.7106103557492083,4.582917738463962,107751.61580000058,7.936812019348144,-0.1135921395698812,43.110674346422584,0.10682647383064728
NC_107953.1,bacteria,77,194.16883116883116,8.63410668311392,1.8902278083419572,5.8568972897451514,6.642819123707993,4.559062909070615,7.807719154283984,2.083386544733294,6.658708113483737,6.617834048558229,6.8436312711668075,3.5351347650071103,4.306251578185776,3.0561748508104043,3.183168773075623,5.546411175135292,5.707889164415456,5.047133511544097,7.076315068477867,1.5668555915792846,3.380272575563401,21622.808437662366,6.934495031678831,-0.23874412912321707,34.3515769322991,0.09506191076213301
NC_107952.1,bacteria,78,194.92307692307693,8.66726091594507,1.69704095684457,5.909433850499555,6.623676500982844,4.813218751812933,7.793373830431881,2.072331761601594,6.900995400130419,6.958298154867982,6.739367492858385,3.4396497708444893,4.019561413023871,3.331992782320159,3.1075605380921094,5.562157006624574,5.38873575662259,4.889662537208976,6.997663320309026,1.553494384990926,3.534524873988048,21728.092601282093,7.098142359806938,-0.2387438084868085,34.32513729548219,0.09901238010791907
PX963132.1,bacteria,51,269.05882352941177,10.546786088458566,1.060936211029976,6.030288413202872,6.278246638518181,3.039033064833448,7.496294979861947,2.050821786821095,4.419501291995545,4.990801420773458,8.365247855363865,2.386330265534715,4.2872398648231504,4.331192394202283,3.8550575855775073,6.660269621764711,5.554395978772999,6.241878139945607,7.433982380771974,1.5864190041383355,3.3852770136097643,29677.475680392203,6.811763236101936,-0.3456747760282223,34.59784679867135,0.08010729082581547
PX946834.1,bacteria,28,372.32142857142856,8.057990382119266,1.147191584592656,6.542760989158355,6.192795379492367,3.339459931606633,7.004023550896236,2.1564358181896766,5.8173304246225275,6.982786893930446,9.101543059621743,2.578909383994026,4.594543485126802,3.4722813660127803,4.478649028327868,4.7331795375511865,5.526305600423405,5.771674510972664,6.681880243947968,1.3454365921079159,4.474822237305481,41601.38268928585,6.460438973563058,-0.35159505746948677,32.95204075241746,0.09159718761020029
NC_105619.1,bacteria,73,198.82191780821918,7.486791376840769,1.5866038627890302,6.150972266281738,6.929594200708343,4.427712366743535,7.077833061649393,1.8616903419657287,6.9051299099223264,7.5560988934251165,6.405016871241648,3.445246153046457,4.9081539496859685,3.148764873874874,3.4000457751318134,5.0954156950791525,6.261729262925135,5.327794156818543,7.019462161523256,1.3576804259862112,3.6482643943609583,22244.829889041124,6.8767059979373455,-0.34508713280138936,36.02807007046335,0.09433657187090705
NC_105618.1,bacteria,75,199.85333333333332,7.380088376557787,1.4957149524599676,6.34226388489814,7.1954690879191245,4.234071176653036,6.9322000177705165,1.8792608837703946,6.983258886557237,7.491593890186121,6.144316212729667,3.624674483802484,4.848658917477152,3.043590544613006,3.308037817575787,5.041112329148773,6.231894320213647,5.454998122667044,7.12669002610638,1.434907805297264,3.8071982635964727,22372.36933333337,6.8531090215047215,-0.3606288226614189,35.786258673621994,0.09476177245546773
NC_105617.1,bacteria,78,194.74358974358975,7.499788332360271,1.4885093395729503,6.243344718929262,7.037721634947301,4.379580789351083,6.8567138126448635,2.0497356044693507,6.832233708171065,7.596306579904244,6.351376284397697,3.5113246671727882,5.059439805736406,3.0342613783613896,3.2294052524962877,5.016707343015402,6.185222946104879,5.373037718982022,7.016357396769802,1.4793516453709104,3.759581041242021,21820.463646153872,6.972535578409829,-0.3627608484802971,35.61877502375678,0.09618513475964015
NC_105788.1,bacteria,74,200.98648648648648,7.6234149906666575,1.4527412974764182,5.9189427542996125,6.833695805319177,4.420280141103574,6.894756674316413,1.985771009546661,6.804783331314061,7.5288343709726915,6.571665661481015,3.362304338748443,4.7454718185504925,2.983515972862419,3.149262118160578,5.021216116709646,6.500346862070784,5.739010141143203,7.002717200526132,1.422271542713583,4.038997852018435,22519.271447297328,7.065953574309479,-0.32733622338166257,35.551355886973276,0.0988154953583559
PX866606.1,bacteria,85,189.38823529411764,8.053406013545072,1.7191875405180073,6.3137077025657735,6.593330737472446,4.7273047174100205,7.792043647519104,1.9708867868603515,6.314507440541191,6.606278499788229,6.257135044183457,3.687695904674481,4.8907641210587505,3.124943621440303,3.2234397682471614,5.411805874090767,5.703725067944397,5.573625378185676,6.9633071152950725,1.5597732032843594,3.5131318153753854,21142.910350588263,6.801788538764505,-0.32075449130704164,34.11897864036452,0.09800209736069765
PX646905.1,bacteria,49,247.79591836734693,7.30540496565739,0.6767325391498702,7.782218158151135,6.607139051312351,3.688534099797541,5.377773446840965,2.016355290977913,6.333725702315477,7.586939175580273,8.25049320391299,2.7150376798875415,5.276707347077679,3.286205271872003,4.353930803379555,4.502455257495072,5.95295847043309,6.989583077340424,6.004227401740912,1.3571048398836012,3.9364742171942164,27675.97321224492,6.2906147431354125,-0.48375933436928537,33.306738123683104,0.08982113156875358
PX403247.1,bacteria,42,200.85714285714286,9.784899826347585,1.2577331742533204,7.084902109083544,5.330056158353425,2.3012963923993475,7.912282908458705,2.8652146615091825,5.085340270857801,4.207045243538128,7.697186012936198,2.4285281343508465,3.9247054245145896,4.72125748304682,4.285696236742301,5.827665967802839,5.736582077801405,7.313728075482722,7.121410105028084,2.1003187458242722,3.0141509916688833,21918.17795476192,6.3358933403378455,-0.36367657097738854,35.451398344649235,0.07415766129892502
NC_129615.1,bacteria,189,232.31216931216932,5.580735543741446,0.9920514810332984,6.135659432930979,9.1270401529715,3.9221990926910792,5.738805618375917,1.7846473181134228,6.561767805553065,8.293263989417806,8.560329290535158,2.72598315952049,4.897530655024654,2.904512426997393,3.7476999710179046,4.542233524994607,5.353077935773869,6.100572574425976,6.862165817490301,1.1356536681571365,5.034070541233996,26397.52017619051,6.257688529403122,-0.45669111860761386,36.65490343229398,0.10091923302082209
OQ829281.1,bacteria,122,188.25409836065575,7.188481547080741,1.4662980354398023,5.809976584929414,7.020595697247161,3.8100089008897533,6.450486440259952,2.2786856798064763,5.75579771945825,6.807941838593547,7.537978286344671,3.151370886130269,5.006154415285621,3.4978857556798686,3.5869519028521846,5.336216803966488,6.323368542071066,5.7947257959080885,7.462914150956924,1.5383059732124527,4.175855043887265,21167.169719672158,6.923037804150191,-0.3779323153459941,36.27041978277048,0.09524169917989471
PV763896.1,bacteria,45,284.6222222222222,12.041202166916218,0.9231930176681489,6.296065372972865,5.460566581752024,2.9971964345543523,7.647587611956144,2.207175934453258,4.173446739903344,5.607554879794959,8.96716875100854,2.900041726646765,4.065787182242125,3.8234874482195917,4.407598190760824,6.191499315128437,5.39251182971402,5.411523014842057,7.346157390831456,1.3348061403300022,2.805430270304871,31167.629693333412,7.34962111155192,-0.28132321633473745,32.10060608028118,0.07137432845189225
PV763895.1,bacteria,46,279.39130434782606,11.736264989466079,0.9806343718060909,6.192583597740107,5.519742818825594,3.075467331397967,7.8225373607802196,2.159958802299717,4.155437255962723,5.566278100103232,8.814119201606673,2.930999076075275,4.093436688611486,3.8941576825427515,4.333625521336463,5.8521196893638265,5.365811715682909,5.637274570143161,7.681445250054549,1.3509875807948855,2.8371183954062924,30572.211432608772,7.173183822631835,-0.2573304274628909,31.30019744398668,0.07263573307599144
PV763894.1,bacteria,47,274.97872340425533,12.063944700087873,1.1253398924316729,5.776402251598597,5.616227220142457,3.18760414105021,7.875335836070012,2.2266914155627644,4.101619666073112,5.4136487300427385,8.830283657066845,2.8985818685846554,3.9686279641557194,3.821286954570345,4.353685174045599,5.952243719605496,5.396359825863565,5.4089893573430015,7.815680371545541,1.3859235020028895,2.7815237521569047,30080.961206383054,7.348639277194409,-0.22457653061005584,32.40053384376829,0.07355051395210005
PV763893.1,bacteria,47,275.4468085106383,11.765138564289023,1.0511055444201585,6.008823511988064,5.662470566841405,3.064566722317248,7.505656505674127,2.1692780865685855,4.313362107240987,5.5606426205691095,8.970031134677171,2.9158502100564707,4.113577756591391,4.030951765590839,4.342492688567284,6.222459241504343,5.153320616389424,5.491311752635303,7.53256004556836,1.406749182331007,2.7196513761797023,30170.97570212774,7.36822775576977,-0.262361042341588,32.262711124977024,0.07190967280827958
PV763892.1,bacteria,47,271.2340425531915,11.964044696546821,1.0125959217742642,5.753690521161135,6.010054530267485,3.2476921125386955,7.594723956065697,2.148629545963157,4.3255096238311275,5.696035958160464,8.994413841231514,2.8739099816841014,4.145399824615955,3.8010842006725305,4.622156167151301,5.50974338360761,5.507635990859219,5.727781018838095,7.033115351451713,1.270858246579658,2.760925126999449,29670.21806808518,7.012262445815066,-0.26208321039179955,32.93797853271686,0.07279475486117803
PV763891.1,bacteria,47,271.02127659574467,11.727369237080255,0.9369642543947613,5.7810696370558325,6.026386751830839,3.165177091142702,7.690001226964999,2.2684196897327253,4.3513366601594,5.66938564613834,8.955843438704816,2.835294503774014,4.02875170216733,3.7915723589995296,4.598314016203931,5.618199465766498,5.650766460756916,5.879980051607714,6.930705230530905,1.2774214213126824,2.8170411556758097,29671.156370212833,7.010999350852156,-0.28339807568785436,33.15431897106403,0.07259639668131194
PV745554.1,bacteria,347,192.95677233429396,11.730610014224084,1.1334643247061147,6.5679848927154465,6.52303114441153,3.6667338834696075,7.278924903573404,2.3473344555156115,4.613642213578196,4.52692134236676,8.480643722555387,2.6435762501168405,2.4475595006905517,5.241040158378988,3.193011036753128,7.641833347949583,4.6430338370511155,5.610701972611347,6.904802290117062,1.8213940840782594,2.983756625136985,21210.283838616728,6.836755914715594,-0.28346143211694286,38.468608452405526,0.08471884592684852
CP111182.1,bacteria,7342,329.6938163988014,13.65053433735804,0.8374868929245654,6.09433066477367,5.839298232550567,2.6538223988468284,9.527011764991844,2.35378367467566,2.897534264807581,2.071938155764488,10.155669748447362,1.820076980984067,1.640327688854965,6.11915103490263,2.60244578606347,8.52537372762311,4.94745723714962,6.0831220808449515,8.664987309382278,1.5236312653115767,1.9920167537427258,35242.66223748304,6.74581224898232,-0.10795820215058617,38.31911221161243,0.06169470417901131
PV231355.1,bacteria,340,196.25882352941176,11.555174696809324,1.113638018996315,6.528253639839096,6.479232297610055,3.6915120007442095,7.318938566952393,2.347009993526235,4.603885384195697,4.558117667871906,8.53529806320962,2.6289506524013633,2.5267259707048386,5.268940617133823,3.303423326161298,7.457392756799423,4.620563227371473,5.7007991035136865,6.9654292451354145,1.794633646365207,3.002081124658623,21587.42259176472,6.78364278681138,-0.2801877867998216,38.042260044791625,0.0848822677176804
PV231354.1,bacteria,344,196.40988372093022,11.634620960275363,1.1335100612355524,6.513414215096061,6.432538378129076,3.672825891380006,7.285347612742625,2.3674012927588053,4.610084384891508,4.5418230687066385,8.562417988768729,2.646407900883179,2.505408191695358,5.267454225530469,3.2868916938272625,7.538985496483883,4.644336770110976,5.6599075575422235,6.904548198048796,1.8182607624512999,2.9738153494421913,21603.700775290716,6.824602783557981,-0.27950126757109367,38.33741171506692,0.08464902003273496
PV231353.1,bacteria,316,192.4240506329114,11.814059484231352,1.1457689998886105,6.438838616070189,6.420598514733481,3.4588861203126924,7.299375570605777,2.3144909108165055,4.629337236869409,4.4220183577769285,8.41962340109098,2.665750740143774,2.514485658178432,5.493309498933441,3.2634122524577833,7.759258132484253,4.650263532501123,5.845751284722858,6.695352160541419,1.8493231479719114,2.90009637966908,21154.74351803799,6.880430301231674,-0.2992877235093013,38.89125276192187,0.08208305647953683
PV231352.1,bacteria,339,196.6637168141593,11.674409088706225,1.170751286931554,6.495273985758661,6.453899070432519,3.6401382833882887,7.259456511333647,2.386054160775469,4.603741500980432,4.572869458153145,8.555421229181047,2.6255227541114894,2.4954262865576364,5.288658019342294,3.2484643652760954,7.562140751900075,4.6344919379373355,5.668589643022461,6.882556558728218,1.807760977502705,2.9743741299807027,21632.751000000015,6.821208432290405,-0.2820396357233281,38.443902586752685,0.08422273390871697
PV591327.1,bacteria,25,359.24,9.864132152092747,0.5986075165245704,5.579670149336311,5.604860696029854,3.315737631894672,8.83855062257586,1.1112277342370072,5.481599742524696,5.00055710036746,7.098144813625176,2.674652860770708,6.261269107264211,4.273709521004426,5.831314815401969,3.986551199911831,7.155240834456514,6.6022233100675205,6.553442978703503,1.0890559031514122,3.079451310059551,39300.18951200007,6.0914721755981445,-0.3538755289833225,34.14127234811411,0.07484244845105635
PV608691.1,bacteria,1,2166.0,7.5253924284395195,1.8467220683287164,5.355493998153278,5.078485687903971,4.616805170821792,7.06371191135734,2.262234533702678,5.955678670360111,5.2631578947368425,7.756232686980609,2.6315789473684212,4.20129270544783,5.216989843028625,4.016620498614959,4.570637119113574,6.232686980609419,7.202216066481994,7.848568790397045,1.2927054478301017,4.062788550323177,241065.7949999996,6.472221946716308,-0.1593259464450592,35.69987072945551,0.0997229916897507
PV608690.1,bacteria,1,2166.0,7.5253924284395195,1.8467220683287164,5.355493998153278,5.032317636195753,4.524469067405356,7.06371191135734,2.262234533702678,5.909510618651893,5.355493998153278,7.802400738688827,2.6315789473684212,4.1551246537396125,5.216989843028625,4.016620498614959,4.570637119113574,6.325023084025854,7.248384118190212,7.802400738688827,1.2927054478301017,4.062788550323177,240960.70289999965,6.602269554138184,-0.16560480147737672,35.52895660203169,0.09879963065558633
PV608689.1,bacteria,1,2166.0,7.479224376731302,1.8005540166204985,5.30932594644506,5.078485687903971,4.570637119113574,7.06371191135734,2.262234533702678,5.955678670360111,5.30932594644506,7.756232686980609,2.677746999076639,4.20129270544783,5.216989843028625,4.016620498614959,4.570637119113574,6.278855032317636,7.202216066481994,7.848568790397045,1.2927054478301017,4.108956602031395,241138.93179999958,6.556627845764161,-0.162880886426592,35.94631578947398,0.0997229916897507
PV550092.1,bacteria,1,2167.0,7.291185971389017,1.6612828795569912,5.5376095985233045,5.168435625288417,4.430087678818643,7.014305491462852,2.2150438394093217,5.9990770650669125,5.35302261190586,8.167974157821874,2.7688047992616522,4.614674665436087,5.029995385325335,4.107060452238117,4.522381172127365,6.3682510383018,6.87586525149977,7.614213197969543,1.2921089063221043,3.9686202122750345,241485.07279999956,6.283118629455567,-0.1844023996308249,39.22908167974188,0.09690816797415783
PV550091.1,bacteria,1,2176.0,7.858455882352941,1.9761029411764706,5.422794117647059,5.101102941176471,4.227941176470588,7.261029411764706,2.2058823529411766,5.6525735294117645,5.193014705882353,8.042279411764707,2.9411764705882355,4.0900735294117645,5.238970588235294,4.549632352941177,4.733455882352941,6.0661764705882355,6.571691176470588,7.352941176470588,1.4246323529411764,4.0900735294117645,242363.3332999994,6.462672996520996,-0.19632352941176373,38.68746323529441,0.09742647058823528
PQ805431.1,bacteria,72,198.94444444444446,7.751337837424425,1.1560800827059419,5.8141668540558005,7.381423031642047,3.9726291832260676,7.835711704461819,2.248849570594456,5.355235985896893,6.081875218932088,8.61442118884827,2.7203108731991272,3.8173603123573625,3.935848637031294,3.8598814266799053,6.0305703437889555,6.308758322171231,4.50876985398573,7.640614509895594,1.717943531804209,3.248211531298781,22181.18446944447,6.5360326608022055,-0.32453217357273495,37.22405418028537,0.0893878424632906
PV400811.1,bacteria,297,183.96296296296296,6.567289457217698,1.3543152401188254,6.293318897346701,8.005651926156316,4.496934466558478,5.679159191807458,2.045152741496823,7.274869586607626,7.606022478412289,7.54650583174886,3.2093103433510506,5.087998079421229,3.2013835353200784,3.3581351659941383,4.598318206037444,6.021418031509062,5.284787750372999,6.478019903154578,1.6148963917268613,4.2765127756414865,20908.031000336723,6.4417266929189765,-0.369141749759233,36.179898655993746,0.10388343633926826
PV159336.1,bacteria,240,184.52916666666667,6.029183215297661,1.5087998125607451,6.589221665197133,7.971931579470592,4.483952894118787,5.994565772933409,1.950786670190338,6.717162045122724,7.324691941591913,8.218280722646336,2.9456918108817804,5.117248061957074,3.017183593566554,3.228693456179583,3.898538600475109,5.634018182102933,5.830390259348974,7.367519826652456,1.584840824575292,4.587299065130607,20910.370777500026,5.937193423906962,-0.30554033517470613,36.128857230561714,0.10656092783824687
PQ790662.1,bacteria,89,226.48314606741573,9.771936367058272,1.1112671414887356,6.149279315446635,7.275145068068087,4.299110927535138,6.876514179954914,1.894281750675894,6.077984916213938,5.372828679469634,7.739142463825131,2.753852497018294,3.7646286999842125,4.351372335962553,3.617791975855384,6.380143091479064,6.387217098183734,5.100360597982831,6.77420348778417,1.5860835932832447,2.71685581273013,25171.8892595506,6.409546007735006,-0.29053738578599825,38.04754752098984,0.08602050333548511
PP355976.1,bacteria,81,167.4814814814815,6.175388624570823,1.524537227388283,5.980940841177241,7.0248042640451125,4.84396890838325,6.532744817149736,1.78411645033623,7.706625707236255,8.387399463310176,8.070523286404795,3.1330522709433115,6.057670382993263,2.9059588012826008,3.325203849604486,3.9829969778342407,6.044701820369624,4.853704143006564,6.156551407806139,1.457184000145789,4.051926756012083,18847.738354321,6.716676850966465,-0.3113036644421861,35.752056180554455,0.10353079664541122
PQ464596.1,bacteria,80,203.025,9.96563045043295,1.704964024315105,5.812204641955461,6.268565398770136,3.004230336093369,7.795039758816725,2.4403381746316946,4.862833106754737,6.50640621727009,7.890602323073233,2.85867931190569,3.1288995310002172,4.444498056280958,3.711226792380974,6.321720396147376,5.921181483124484,4.9776100213851535,7.779430260376236,1.5267992396779473,3.0791404756074616,22333.606953750033,7.183058295249938,-0.31097906985352897,35.77363346236187,0.07610170051378777
PQ464597.1,bacteria,286,184.7762237762238,6.762742081847588,1.4876402044877821,6.306948386699687,6.174212589124183,4.138618257058227,6.500459223318351,2.4426681325605677,6.521437417221665,6.692002886371,8.193778792119199,3.275801153992007,4.478234846935769,3.9423425552329605,3.506439369125263,5.01761745147223,5.92786078145149,5.920403458269645,6.933847910720252,1.717508897756781,4.059435604235356,20830.93639860142,6.7645054130287425,-0.2943339951793153,34.2297139454087,0.09915562759050364
PQ464595.1,bacteria,560,199.55535714285713,5.707427309129312,1.3542157373883374,6.47935943353249,7.493074162893526,4.749611186503075,5.608652501401685,2.2012319555944764,6.742824443826965,6.483648418296288,8.117958501423885,3.1702097545450822,5.451548843433342,3.205585842190026,3.554553805621668,4.146641317106867,6.404584565698184,6.06516715742507,6.965073002604395,1.2830143424945448,4.815617718890784,22632.194793214312,6.054688037463596,-0.3214615555972782,36.98813144961016,0.10848243247888403
PQ464594.1,bacteria,270,198.1,6.748885334871029,1.3811431873677515,6.073516693506552,7.702612297332126,4.349696930185924,5.957416510005908,1.9734669956345567,6.938037989408374,7.865777610012982,7.723142264475798,3.3009873583700466,4.777298334883545,3.379773616225226,3.3287895090000177,4.5879602356823215,6.160103065964618,5.4438648013258994,6.756741833731594,1.6417272021351856,3.9090582298805456,22450.85826814817,6.683448073775679,-0.3431462321597911,35.958284950075196,0.09900482362201654
PQ464592.1,bacteria,174,159.44827586206895,7.259476854939111,1.5601851504443207,6.066123119339835,7.6066689490392365,4.271921077450812,6.523502542738803,2.2409650881639194,6.003212477586572,6.710925579255436,8.267631928082253,3.2188024920961826,4.319264184513192,3.499675545809211,3.786624015082085,4.358642371694794,5.650353321605575,5.5394470010273285,7.302395027965922,1.6622845019181378,4.151898771247277,17934.12551666668,6.400934857335584,-0.2853712999434393,35.224605831213964,0.10086104350616226
PQ464591.1,bacteria,273,196.97802197802199,6.614182819362678,1.4367499433818864,6.096161813531186,7.6559767878031275,4.4513729963873345,6.060227440951749,2.0017006476355865,6.990624966669114,7.747850179345019,7.7272943636138365,3.208334061107862,4.8551656786752835,3.395746146359904,3.305130751561197,4.4984667114965875,6.156258596933075,5.451490286679252,6.7774854741424235,1.6123228990424419,3.957457435320459,22324.93559377292,6.6250952507550025,-0.3340874778550637,35.77686789545563,0.10021153330750235
PQ464590.1,bacteria,610,186.5049180327869,5.569710589723219,1.5554002119772254,6.413206379626487,7.4285090420095505,4.678395561412492,5.385552316134773,2.375075986176799,6.731525068453664,6.564281427594809,8.40611033491017,3.3134829024316885,5.141642721735115,3.1209941538073758,3.3378743180020725,4.225320769603169,6.273164330918793,5.944739641202397,7.250300616851139,1.2506299058148722,5.03408372161419,21211.10988967215,6.064221603518627,-0.28341284991365373,37.30145750109016,0.10963109188841555
PQ655446.1,bacteria,72,210.54166666666666,12.799896615376895,1.3096807450849195,6.3069088974237895,6.773221885913553,2.0335249033466445,8.101306006059083,2.6040668180332807,3.8507595116227478,2.904343711588246,7.309126326442031,2.5408137228538457,1.835794628659399,6.545901373006943,2.7551231555254883,9.181645055157368,5.700845084582749,5.999981932172233,7.251429809968134,1.8990643302078705,2.296565486974781,22929.94827638892,7.266222598817612,-0.3760081345928054,44.608494211943345,0.06229154720529295
PQ466444.1,bacteria,53,214.96226415094338,12.18605892945279,1.2589682936063333,5.603715472784245,6.513792462527253,2.810662270156974,6.705111300534039,2.0387801601155573,4.231643014617425,3.732048769657946,9.569387547095314,2.418442545388581,2.9386943961617265,5.547718817316391,4.976247493952895,7.7865169064345725,5.927030673159631,5.405993854390608,6.359852616890888,1.5398330321466025,2.4495014436102185,23559.791515094395,6.9746558243373675,-0.31221734416737956,42.31885525520226,0.06799996745913794
AB823818.1,bacteria,57,202.7017543859649,7.11425507481918,0.884834155509659,6.000649111846168,8.856930520272291,3.734381829941146,6.212550463660673,1.8942007068102533,6.673223311008462,8.59396285436045,8.252321878411978,3.026582659001137,3.9577571527359345,3.1703099274108375,4.167641997485898,5.833333875944929,4.442384431928256,5.252145702035833,6.947938535713249,1.1147289628989308,3.869866848204737,23048.622800000016,6.994418813471208,-0.45296143562420976,33.45575891929533,0.08718977641044816
PP952733.1,bacteria,128,200.484375,6.1945270036999185,1.7281068257604684,6.051926883995006,7.073765535185424,4.364221392182861,5.877438944434502,2.0597046371828895,6.3626525186963345,8.445543267046734,8.285345110631779,3.0512716461669798,5.322835464032325,2.8622860340200686,3.4551414252796127,4.25449749622474,6.331083549717061,5.7671537421720025,7.078238061486883,1.0791437294106285,4.355116732673781,22616.037593750036,6.7978119313716885,-0.34669644383978093,33.67533853496097,0.09798481854267271
PP695294.1,bacteria,254,292.2204724409449,7.51220397185618,1.1160650888691805,6.130493046940411,6.837491165112495,3.972510194911824,6.25952598105991,2.0989388918893206,5.570256268551149,5.463697311181415,9.283538269258635,2.8690531674171016,4.59623475200745,4.564979901488974,3.5251860030616866,5.646135314948902,5.4397651357943655,6.292305855266553,7.317867303287004,1.471947868930363,4.031804508167078,32883.482782283514,6.2363225426260875,-0.2841085291380541,36.56473412101106,0.09476262572009267
PP711298.1,bacteria,96,174.77083333333334,10.483094374641448,1.9041650396013459,7.064852186695755,6.521582999797993,2.5720685925571942,7.37949928929762,2.4044623330005788,4.3039980009496475,3.2410345803251843,7.3955236592829445,2.6012069127233786,2.9824906023360493,5.930673437482447,3.1238237658829386,8.35994908150894,5.5153195715332215,6.149388410415969,7.092775856677702,2.4622254838176487,2.5118658214719933,19247.165862500024,6.396952760219574,-0.40483134726425596,41.05654613694748,0.07546159897846837
PP481222.1,bacteria,128,197.21875,6.220902372084113,1.7073957788063336,6.17789890551402,7.139454167388491,4.330527972481832,5.907647687552551,2.0371167741530334,6.361643839382358,8.385259780387596,8.048075846344958,3.0796402941419636,5.3334959384592455,2.6377072368162975,3.546077516010902,4.207858072811993,6.296409203009809,5.814365699231557,7.135108281821712,1.1116076409036921,4.521806992697544,22283.702985937525,6.771377310156822,-0.35794812091808037,33.30026680333894,0.09963942606083068
PP526725.1,bacteria,51,269.3137254901961,8.818859441850078,1.783875365364864,5.237881845516606,6.971389347664065,3.874665681028815,6.942041573310089,2.467250028235051,5.9131104578570035,7.088957836994385,7.4386168908224155,3.2180272573316806,4.037143697056632,3.3637398041918076,3.6434041786917253,5.434857895067877,5.805793789130107,6.206247952893346,7.1885884597245635,1.2284341912505603,3.3371143060183304,29980.305227451056,7.16179760577632,-0.2984024732711894,37.18296785929012,0.08440214178297704
OR999052.1,bacteria,5,269.8,9.933765523975456,1.1048421151961674,6.181332021206067,5.617240291672559,4.376116370496223,7.2102141028558915,2.526416461492265,4.7643883094516095,4.5314682319103845,8.250282568422053,1.9244926939141394,4.1036042674068645,5.928971639700204,6.329696537029652,5.662341134648191,6.66933331206273,5.560841307845786,4.758659094731817,1.1534268698689074,3.412567146113035,29992.359200000035,7.331217918395997,-0.4679253256299728,48.4558295682516,0.08942110386478166
OR999050.1,bacteria,5,272.0,8.997184388381573,1.334434814012279,7.38785404736109,4.308544858896972,6.375025795800444,7.177859464479182,2.0712531599855546,5.307718103492752,5.540677397719651,6.9219070835268015,2.702121704586493,4.979507816127534,5.110549192591447,3.7186026414899658,5.19634473507713,7.360836815766392,4.911925398545117,6.3038745292266425,0.5897435897435898,3.704034463189393,30287.073280000033,7.1482691574096675,-0.2954266599597587,40.637063494944016,0.10668803848733426
PP453689.1,bacteria,45,283.1777777777778,10.70076661208789,1.2026550435255992,5.676926721910254,6.716657926853289,3.293008309922986,7.210064438174834,2.425467939550567,4.293440286695364,6.242369668468361,9.098272356755789,2.6224248154645253,3.798298343748461,3.962362685641053,4.495812386361707,5.864433163130414,5.075291754054069,5.547728413069355,7.014965375041237,1.4001810312212712,3.3588727283229787,31395.889924444517,6.8282386228773335,-0.33869950264626214,37.294388117834586,0.08052062069467236
PP230461.1,bacteria,64,202.734375,13.195660631014697,1.4720901846970214,5.551679120071131,5.731168032070558,3.001403532379731,8.082839426090839,1.8882955926761784,4.86921223777494,4.892978648855623,7.170459817442875,2.9541746192798755,3.2222082043782647,4.954709680063743,3.8739841121474283,8.050998050777098,4.674417760102541,5.2879995936676405,6.976460456189255,1.810855396700862,2.3384049036197014,22049.10626718753,7.594824743270873,-0.29043180852728523,37.59963159038634,0.07150663832700294
CP139039.1,bacteria,4252,324.5891345249294,9.457792510045474,1.2510434612957813,5.073406471789512,5.890645963281744,3.8526749096249775,7.174444931354686,2.295695024284465,6.120836908465648,4.702052361092453,10.614342477911759,2.931011547268343,3.8649894341578177,4.291395322528233,4.421866914069683,5.525547689264434,5.802189613142145,5.353313180008649,7.104831212497593,1.502448092598865,2.7694719753177326,35910.79389012235,6.868713379623973,-0.06778366430834204,37.53737427856068,0.08124594977541576
OQ418408.1,bacteria,59,301.06779661016947,5.707608274126896,1.2419882960105115,5.7073261568787865,7.6696430937765525,4.052233932691174,5.925735422174971,1.8040129752191472,7.193579679962761,7.98195246326115,10.007258049628257,2.482726425934203,4.588824260533263,2.937134298274795,4.209761450768774,4.810665115737994,6.348300585178342,5.987156532091122,6.0561234416222725,1.1959844328561218,4.091985113272904,33922.04938474582,6.8108010146577485,-0.3362370878113462,37.696570427857075,0.09340203478820203
MZ611865.1,bacteria,59,229.42372881355934,12.678065757993446,1.1034598523613361,5.901330320700673,4.901535210960932,2.7660086427004615,8.201829099301776,2.150110995543584,3.739055093934301,3.195325341198229,8.989825732555138,2.2898516571851397,2.7082597069784984,6.050433591960153,5.078167254687397,7.969763986966178,4.693204055941631,5.982455134789869,7.452761660929135,1.7048361353433936,2.443720767968739,24951.117605084775,7.445253200854287,-0.2592008740471738,38.32008656067926,0.06914565546012592
ON493777.1,bacteria,32,194.28125,4.465376567074826,0.6188809604779488,6.4831199038844645,8.82298521922285,4.814749284088201,5.182260053533641,2.056660433891965,7.275904582986351,7.95055264988534,9.24710611901195,3.0678889927877573,6.096981392638779,2.3303065324089562,3.0667722759739693,4.116953103110873,5.432936645261718,6.485900017775675,6.817186372923669,0.9820986725792537,4.685380220481816,22293.92568437501,5.9203499197959895,-0.38014096406257436,34.64298036845118,0.10482228177149272
OR725122.1,bacteria,227,205.38325991189427,5.6369753088457575,1.013236791808113,6.103138775167854,8.53735089868895,4.080463201576821,5.988668838334399,2.0689001931168534,6.761891931833087,8.09646576263401,8.52230173636329,3.0587017612251333,4.827013204122163,2.908082860419117,3.443506801846983,4.328815013484534,5.391130051107052,5.812074916402933,7.493810153775044,1.3071481462894543,4.620323652958453,23293.0410088106,6.446588634709429,-0.3627376842372628,36.0522115920377,0.10007935000824728
ON453905.1,bacteria,54,206.22222222222223,10.65205109739012,1.895234041987619,5.525255934833865,7.893299050856832,2.2763670042414565,7.242516135101523,1.9669374172745893,4.4853590762091455,4.885305502980667,9.331238901822841,2.793641524892587,2.7894099584001775,4.769588615290401,3.766671468009744,8.221690291327862,5.033923946890825,5.4108850436843055,5.98388683348325,1.8553387881238508,3.2213993671983436,22955.601631481502,6.846146710713703,-0.400877840035562,41.982302751257244,0.07353105159563651
ON453904.1,bacteria,79,153.43037974683546,7.889898172098952,2.2023686694988545,5.725414408152724,7.371891837902287,3.368350630731317,7.158489789005504,1.6108135696755468,5.786129727247361,6.152145842744963,8.075004296177784,3.004749812483629,3.753911753421318,4.662860532240698,3.0763845158537024,6.214897194872562,6.167377871815097,6.01527019149922,6.1089355878832885,1.87318041464912,3.781925182046071,17086.234062025324,6.7165819940687745,-0.3570427333829136,41.15445375309702,0.09023456227426506
ON453903.1,bacteria,53,222.54716981132074,9.82364946802479,1.6494732606856897,5.417491082212884,7.303022840987382,2.868758415003183,8.310043584125836,1.5766064153010009,4.837789101033835,5.473925778271702,8.69375812554976,2.8753989588395275,3.098934138442385,5.046404000758652,3.780572101524739,5.871799834579472,6.012941138656444,5.642973091337943,6.724503230000955,1.4548645354407712,3.5370908992230534,24381.862092452862,6.462230095773375,-0.2913163587582067,39.113604106578926,0.07860713849667007
ON453902.1,bacteria,56,200.16071428571428,7.918242610421315,1.5225364935718386,6.072623446898719,8.490461948330957,2.892340509646311,7.2044327006363655,1.5537243400673522,5.833668323701027,7.072198720474914,8.772601209425277,3.610938160632984,3.440208504176272,3.3809257638501724,3.624334791282707,6.677645071670698,4.744811058931811,5.6667006690973665,6.0659376110933465,1.3410692923336718,4.114598773756896,22577.88161785717,6.632033572878157,-0.4282648664094579,38.0447428025642,0.08348008575736879
ON453901.1,bacteria,70,210.78571428571428,8.430109856028572,1.4365752454618135,4.814961141772729,8.791133356139856,3.335394840393311,6.903915216340837,1.8707021029625601,5.988677167594664,8.132002363354351,7.347536997479637,2.9001778240184826,4.627074132990057,3.5516124168474885,3.79131753146342,6.050825302816669,4.664876863488762,5.64393915961215,6.513882631302367,1.205244591157949,4.000041258774327,23635.840075714314,7.213538060869491,-0.485839758326681,38.620937514060984,0.08540680690325587
ON453900.1,bacteria,84,204.97619047619048,5.723137530897934,1.8123429802416138,6.038539349130996,7.823851970640646,4.032690815494935,5.322564431207533,1.827127626082045,7.805229640402006,9.391229666636356,7.828571209629473,3.461775288343294,5.3591367538978165,2.949556267432316,3.200546990175693,4.374128535786333,5.610651293868115,5.246421257033991,6.080613822223755,1.1652564027207464,4.946628168154404,23382.24937976192,6.895924400147937,-0.4001002996508408,37.3627635827656,0.10144575386370087
ON453899.1,bacteria,116,201.58620689655172,5.067606460451236,2.121962139917834,6.632304511566444,7.9195841994009015,4.350016891273234,5.448793028720022,1.7773510306029678,7.6700415406100015,9.30470648135427,7.824870197622421,3.29601120428301,5.577507378165384,2.4287086549748063,2.9235741459446554,4.4025587521404725,5.22995374163831,5.387118611231096,6.0000536335671075,1.2278654179273332,5.40941197860849,23133.55086810348,6.6748373360469415,-0.4231151580455824,33.75565410252648,0.10987294287809055
ON453898.1,bacteria,71,192.11267605633802,5.894194650305962,1.9263986956102215,6.279340625797678,8.552230334553375,4.15956822908931,6.160959597006288,1.5989150606274958,7.387532846014521,8.331806755075096,7.208066421941471,3.3313786704332364,5.152437767597677,3.1268861187381307,3.1404783001687178,5.166431366180594,5.701513492350361,5.736619967348081,5.840945323136316,1.1492298156943628,4.155065962331111,21741.72765492961,6.579135956562741,-0.457068810775225,39.70407300673888,0.09463864007114783
ON453897.1,bacteria,81,222.25925925925927,6.824853440194396,1.8617218605031605,5.830959753478553,7.712929983330428,4.057249593361485,5.633731113964491,1.596757593354409,7.091601116416955,9.348031465805175,8.034795874679153,3.120250469380851,5.36238977720161,3.2342309947316004,2.98044587735916,4.59973815992157,5.176896027723025,5.596422066655606,5.999309263476798,1.353679675048027,4.584005893413551,25221.078148148154,7.001914834387508,-0.3966475742868682,32.26345543826805,0.09994935161823061
ON453896.1,bacteria,37,248.45945945945945,9.132285023458099,1.3807765411438915,4.986920377788878,6.865413491342426,3.5646241603421274,8.000833899379366,1.9560690694045855,5.457668418647289,6.302416890354609,9.133917554688896,3.071456914989109,3.8107519501342226,4.557439490558223,3.205146003535968,6.676581763302507,5.88744549728274,5.08869941629608,5.814377671312693,1.8676606429501856,3.239515223088103,27465.564808108138,7.200313779470083,-0.3218327231792674,41.47027857352237,0.08671800026380416
ON453895.1,bacteria,40,292.125,9.168587962266118,1.707111571423129,5.083874281974367,6.718199131937078,3.7018023269505944,7.576394810232789,1.8462218286842222,6.233381579151026,5.924592232571588,8.24919518167257,2.0355450125823444,3.680983353091481,5.20400955430552,3.4654213147007766,6.476885025229106,5.931612887695784,5.752897670780831,6.705929809983585,1.7010216658471649,2.836332798919927,32352.425975000056,7.242748937606811,-0.27261036188384746,40.293400473446546,0.08239156791717686
ON453893.1,bacteria,47,258.40425531914894,9.265842122354096,0.9625010921885492,6.293659932226245,7.618561735024792,3.6451820155652617,7.274882849028663,1.711520858005604,6.01575222346243,6.323973929012789,8.1819664755407,2.9359890314432917,4.245412370005275,3.516473141264896,4.227133903655788,5.461958515194597,5.380456183315527,5.775959189168834,6.005757636433002,1.4176053263858877,3.7394114707237707,28875.60963617025,6.264747534406946,-0.37830595391042016,35.3728680696714,0.08802198812674919
OR053651.1,bacteria,122,187.0737704918033,7.239833802366048,1.5528103592327474,5.866226276350982,6.846405343240833,3.801234313047889,6.491323130842505,2.3128331105610345,5.55770855671419,6.9617643677886765,7.586301981279354,3.245759697061031,4.90581109758519,3.359719336975159,3.484516515561226,5.448472507149143,6.378172512147295,5.8399567778377355,7.378480312288506,1.554004491874633,4.188665510095818,21038.2447360656,7.058174689871366,-0.3838550814746141,35.50905638400611,0.0954390431501834
OR047306.1,bacteria,12,197.66666666666666,9.622099756463792,1.7288367575283627,5.556584638634572,4.285600425779169,4.536935566980009,8.873078816191962,1.2812444261405214,4.223457490664898,5.061691674041608,10.132391213703297,1.767795367537312,2.7983025819006557,5.079027136219044,4.499554750467007,5.5468773993337015,8.051597339123967,5.74288884877022,7.142288784044024,1.6110052227890428,2.458741803686839,21470.870875000026,7.462200291951497,-0.10364559978946997,37.03012121748095,0.0860668259345589
NC_079183.1,bacteria,76,205.43421052631578,7.424232328247036,1.4461870923652385,5.452845118518445,6.769923498403518,4.300439901230814,6.780479484873019,1.876700796896849,6.466346557421988,6.916734570787536,7.891419544851582,2.9801356676631503,4.86569153495124,3.598856104367523,3.740371912424527,4.481589628647833,6.580455488190388,6.03860474120172,7.470872949491639,1.336708386251983,3.58140469321397,22847.007911842127,6.5198919647618325,-0.24723190268770442,34.455309548041676,0.09218552980696766
NC_012757.1,bacteria,9,207.0,6.976009483338988,1.477107361627479,5.352355521429845,5.648140483495646,4.957717543504269,6.184159825209626,1.4239977500349275,8.470544333905234,6.090881212610251,10.088079401242165,3.0470558082229413,4.973237571517471,5.246483462702341,3.2101301636302844,4.143274130692084,5.092979580890009,5.2488729207514355,5.799597984542553,1.6029357810855553,4.966439679566894,23364.61664444446,6.685384602016874,-0.03884068779835139,37.37175352010257,0.11527093004156717
NC_075037.1,bacteria,949,319.68177028451004,2.819446159189097,2.059662998671592,6.044748754976831,5.563288508547491,4.97002360513578,4.445342119634171,2.0487497552688962,10.74343440594927,9.415169807899428,8.346426025068693,2.1911080008086006,9.762199886401655,3.2683577368511916,2.858568025531156,2.9351501396899304,6.480145753180868,4.767014855457507,4.370926920384425,0.8845809473354012,6.025655594018016,37067.84083898846,7.397346806300075,-0.3871906789659548,38.61170824245595,0.11880260146489198
OQ469322.1,bacteria,10,1461.3,7.228053499275141,2.9693029870984904,3.784182281134379,3.3632736659186038,5.296702389234639,5.127612080783077,2.1565667052013886,5.902364455613366,4.311635468268716,10.294816326948947,1.8138071398453541,5.788210620096584,4.083105605240363,3.5970363088213255,4.247304860258263,7.094746184660359,7.789921240164274,9.377948093298718,1.2785500733161488,4.494860014821861,162569.90892000048,7.620874938964844,0.1637858568477864,37.5247736314747,0.11070112477372648
OK017908.1,bacteria,10,1461.3,7.301260911315022,2.9693029870984904,3.9034861536367322,3.2586549278932218,5.296702389234639,5.095458102266788,2.123185677827086,6.134118616944991,4.332545219921859,10.302016431485798,1.8174071921137798,5.862094937024226,4.094190687448909,3.6290311426830137,4.345698981107473,6.989436884677566,7.640204946289003,9.130407529380774,1.2785500733161488,4.496246208334475,162611.7705300005,7.63114055633545,0.158906778484398,37.19694866551036,0.11071498670885263
OK017907.1,bacteria,9,1494.111111111111,6.309341649461976,2.948964270000809,4.006624042917334,3.297693664066113,5.959063272768025,4.804765759382292,1.7165682906006323,6.258308628603823,4.600552601130212,10.850279832821045,2.615285529514066,5.180932349062898,4.537939768930325,3.3483861443927214,3.238580559411318,7.024287493719751,6.583067779757291,10.059501234899002,1.5565805324372828,5.103276596123084,166640.08420000089,7.15566645728217,0.3115512037165534,35.09877163176636,0.12618920401328393
OQ578995.1,bacteria,63,220.3015873015873,5.125462217036652,0.5048774880585127,6.4363004962067665,9.010427431991351,3.538328814864424,4.746377504939658,2.054574043649444,8.045360187348988,9.638252488112265,8.353838700618928,2.772929183149339,6.304743965570992,2.4263067449791285,3.506229229591773,4.382267516193343,5.95977360107863,5.582787436034444,5.57946618456832,1.0803990063223634,4.951297759684676,25225.24956666668,6.673535098726788,-0.5710505975023318,38.429246212092806,0.09570025580871463
OQ578994.1,bacteria,71,202.04225352112675,4.650220041176427,0.5524015123919374,6.807869744472963,8.927053175720106,3.7653039685110814,4.676227448851033,1.7119585410446194,7.982477353727725,9.996140244212674,8.447435808250352,2.970935450231923,6.515634197717938,2.4529900743404176,3.613848854631378,3.778964265327943,5.805402308264771,5.610633907049235,5.80640409740097,1.1459147420059832,4.782184264670512,23134.78894507043,6.377621989183023,-0.5526184817897547,34.98489486185579,0.09693402975187577
OQ578993.1,bacteria,68,214.58823529411765,4.612474187535612,0.5898382520189703,6.916797194319865,9.015380995206264,3.783373788842401,4.916765943789938,1.8675964696235068,7.857897927457734,9.640974344817497,8.466853774748014,3.0185328774575533,6.263710125045045,2.599908265692925,3.9018385879444537,3.919632897206417,5.634214558408532,5.499790008350429,5.714436003295243,1.1628627976496573,4.61712100058994,24577.678808823548,6.342080823112936,-0.5644819444268356,36.775373035671954,0.09563357587081998
NC_073748.1,bacteria,7,276.7142857142857,7.521088440282968,0.7594851806817592,4.973043644916298,5.948120601636961,5.832535320355432,6.494065137295645,2.1201085836473355,6.76092446241213,6.726434894956744,11.464759123935393,3.516096428137812,3.5183819772513774,3.177367264149236,3.3091861167673877,4.452400220184333,7.145378963741529,6.818955594688411,6.003431076611753,1.447568944931725,2.0106680234157683,31226.804871428663,7.353947149004256,0.003915355417036942,33.97969902034198,0.09290772288702927
NC_073480.1,bacteria,22,256.59090909090907,8.913776432980297,0.6490387240303307,5.371075534007381,6.226484391271578,3.5419747974513287,7.528177662146489,2.3616920874682887,6.447408296052924,5.083006658047457,7.011130414469867,3.0824848126635653,5.548858409592122,4.6239871371244154,3.777583882132952,4.904855828709731,5.55866900056213,7.784126818599986,6.3870282806514815,1.5895028385599288,3.6091379934777503,28536.8254545455,6.38752207322554,-0.3319210938661914,33.515952027610574,0.08740615629489007
NC_073091.1,bacteria,78,195.52564102564102,5.6819417607672245,1.2059379420460392,5.746401302119095,9.22272322634428,4.453981712316524,5.841922946896256,1.6513745444357886,7.17013202161761,9.228370746729842,7.724332577964924,3.267294203044367,5.2299103034396905,2.699465725011197,3.816314966875809,4.728300539255012,5.567485942860359,5.524010005456849,6.182771962478341,1.1142053504802734,3.943122219860528,22312.830555128243,6.76798819517478,-0.4820462703422829,38.361267869816544,0.09511309282657325
OQ317942.1,bacteria,78,195.52564102564102,5.6819417607672245,1.2059379420460392,5.746401302119095,9.22272322634428,4.453981712316524,5.841922946896256,1.6513745444357886,7.17013202161761,9.228370746729842,7.724332577964924,3.267294203044367,5.2299103034396905,2.699465725011197,3.816314966875809,4.728300539255012,5.567485942860359,5.524010005456849,6.182771962478341,1.1142053504802734,3.943122219860528,22312.830555128243,6.76798819517478,-0.4820462703422829,38.361267869816544,0.09511309282657325
MW364975.1,bacteria,66,203.62121212121212,4.720936475672715,0.6659435898416385,6.415011545116724,8.6733659298576,3.4093086499995433,5.288738402057826,1.5899136484465213,7.491540708674186,9.771558776891075,8.330580783884297,2.7801531413585385,6.868151820888524,2.56958980342031,4.149639905936588,4.856009099336875,5.250613703990817,5.770768689987659,5.725368798694499,1.3078876950683092,4.364918830875757,23351.724465151547,6.99148033026493,-0.6333320861469164,35.332986264231494,0.0908211517594361
MW364974.1,bacteria,61,216.91803278688525,4.6847321715209365,0.7836588289907653,6.430875856167246,8.935982762433383,3.635261803994464,5.4998431497059475,1.6326807611799703,7.377716545296514,9.811887961369454,8.116379482618031,2.527243982284421,6.967690720873468,2.5970114973128338,3.963326057874791,4.638897855682237,5.235760916053182,5.501035696662857,6.079579226925191,1.4011676339680899,4.179267089086225,24847.229881967247,6.869762874040448,-0.6254877234927264,34.24934395671331,0.09215696527048779
MW364973.1,bacteria,63,212.42857142857142,4.759543062374737,0.8049324314344095,6.354222339602146,8.236152774335574,3.895818637650165,5.569121573529724,1.7599556312582125,7.601547300586957,9.696045497638274,8.228681476484764,2.767194172092798,6.765832700716767,2.428754963215298,3.8626960575184692,4.600281775628291,5.451802739207404,5.482306391401368,6.049539754325701,1.2957001600099705,4.38987056098897,24325.762892063518,7.071600847395641,-0.5597005297823742,34.34857696017508,0.09581389358649105
MW364972.1,bacteria,64,206.09375,5.1410409730448325,0.7511819196051321,6.520469927327308,8.370056847231647,3.7584363426363527,5.318253834056748,1.6604027044179852,7.441659136179579,9.572853930441092,8.061410565704417,2.6526444347486526,7.1433725824378325,2.424953527771572,4.34163095776487,4.533854229524341,5.436636863899199,5.570194482056881,5.81108152760469,1.316648072807856,4.173217140739011,23567.92568906253,6.891712641716003,-0.6100711405816497,34.60534854421772,0.0924830155618322
MW364971.1,bacteria,63,213.47619047619048,4.994350160693281,0.7797366725017566,6.384991095465064,8.354988689833762,3.7369277395314984,5.380660293023184,1.7460964407105397,7.376275003129245,9.609543364764098,8.09444954942494,2.6294559249186142,7.222073367806586,2.469517764617252,4.375338942426391,4.555507254390855,5.363149114157232,5.433590732879796,5.916530092102479,1.3621971357403984,4.214620661883031,24460.443777777808,7.008947775099013,-0.6144778425226403,35.377329426965375,0.09313745537154929
NC_070967.1,bacteria,353,179.10764872521247,5.222729981315136,1.2271009033711644,7.215024094956878,6.9774806323936716,3.907166336403623,5.443985055365305,2.3322124825341404,7.089221494547156,7.090852172876851,7.805478535997911,3.2846835510733294,4.920414955399278,3.6237682833067875,2.867885196662367,5.220481360327403,7.521051203537143,5.747972005399108,6.634341993261804,1.4360527645541445,4.4320969967168,20329.528890934864,6.348935698922563,-0.41536422595903133,39.57631278462276,0.09775316097674566
NC_070966.1,bacteria,355,179.32676056338028,5.231950433553413,1.2567305477219226,7.20858987057043,6.926430586162529,3.902457692493805,5.475621234915124,2.384394402957783,7.0102074877498035,7.130048587247,7.765932366056509,3.275836720535441,4.8878166075064895,3.5922624036843933,2.8544900524006382,5.2128284103300295,7.657509624278921,5.731917359896647,6.60739110994742,1.4511884532038397,4.436396048787861,20358.287926760582,6.386103878289881,-0.42097399191604234,39.64556066149603,0.09790042194485507
NC_070885.1,bacteria,247,193.8987854251012,6.1375027429360225,1.1200242284124673,6.611524399390745,7.654001435869871,5.331508859260826,5.590721889870024,1.9901125892865061,6.71920213116191,7.049547519223901,7.7127392126337835,2.7886956580461733,4.814328126253259,3.4089179534553202,3.097838091831388,5.525585991429288,6.390919419985397,5.682947305496213,6.946116226184957,1.3879299757689803,4.039836243502963,21985.592529554673,6.392212073909126,-0.36838116172140534,35.99513857556575,0.10759275078532773
NC_070884.1,bacteria,246,193.8211382113821,6.178654217676207,1.0697075242200145,6.558279734446927,7.749095854051159,5.180935772073916,5.576646600222901,2.0958926514627914,6.6209935307715515,7.097644421345863,7.783476618405322,2.878300876501981,4.864142237658387,3.2721045945622476,3.037879852153544,5.408604827121952,6.411606328689601,5.599702137677221,7.124900274257206,1.431723956610995,4.059707990090211,21968.205977642294,6.357632036906916,-0.3647305640302489,35.645056178414876,0.10672367718775122
NC_070883.1,bacteria,248,192.17741935483872,5.995664302356397,1.1517401783546166,6.8090639267613895,7.768104455267122,5.474416024180605,5.506834477949837,2.0659786143912795,6.76279534157777,6.967476848314848,7.6443728749619995,2.8023888374966197,4.676657733065565,3.46561511808026,3.016091080266784,5.496905659391063,6.493080257221502,5.547920113680257,6.859326600862235,1.4529566841321444,4.042610871687705,21804.247834274214,6.285456857373638,-0.37239040805223206,37.04914362798436,0.10969983580000454
NC_070857.1,bacteria,96,241.9375,7.333629076694348,1.1347809231703254,6.568452301123448,7.417194488211316,3.5622448370412787,5.726550805097308,2.2160758953940944,6.33091258541651,6.779613175340121,8.129868128097248,3.0882094020257926,4.784092967271821,3.929675278551399,4.276964063268623,5.203166777629614,5.4895021195144915,6.230723890587451,6.459052590068097,1.5784706730695806,3.7608200224271306,27092.25116458342,6.228837768236796,-0.4286055248667586,37.15883387705013,0.0890153553253799
NC_070854.1,bacteria,96,247.625,7.9061593970727415,0.9147899315772628,6.028400476099434,7.390213209626407,3.3180213549640882,5.925113821343733,2.342612151219378,6.370744265358837,6.2372621234997325,9.080535554522022,2.972872192091273,4.737988880284569,3.855431844409214,4.216116906032014,5.3749055321355685,5.497387518490908,6.062835556462655,6.44677967858167,1.403504862345999,3.9183247438824877,27599.610860416742,6.287406357129416,-0.36143044485488546,36.962404773825334,0.08639850961192576
NC_070853.1,bacteria,97,243.35051546391753,7.794482525896908,0.9112092920393413,5.917269871902705,7.7412171459048835,3.276346181498505,6.073506192189333,2.2740079901778056,6.628238449084187,6.378159238518123,8.629197328754259,3.153377339535075,4.730610234844864,3.761017684504491,4.11058787050896,5.3620511737190055,5.481138481114841,6.133964724610854,6.559030007362447,1.3472496743348819,3.7373385934985324,27081.35286185575,6.218605888995927,-0.36587329623149445,36.48408959043347,0.08360934449331921
NC_070852.1,bacteria,96,245.61458333333334,7.591893268193053,0.9871564843897594,6.0578934773772275,7.071686298174573,3.5736723539022655,6.186261888752308,2.1833558874729193,6.284671548660763,6.405100207411496,8.02532965260344,3.088492283584292,4.880062829545607,4.17784147388345,4.085838053729827,5.498481593745054,5.775951718472119,6.000318449074733,6.9229101059781,1.5114698434722307,3.691612581576783,27337.783930208414,6.403417213757834,-0.38322219627152593,35.87561258479524,0.0877675477895128
NC_070851.1,bacteria,97,243.75257731958763,7.439645489183767,0.9291784893593626,6.151691194571183,7.59769642540446,3.432794321384748,5.965247687889415,2.086000900546125,6.150296025122861,6.524290047353546,8.446710322344297,3.178855263497859,4.6399381853005615,4.050502186869983,4.244611854905377,5.539200253524391,5.6445078389517285,6.536144625841599,6.551604823115359,1.271203868512524,3.6198801963208544,27120.35285360833,6.349761001350953,-0.4141632603870024,38.37280407454664,0.08323878386218124
OQ184949.1,bacteria,5,305.8,10.572793780779856,0.8829622970935687,5.17194261905913,4.485630945784241,3.3923482220667345,7.589396065313996,2.5610758076367075,2.5412197062630506,4.7373371032875,10.419058970704048,2.4454013660593974,3.147587649043619,6.315551167192899,3.7060408875684843,7.314921513301539,6.482963306523234,5.544082590472791,7.638789052752972,2.561053671021204,2.489843278075028,34149.893680000016,8.306159172058106,-0.266329258159512,39.41195483262682,0.08443245171162969
OP076120.1,bacteria,62,228.24193548387098,7.63560032865628,1.2851521657684273,6.039794661009023,7.469090696794075,4.254696090932049,6.566977685353126,1.8730223571075317,5.758872863616444,8.026330091259773,8.616741680383141,2.763137730960154,4.787151169877374,3.990380737996342,3.9766246409348858,4.613787782369149,4.545151200273349,6.306134787059499,6.450742191342989,1.3889786439750114,3.6516324943313774,25695.244614516163,6.7659883006926504,-0.39200001372969273,31.260167719726184,0.09295307229238435
OP076100.1,bacteria,59,259.54237288135596,7.452590546191184,1.423693749457345,5.545065285269725,8.348984502084583,4.447685124345313,6.458280853018661,1.4289101009875707,6.847637702910139,8.881364916109623,7.4346046455816674,2.8995677675388714,5.456098726309464,2.8135318167611536,4.077450828287812,3.781561197005024,5.358905901936695,5.575978879992304,6.524588403320255,1.1448041385461778,4.098694914346431,29257.25822881362,6.512948585768877,-0.38451625804722867,32.103677028561094,0.09691184177237919
OP076032.1,bacteria,36,220.66666666666666,5.854154538602681,0.9307836749795145,6.298023605372732,8.816503576095972,3.736915900359536,5.061165319912493,1.644838447923214,7.711580646013571,8.666130531645498,8.518229886672401,2.8940698161174074,5.967129661456206,2.399253098644053,3.570013292290296,5.190109843840168,6.154645419676858,5.1625690089447165,5.740585374491539,1.3375797364676247,4.345718620493524,25074.456255555604,6.424411996205648,-0.49943393996722374,35.56944648686295,0.09420214257320682
OP075965.1,bacteria,54,223.05555555555554,7.026404792953184,1.6354862344880146,6.120295659435582,9.395978224341546,2.6843922096581005,6.668084889711597,1.754507438750904,7.176667404488404,8.316766400910234,6.955601513413287,3.985573019051369,3.881340324949758,3.02812681896454,3.6662137328061304,5.603594303972636,4.2433296769051525,6.158768477431006,5.994093111369171,1.5542593618592715,4.1505164045401095,25263.45583703709,6.504630922388146,-0.5027531694862956,38.18671800279852,0.08389167976057482
OP075949.1,bacteria,31,211.6451612903226,6.725871824227118,1.2931030089771964,5.633021684991944,8.895113186396623,3.076640979013073,6.171862005298967,1.7184810493975906,7.582104145046383,9.171254647291768,7.455509814425311,3.3617222755770064,4.998961591602045,2.5983196692732147,3.0378308304818966,5.104840752575916,5.332340164290795,5.9480854363211595,6.789168060433509,0.7831599653993583,4.322608908979125,23799.413580645178,6.840194437580724,-0.43289779484371665,34.39625515329635,0.08182409853391556
OP075896.1,bacteria,64,219.03125,8.197720293727325,1.429294977839174,5.907114362473872,7.520737783735985,4.197212813735759,6.861120457941463,1.7014869718400618,5.953883995319524,7.707045572920783,8.296924231663038,2.8430620767941637,4.916129588935307,3.8082840734902144,3.4420387051192076,4.591473979183974,4.9727295097502,6.196048292878866,6.392911605087935,1.3344092608255194,3.730371446737627,24561.79665156253,6.709877336025238,-0.34964345222307724,31.455319674842386,0.09261993521298906
OP075890.1,bacteria,64,237.375,9.002190217041033,1.854785700137226,6.231001393715083,9.303254784931235,3.3016809865768613,6.1912710255338474,1.7774167185129797,5.5900652848172925,6.773810252866085,8.137352443024335,2.7534735040306444,3.3834871626298177,4.142546722713659,3.446567214437025,5.869914363532269,5.264997439420645,5.950551133913648,6.279476204213762,1.214850918581833,3.531306529370721,26488.019317187533,6.192111349105835,-0.4219308010908914,40.12424595748337,0.08047838434529414
OP075853.1,bacteria,59,358.8474576271187,6.902777673956846,1.8603077478524674,5.90345472852392,7.334735053727927,4.366727010803547,5.616287362524398,1.592837485271037,6.863271378610476,8.64175554221347,7.393090376030738,2.808165010494831,5.018898878738499,3.028174068840858,3.75452073899193,5.276540385251239,6.081275036590607,6.076996338374738,5.938487749827883,1.3019015058890515,4.239795927485541,40636.100684745856,7.246983618655448,-0.43920716668505,36.537843096970896,0.0990842444417814
OP075810.1,bacteria,59,198.10169491525423,10.003900987695639,1.3683703910119822,6.507392562197311,7.229018295318518,3.612464780069413,7.094903384441009,1.1108635616048999,5.614794130069171,7.079141350662572,7.730910347601561,2.2169276490488787,3.8404808334715734,3.920795879495339,3.3537110606473295,6.589600972358226,4.484022860673307,6.243955384277866,7.510418542613743,1.1479333376845395,3.3403936890571244,22004.441072881367,6.762515992633367,-0.34575799831301485,34.86035718716122,0.08100791806811077
OP075766.1,bacteria,68,204.76470588235293,7.49252175241433,1.5726003817285799,5.417892456857137,7.3122277304397905,4.297626570020172,5.970445903765016,1.2210108500675012,7.382784786584381,7.822909112963393,8.3493858420945,1.9594097641608599,5.873037289608707,3.7889061826772625,3.3370880766773974,4.333174196251172,5.485518771677569,6.28292988434039,6.453798482325931,1.0223821807870777,4.624349784558834,22916.990810294134,6.5575596865485695,-0.2964499203226184,34.32930076326562,0.09944358535366081
OP075639.1,bacteria,56,238.51785714285714,9.887039048478572,1.3205742165625836,5.988312734028006,7.683397774929994,3.007728514998249,7.0045193389084455,1.6512063083171047,4.790467734871029,5.733211968390768,8.911324292192445,2.6510998104736916,3.791604129902403,4.324846839126769,4.036938852735173,5.549554108451393,4.566501752791926,6.7213798355734085,7.155230195438875,1.5534107349612378,3.671651808867929,26435.727017857174,6.231423078264508,-0.3208927530159188,36.153632909027245,0.08232791058827416
OP075619.1,bacteria,51,248.2941176470588,8.352436601955846,1.328741544717563,6.4880660960431715,9.165239620106655,3.2266811136409372,6.697843147523429,1.1541572498632324,6.129186736951221,8.32779372937606,6.521992621284824,3.2950400417648553,4.650417427918636,3.518872145690223,3.5286992601125196,4.521022754954037,5.629172364821272,6.129224626174471,6.454432392680745,1.0343648492952844,3.8466156751250193,27694.40551764708,6.027729307436476,-0.4983938485109253,36.267887584316476,0.0810766163806124
OP075608.1,bacteria,62,227.74193548387098,9.568635461177742,1.5513391979600168,5.718909953523677,7.113553355509692,2.891658085726167,6.7370590057382564,1.609072754561992,5.022369957576989,6.407536616843766,9.15781135393947,2.7912862520507646,4.18865053970408,3.7773531671211793,3.7898767093600676,5.239802851418559,5.2196971409832775,7.080525761400456,7.256663810236306,1.2429700202211131,3.635228004946418,25243.189511290348,6.609699852235856,-0.27890874944090743,35.05175065586912,0.077698561108937
OP075606.1,bacteria,90,244.95555555555555,4.871222023618396,1.131732150960051,5.658409812431057,7.931097069584919,4.093864299537529,5.629277666811273,1.413013403114645,7.52365276952554,9.553980320250588,8.72480823855665,2.466486371929106,5.858406230495666,3.766681448517107,3.8108568097080795,4.281390784953183,5.868915654006102,5.814344274042691,5.41849341701141,1.2595552345382879,4.923812020407718,27804.2564688889,7.135924424065482,-0.49517194349891924,35.34744264750953,0.10277231554483533
OP075414.1,bacteria,53,233.45283018867926,7.360492966250258,1.5297119835886481,6.437145107773291,10.057533199769628,3.0998311006969517,6.1349914487118635,1.4065660047654442,7.399880868752083,8.967884881088857,6.6519140978570475,4.126732461425097,3.9234544036933703,2.3700099166945883,4.322568439119432,5.557488898622927,4.588816808392142,5.7915543935281,5.313177015292796,1.2017763626027458,3.7584696413747176,26437.014743396256,6.474770596342266,-0.5653011254770112,41.5053652107178,0.08060077104674415
OP075365.1,bacteria,20,325.0,5.98690123307175,1.313606397697033,6.513800032612153,7.655887426529754,4.7010373131352,5.8445683988459916,1.8816427801731521,7.09200375306564,7.834908180188565,7.807047173684498,2.2393187844561457,6.002710361448282,2.927860363819474,4.019364016238385,5.125815488658213,6.486664570876347,5.059876131998662,5.5713076935859975,1.2428843860167238,4.692795513898039,37003.76968000007,6.926069965362548,-0.5082927709050903,39.42903856845238,0.10636717213049965
OP075283.1,bacteria,89,204.61797752808988,7.991682332272134,1.5803228479084703,6.423520032722752,9.904006668114137,3.3702674119901053,6.424460588342503,1.4229604297646268,6.104804698702309,8.514573226559948,6.447690196331004,3.484437702298674,4.705196760461325,3.169762072636611,3.6981258134741473,4.988575765655479,5.098805803277484,5.66915612268131,5.6259203875831245,1.1688916171237977,4.206839522100056,23052.97753483148,6.152533766928683,-0.5898189845631139,37.54362976046391,0.08745998551213958
OP075274.1,bacteria,189,278.95767195767195,5.928115442277876,1.6629455775671134,6.716509112090429,7.654674530067869,4.0771858588129275,5.7267577168996056,1.5621866174531407,7.58720576940524,8.03705956830572,8.118667821124514,2.855891699867956,5.673018945126026,3.297364080123447,2.87053706490071,4.0780788769038505,5.649942861773307,5.779861911226127,6.57592897795831,1.2863077319750795,4.8617598361407595,31604.931044973604,6.263759377898362,-0.34224229444487236,34.61945574703911,0.10225253426928767
OP075271.1,bacteria,51,235.2941176470588,7.4915933677791715,1.6713204304227793,6.448973519273122,9.977058971241178,3.0761043458080075,5.9127675042619465,1.2324127670761993,7.1216054769071615,9.108157235344766,6.431999661839244,4.161600540168794,3.880369443558812,2.308296723319099,4.198872244268799,5.764433556393802,4.7107043585389965,5.879340554522313,5.471204623504455,1.1978694154570728,3.9553152603142805,26663.79904705886,6.487914908166026,-0.5768523553435664,40.60913978293516,0.08229289021579361
OP075241.1,bacteria,205,200.73170731707316,6.607966563602607,1.7827931880643542,7.122144590220029,8.030879417440017,4.401769261707024,6.5093974822779215,1.9338497787094568,6.001912304737295,7.212909278271783,8.107376323655586,3.060520969834447,4.677009095924166,3.593383774846444,2.8690652960604215,4.402885225431678,5.117947224781699,5.100775171266443,7.353631554203609,1.7612946670924945,4.352488831872526,22686.575573170743,6.035641026380585,-0.3364681301554895,35.42946995895679,0.10515552760672044
OP075131.1,bacteria,60,217.01666666666668,8.484927744382158,1.336464277838076,6.429496481109638,9.907750602358126,3.4096347751921305,6.774655508397799,1.4836972271393316,5.981211875516909,8.115094402326807,6.221557389854669,3.5311594462717304,4.712667941207517,2.9912577596151704,3.6993294140916744,4.793472520240135,5.14511153450074,5.9501401243126635,5.5775351769184125,1.3700808613500308,4.084754937376277,24261.192543333345,5.975507742563882,-0.5805676708258392,37.39245813714573,0.08864470573918436
OP075057.1,bacteria,36,224.94444444444446,8.971571229983889,0.9800427444588643,6.941714426350779,7.096316458910302,4.283450331126517,6.461760960913481,1.2013087545071657,5.983273471838838,7.111375109644781,7.791063152634554,2.073621821807879,4.5497970863859125,3.451200100030297,3.532966796145894,4.857687923770983,5.9690076343075145,6.918686798294654,7.328676000720638,1.0722668555799353,3.4242123425871234,25011.76695833335,5.965815915001763,-0.32158668642313315,32.18030925850694,0.08779929529293577
OP075049.1,bacteria,65,218.8153846153846,5.850466025835411,1.6521120719767612,6.015156922825698,8.29460482920727,3.8641384768224634,5.3787779710802575,1.7544508702405157,8.181882101350883,8.621757614914154,7.839005127935305,2.7017611269853328,5.514658050623723,2.931133661419275,3.1996349907164574,4.511285165752373,6.7827027907510695,5.554430748502741,5.6101470305796965,1.1618875670510147,4.5800068554296,24901.65792615388,6.690949387183556,-0.4249600965779813,37.4121958625294,0.0960603289930308
OP074999.1,bacteria,74,196.8918918918919,7.396885596036513,1.646319623316416,5.126740469743604,7.505314990819824,4.348379187202544,5.705322984535985,1.2790007118360265,7.417188963630313,7.863484883750387,8.045796073052133,2.103258915358609,5.919432202332611,3.51576097879145,3.254932721740336,4.344077446434724,5.563035504781059,6.436108911254662,6.543535245582997,0.968512550585135,5.016912039214672,22073.1252310811,6.6963274775324635,-0.2985184128788654,34.711314516956165,0.10333803777002351
PZ016983.1,plant,2,1664.5,7.3566654211815505,2.2269273882177107,3.5174575497156146,4.761489600199278,4.039315813509361,7.341304438078632,2.1042471042471043,6.235521235521236,7.0496533399759205,9.522148876987586,2.1656910366587785,5.00685016814049,3.2714742392161744,3.9778718810976876,8.830697056503508,7.894092248930958,4.607879769170092,4.484991904346743,1.9197077261593392,3.6860132021422345,188100.61150000183,9.541820526123047,-0.4130425125586432,43.455884792626854,0.09645036741810936
PZ016976.1,plant,2,1570.5,6.35051308015532,3.8496958196126583,3.0942281472504165,4.771406246262528,3.9704909144547473,6.486258062972915,3.4474441671517075,6.023608863090919,6.383203501861759,10.162535182069703,2.211586761176536,4.776389542254363,2.968449756416492,5.2390387421363585,6.638348256643731,7.782513016369131,5.261762571859128,5.740756982594344,1.7752493641314313,3.066521021535812,177729.8705000013,9.077229118347168,-0.25010464921582864,46.749228864845165,0.0881226130012199
PZ016975.1,plant,2,1570.5,6.35051308015532,3.2562849329049026,3.0942281472504165,4.787751457115748,3.986836125307968,6.469912852119695,3.4637893780049276,6.007263652237699,6.383203501861759,10.162535182069703,2.211586761176536,4.760044331401144,2.968449756416492,5.2390387421363585,6.62200304579051,8.392269113930105,5.278107782712349,5.740756982594344,1.7752493641314313,3.050175810682592,177728.83945000128,9.13015766143799,-0.2697198988988909,48.97591581020432,0.0881226130012199
PZ016974.1,plant,2,1570.5,6.35051308015532,3.8660410304658783,3.0942281472504165,4.787751457115748,3.986836125307968,6.469912852119695,3.4637893780049276,6.007263652237699,6.383203501861759,10.162535182069703,2.211586761176536,4.760044331401144,2.968449756416492,5.2390387421363585,6.62200304579051,7.782513016369131,5.278107782712349,5.740756982594344,1.7752493641314313,3.050175810682592,177736.87225000124,9.044575881958009,-0.2495979476793787,46.831788524864784,0.0881226130012199
PZ016973.1,plant,2,1570.5,6.301477447595659,3.8823862413190984,3.077882936397197,4.771406246262528,3.9704909144547473,6.518948484679354,3.4474441671517075,6.567984117239015,6.36685829100854,10.178880392922924,2.195241550323316,4.743699120547923,3.001140178122932,5.2390387421363585,6.638348256643731,7.700786962103031,5.327143415272008,5.212726939299468,1.7752493641314313,3.0828662323890317,177730.4381500014,9.071846008300781,-0.24585628971686901,45.999664404914846,0.08828606510975212
PZ016972.1,plant,2,1570.5,6.3341678693020995,3.8660410304658783,3.1105733581036366,4.722370613702868,3.986836125307968,6.567984117239015,3.4637893780049276,5.974573230531259,6.35051308015532,10.146189971216483,2.211586761176536,4.760044331401144,2.984794967269712,5.2390387421363585,6.638348256643731,7.749822594662691,5.294452993565568,5.773447404300784,1.7752493641314313,3.050175810682592,177563.15030000138,9.075552940368652,-0.24886241319098384,46.71085030976181,0.0881226130012199
PX965615.1,plant,1,3061.0,6.403136229990199,1.7641293694870956,5.325057170859196,6.468474354786018,4.704344985298922,5.651747794838288,2.6461940542306435,6.076445606011108,6.991179353152565,8.853315909833388,2.907546553413917,4.410323423717739,3.5282587389741913,3.98562561254492,5.423064358052924,7.023848415550474,6.207121855602744,6.991179353152565,1.2414243711205488,3.397582489382555,347474.60800000303,8.392123603820803,-0.29222476314929735,38.9283110094743,0.09343351845802025
PX935690.1,plant,6,463.1666666666667,8.333688556924715,3.3030280403429195,3.5097192793842726,5.768181606100274,4.7571299100474285,7.2651016810983835,2.064289336318067,5.226278150206362,4.245499223238132,9.3162166973153,1.9039562559016507,3.093491424650287,5.077907826957886,2.87860061013444,6.857060583427013,8.782085225955075,4.820252603518871,8.393742755202574,1.3948524802264755,3.0089177530498765,52013.2296166666,7.719019444783529,0.0037686563206685377,46.901758564686084,0.0916090014332378
PX935689.1,plant,6,463.1666666666667,8.269394435964312,3.2302478365583482,3.518205362208441,5.679412713400091,5.086320370242256,7.521511937508641,2.064289336318067,5.16312532086251,4.228527057589795,9.00399840276881,1.9418086516568227,3.302636973708117,4.988155457524978,2.904058858606945,6.8655466662511815,8.22650255379307,5.13710616439067,8.465381667370593,1.3948524802264755,3.0089177530498765,52028.572983333266,7.791122690836588,-0.003453063246837381,46.18817838607262,0.09490090603518608
PX935688.1,plant,6,463.1666666666667,8.322277886374772,3.2302478365583482,3.5012331965601042,5.768181606100274,4.74864382722326,7.2017910368707065,2.0473171706697304,5.457230158144113,4.1991607446587915,9.05980644090504,1.8954701730774823,3.139829903229628,5.077907826957886,2.904058858606945,6.903399062006353,8.817013033984475,4.883563247746548,8.430611674225021,1.3948524802264755,3.017403835874044,52003.355599999944,7.7321874618530275,0.0010121908836408604,46.15838265558316,0.0916090014332378
PX935687.1,plant,6,463.1666666666667,8.304322243993711,3.2945419575187507,3.419966909951365,5.68789879622426,4.787479699711158,7.392706446286463,2.1200973744543012,5.080443245376208,4.1567303305379495,9.340691469055079,1.8321595288498054,3.574603606889148,5.052449578485381,2.9125449414311135,6.937343393303027,8.361359100218118,4.82873868634304,8.640740700015575,1.3948524802264755,2.8803295111290717,51965.49014999995,7.854858334859212,-0.0018824258566932997,44.53212105431078,0.09062661691066705
PX896214.1,plant,6,463.3333333333333,8.463899424716347,3.587076605383512,3.5047001355944487,4.725976730242452,3.3245628864938683,6.606748368541981,2.223046262929727,5.20951716900742,3.948497366504597,11.159284986479442,2.3870839367378767,4.245115191365104,6.2715110068574305,2.569646177923687,7.0724118078273435,6.989720743557186,4.7932295110029,8.099298901035114,1.356963935316556,3.4617088524830097,51972.2229333333,7.659876378377279,0.035686936435804666,39.300284506938965,0.08143235674293432
PX896213.1,plant,6,463.3333333333333,8.463899424716347,3.578637786818111,3.5047001355944487,4.725976730242452,3.3812522288974964,6.558497844703754,2.223046262929727,5.20951716900742,3.948497366504597,11.159284986479442,2.3870839367378767,4.245115191365104,6.214821664453802,2.626335520327315,7.015722465423715,7.046410085960814,4.7932295110029,8.099298901035114,1.356963935316556,3.4617088524830097,51973.212349999965,7.612775802612305,0.038276677817589456,39.505887021362454,0.08199925016697061
PX896212.1,plant,6,463.3333333333333,7.943674499729517,3.5617601496873097,3.4023577557087017,4.828319110128198,3.3245628864938683,6.280656136482299,2.530607549406792,4.962154078331758,4.184144981899048,11.207535510317669,2.375186173517362,4.216070651738554,6.200326414877178,2.569646177923687,6.9053512980570355,7.242245996082438,5.112638651957818,8.542767041107634,1.3654027538819566,3.2445921826711754,52084.486283333295,7.716821034749349,0.025227648993385723,38.39704936256021,0.07934557823047002
PX896210.1,plant,6,463.3333333333333,7.78919965411657,3.7306262956609166,3.384403561476965,4.895829658651405,3.6477500201217956,5.6664777414324625,2.2193181789993797,5.5608005326269625,4.592035217468238,10.602832625011244,2.310058012548333,4.161713788146442,6.6290260343672,2.7877936278244366,6.892240217656993,7.502633315822212,4.955989317222622,7.9671045636971165,1.356963935316556,3.347203701832156,52341.12741666663,7.731554285685223,-0.005207520710318508,41.69707732543667,0.08351917657270508
PX896207.1,plant,6,463.3333333333333,8.381893626616515,3.587076605383512,3.4192353928395036,4.845196747258999,3.4788838741481896,6.203630212292755,2.0940417309716084,5.296377516881196,3.956936185069998,11.249729603144672,2.2182177907642706,4.641550256509566,6.154673377395061,2.6178967017619144,7.338640459776408,7.151801379417207,5.075474341783762,7.849947886216852,1.356963935316556,3.081832376451454,52114.05163333329,7.6904177347819,0.012417452945871729,40.726341949885246,0.079176801859162
PX896206.1,plant,6,463.3333333333333,7.814516109812772,3.7221874770955155,3.3759647429115645,4.904268477216806,3.6561888386871964,5.658038922867061,2.2108793604339785,5.5608005326269625,4.6606223230923804,10.611271443576642,2.3667473549519613,4.161713788146442,6.580775510528973,2.8444829702280643,6.815214293467449,7.5110721343876135,4.947550498657221,7.8935375841626865,1.356963935316556,3.347203701832156,52333.45486666664,7.7225642522176114,-0.006544039065120973,41.73609856351985,0.08360356475835908
PX905965.1,plant,6,463.3333333333333,8.707985858676198,3.578637786818111,3.4361130299703055,4.828319110128198,3.4873226927135903,6.203630212292755,2.0940417309716084,5.279499879750394,3.948497366504597,11.176162623610244,2.2266566093296714,4.649989075074967,6.352314923719983,2.4972810796265357,7.278492172717667,7.200051903255434,4.814510270693109,7.810136180944024,1.356963935316556,3.073393557886053,52077.31963333328,7.669122060139974,0.01859579579045517,41.60776594044939,0.079176801859162
PX905964.1,plant,6,463.3333333333333,7.862766633650999,3.544882512556508,3.3590871057807625,5.090012260321214,3.6477500201217956,5.658038922867061,2.2193181789993797,5.49221342700282,4.500194995684176,10.602832625011244,2.3667473549519613,4.405800222106294,6.645903671498002,2.779354809259036,7.000958076571858,7.25010806329696,4.955989317222622,7.913874165948602,1.356963935316556,3.347203701832156,52348.98096666663,7.770914204915365,-0.026456510158265733,40.00208863257763,0.08351917657270508
PX905963.1,plant,6,463.3333333333333,8.484236006502261,3.57019896825271,3.4276742114049044,4.819880291562797,3.4873226927135903,6.2120690308581565,2.1143783127575237,5.296377516881196,3.956936185069998,11.176162623610244,2.2013401536334687,4.593299732671339,6.2198015383640906,2.5612073593582863,7.335181515121295,7.211949666475949,5.01532605472502,7.849947886216852,1.356963935316556,3.1097463185037655,52059.96203333329,7.754674212137857,0.013227400574451756,41.01130977294717,0.07954032946533912
PX879950.1,plant,6,463.3333333333333,8.407210082312718,3.587076605383512,3.5131389541598494,4.7861250173011936,3.3245628864938683,6.2975337736131,2.166356920526099,5.20951716900742,3.9400585479391963,11.159284986479442,2.3870839367378767,4.253554009930505,6.2715110068574305,2.569646177923687,7.0724118078273435,7.298935338486067,4.849918853406527,8.030711795410971,1.356963935316556,3.5183981948866374,51991.88936666664,7.623849932352702,0.028862490142870015,38.733574753247225,0.08199925016697061
PX879948.1,plant,6,463.3333333333333,7.9833822557863785,3.7221874770955155,3.3759647429115645,4.904268477216806,3.6561888386871964,5.658038922867061,2.22775699756478,5.5608005326269625,4.6606223230923804,10.602832625011244,2.3583085363865606,4.161713788146442,6.6374648529326015,2.7877936278244366,6.823653112032851,7.325328351283205,4.947550498657221,7.910415221293488,1.356963935316556,3.338764883266755,52336.126683333285,7.732861582438152,-0.0015236791481045286,42.24783796659772,0.08351917657270508
PX879947.1,plant,6,463.3333333333333,7.806077291247372,3.7221874770955155,3.392842380042365,4.895829658651405,3.6561888386871964,5.6664777414324625,2.2193181789993797,5.569239351192363,4.6606223230923804,10.771698770984848,2.3667473549519613,4.204984438074383,6.6374648529326015,2.7962324463898374,6.6463481474938435,7.434046210198069,4.947550498657221,7.901976402728088,1.356963935316556,3.347203701832156,52336.46484999996,7.703965377807617,0.00701777180999063,41.87536629124361,0.08360356475835908
PX412243.1,plant,6,497.0,7.4293729733237805,1.5061612440420606,4.02545020926414,5.372714148909129,4.403312900043564,7.265457158026517,1.996694750743387,4.606370513663099,4.377113492909706,8.85761843678061,1.4331680384044814,4.198877338823267,6.090471981932635,3.8002864228498603,8.268396423112934,10.550425599551033,5.922552358145943,5.554860463610772,1.2933848025642274,3.0473107432988584,55198.067133333534,9.344203440348307,-0.4201261242784547,55.75555844862503,0.0874400844590665
OR906323.1,plant,6,472.3333333333333,6.644464005311952,3.3016571372627186,3.505310528008648,4.849378448124408,4.125230724749287,7.793017625329733,2.4142862018360005,4.358255241717026,4.529696677369579,10.208830962195414,1.7296167602701267,3.2057584620196375,4.73754617313736,3.0377685846658085,6.249972564602351,8.654400572742015,5.651722614473905,10.095260361336708,1.4255795289440194,3.4822468259033035,53066.46248333327,7.976141738891601,0.038597805148201055,42.077059584911005,0.09033057079596611
PX761454.1,plant,2,719.5,8.588095131052466,1.1982546319191556,6.0635805521837085,9.610639052485926,4.013872029652275,7.492619400860196,1.510587600593445,3.9157138075899036,8.104672131556995,8.8579678001069,2.3235774550795005,3.4661341645561397,3.4362870715880653,3.534445293650437,7.950815987052106,4.180965796979824,4.505911972305894,6.791025391259172,1.2068715750773027,3.2479631544505887,82121.45315000045,7.414937210083009,-0.5797398182699167,35.26258947883738,0.08468706759180167
PX681986.1,plant,2,1568.0,5.299575302188828,2.24806708047479,2.825873897419144,5.835565719263856,4.38484155504737,5.410867908091038,4.055101818577807,7.655885876075357,7.462920614178373,9.125993683981271,2.1531090057715345,3.5711641075901124,2.447130567352717,4.610475879342262,10.727866710225417,7.430251551780463,5.508875095284765,5.626265926167919,0.6207121855602744,2.9994555156267015,178311.24185000153,9.864001274108887,-0.4535755199825763,42.493012305346966,0.08005009256234347
PX681985.1,plant,2,1567.0,5.393040098922452,2.942059706765589,2.7450980392156863,5.147942059706766,5.039304009892245,4.7721250662427135,4.075251722310545,7.703585938880057,8.951157039392333,8.596537714184773,2.0809044338456104,3.606253312135665,2.489401165871754,4.004151210033563,10.112170994523936,7.518106341635754,5.48048048048048,5.638138138138139,0.6209150326797386,3.083377495142201,178072.61305000147,9.945134735107425,-0.41887519872813966,47.2499828652183,0.08743596537714185
PX756901.1,plant,6,191.0,4.707085266901566,2.636300283326945,4.3098828981179516,4.486890201255376,3.876695728288434,4.3193242020408285,3.8410051721899006,5.410525737770734,4.715161446496551,7.39964512017572,2.930809332579775,5.672692194501142,6.301523614216248,6.28356316875121,7.283034553505498,8.525365706822532,6.380005650475202,5.758893672345455,1.4430692540369836,3.7185267962019495,21955.8495,8.678389739990235,-0.5717875179002135,46.30821984483063,0.09038291778527367
PX752255.1,plant,9,144.77777777777777,3.6914520551812435,1.9133032949007753,4.126244996492075,4.445016972202899,5.245392961258544,4.652926921617308,4.6716906164209835,7.749651656382401,5.075598429197364,7.955117950666079,2.7497129423228017,5.390884058381552,5.75753120680084,4.476827632480419,6.922122213264255,8.685176935134109,5.551537000974315,5.0180229370870695,2.2833510142266897,3.6384382050082817,16806.071277777774,8.647558572557237,-0.4160462152165468,43.602715082717495,0.11167182180493516
PX692073.1,plant,6,394.8333333333333,6.35815798800371,1.5798083469394253,4.779571731495586,4.85454374821212,3.377496668525804,6.212525803917537,2.098459082684864,4.378626256194186,4.7336326265330735,8.600551028189974,1.8505206591225738,3.5289953190977474,6.06713461441974,4.666455174648299,7.686669759062568,10.652956107524396,6.7906757748207225,6.836929414172274,1.5276749978558357,3.4186148985795626,44061.644466666796,8.530635770161945,-0.43988900860716873,50.42795562496244,0.08323786564961201
PX226659.1,plant,3,894.3333333333334,5.657310908110638,1.7541732286992187,2.5903928296707055,2.1672639405478566,3.592102353194224,3.605449255567187,3.877521893703309,4.982742828571687,3.7660898424799516,11.387980195063578,1.4335535665559853,4.749594377836712,12.074449068103876,4.587290094876409,4.147496828127318,15.394110693328178,7.328295251027467,4.478514007224034,0.6600113224666214,1.7656575148450455,98856.86083333363,9.450049781799317,-0.24329551551547057,66.1112735490578,0.06017771190505891
PX633046.1,plant,6,182.83333333333334,4.317887022363809,2.1882982905452573,4.474406635177671,4.714050372839048,4.191493446241909,4.177315377723936,4.9520384217975995,6.421444131878782,5.391072599182638,6.798350456791078,2.464639842933146,6.211929679822433,5.86412509477308,5.6604504685565145,7.061227194819874,8.491037666595881,5.76034279906023,5.7812364157606595,1.3923015829819712,3.6863525001544843,21122.72733333333,8.747275161743163,-0.6161072158774514,43.44405081718779,0.09270147529378364
PV978368.1,plant,4,789.0,7.182817190434305,1.4165718425104068,5.430035811331843,6.268190177140035,4.3113917510321,4.490300747380938,1.4950810892202326,4.826314136556905,6.465005496267268,9.087859410091136,2.251400775377411,5.256534815322129,3.6794048354680173,3.5717037070771447,5.14584502314281,8.43038170654349,6.577866401582252,9.608492269140278,1.055732047826242,3.4490707665550557,89161.8629250001,6.796305942535401,-0.20034634206341226,34.790790217047956,0.08816194565413397
PV978367.1,plant,4,789.0,7.182817190434305,1.4165718425104068,5.445525278494173,6.268190177140035,4.3113917510321,4.490300747380938,1.4950810892202326,4.826314136556905,6.465005496267268,9.087859410091136,2.251400775377411,5.241045348159799,3.6794048354680173,3.5717037070771447,5.14584502314281,8.43038170654349,6.577866401582252,9.608492269140278,1.055732047826242,3.4490707665550557,89162.10912500009,6.781257820129394,-0.20034634206341226,34.83222454170719,0.08816194565413397
PX922707.1,plant,5,420.8,10.071019206180733,1.6790806954599258,3.77643649674762,5.357577676145918,3.676791240118908,5.735402394032052,3.042187108320139,7.391008246659885,5.367187800080686,9.798861094535917,1.69026135667882,4.29336079983968,4.770481446429108,2.433025902636902,4.066795929996722,7.908937341979993,8.444653612436012,7.142454833477672,0.6829299392590531,2.6715468789842576,47009.72834000007,6.9303954696655286,0.05593565451688942,29.840967591357447,0.0703126805836222
PX922706.1,plant,5,420.8,10.05728294244447,1.6790806954599258,3.762700233011356,5.385050203618446,3.676791240118908,5.707929866559525,3.042187108320139,7.418480774132412,5.367187800080686,9.785124830799651,1.7039976204150835,4.29336079983968,4.770481446429108,2.433025902636902,4.080532193732987,7.824549156325984,8.515305534353756,7.142454833477672,0.6829299392590531,2.6715468789842576,47064.01276000006,6.930554618835449,0.05585520753770825,29.8198165272317,0.0703126805836222
PX922705.1,plant,5,420.8,10.098491733653262,1.6653444317236623,3.674204657790117,5.371313939882182,3.676791240118908,5.707929866559525,3.042187108320139,7.391008246659885,5.081473514366399,9.798861094535917,1.7039976204150835,4.368120111324655,4.770481446429108,2.433025902636902,4.3662464794472715,7.810812892589722,8.52904179809002,7.156191097213934,0.6829299392590531,2.6715468789842576,47042.79332000006,6.982118949890138,0.05537718555968625,29.96109681994783,0.0703126805836222
PX922704.1,plant,5,420.8,9.982523630959495,1.6653444317236623,3.674204657790117,5.385050203618446,3.502878196640647,5.735402394032052,3.042187108320139,7.391008246659885,5.353451536344421,10.047533449499152,1.7039976204150835,4.395592638797182,4.6819858712078695,2.446762166373166,4.0530596662604585,7.8855722040746965,8.542778061826283,7.156191097213934,0.6829299392590531,2.6715468789842576,47020.339860000066,6.9512440109252935,0.06004474155121302,29.721929237530254,0.06857355014883958
PX922703.1,plant,5,420.8,10.071019206180733,1.6653444317236623,3.674204657790117,5.385050203618446,3.676791240118908,5.660643082547077,3.042187108320139,7.418480774132412,5.0677372506301355,9.798861094535917,1.7039976204150835,4.368120111324655,4.756745182692844,2.419289638900638,4.3662464794472715,8.185022753525246,8.243327512375734,7.142454833477672,0.6829299392590531,2.6715468789842576,47032.36912000007,6.966101722717286,0.0554929834785816,31.01842442375995,0.0703126805836222
PX922702.1,plant,5,420.8,10.071019206180733,1.6790806954599258,3.77643649674762,5.357577676145918,3.5924030544649,5.721666130295787,3.042187108320139,7.391008246659885,5.367187800080686,9.869513016453661,1.7039976204150835,4.29336079983968,4.770481446429108,2.419289638900638,4.09426845746925,7.824549156325984,8.52904179809002,7.142454833477672,0.6829299392590531,2.6715468789842576,47034.776280000064,6.947276649475098,0.05590238609754507,29.82739894481412,0.0694687987270821
PX922701.1,plant,5,420.8,10.05728294244447,1.6790806954599258,3.762700233011356,5.385050203618446,3.676791240118908,5.707929866559525,3.042187108320139,7.404744510396148,5.255327086954149,9.785124830799651,1.7039976204150835,4.29336079983968,4.770481446429108,2.433025902636902,4.178656643123259,7.838285420062249,8.515305534353756,7.156191097213934,0.6829299392590531,2.6715468789842576,47064.19380000007,6.9227790451049795,0.05565107622598203,29.880267505578246,0.0703126805836222
PX922700.1,plant,6,463.3333333333333,8.34208192134369,3.578637786818111,3.4276742114049044,4.828319110128198,3.4788838741481896,6.146940869889128,2.176047529071439,5.361505677850224,3.948497366504597,11.059324994147874,2.1699672669260432,4.601738551236739,6.288388643988232,2.6745860441655425,7.2700533541522665,7.211949666475949,5.001907362249332,7.9633265710241075,1.356963935316556,3.11320526315888,52098.68636666661,7.684250704447429,0.00923964632288394,40.9479138270812,0.07949053072623626
PX872518.1,plant,6,463.3333333333333,8.463899424716347,3.587076605383512,3.561389477998077,4.725976730242452,3.3245628864938683,6.550059026138353,2.157918101960698,5.266206511411048,3.948497366504597,11.159284986479442,2.3870839367378767,4.188425848961476,6.2715110068574305,2.626335520327315,7.080850626392745,7.046410085960814,4.7932295110029,8.042609558631487,1.356963935316556,3.4617088524830097,51981.40188333331,7.609753863016764,0.03535047442483995,39.8048287533295,0.08143235674293432
OZ369212.1,plant,205,286.9024390243902,3.3320454154855637,2.1901314099720306,5.0944777197241,6.1073696765177825,4.75315809122232,4.48215050754421,1.8445235547919219,8.501255389519143,9.633301545844672,9.364098286398715,2.2756196116499305,7.328940819932876,4.1636534952718245,3.690497507640189,3.1957498548522305,6.781387812308965,6.265768120839,5.727084770946308,0.8719274411010167,4.396858968437201,32671.513742439085,7.711606509511063,-0.3339572190067485,39.25004869207835,0.10021944500760538
PX635361.1,plant,6,185.16666666666666,4.8671859517027976,2.800540857017935,5.1341362539113256,4.061950083925939,4.178731476676153,4.130686593056931,3.9299274415543857,5.504691292260104,4.99945218363777,7.882679350746712,2.4311379653392144,5.939186612091304,5.167139057128459,5.767775394054952,6.85708311710259,8.19325303191936,6.934939302635436,6.09985255878544,1.4455992587397757,3.6740522177134207,21303.27681666667,8.342484410603841,-0.5107066862261274,46.518454583674576,0.09298382953129349
PX505951.1,plant,2,1583.0,5.516415509947205,5.570609419251075,3.133631691199608,7.178507744484459,4.501153805810986,5.564927799727283,1.791458340617461,5.4032201671270235,12.118457396594525,8.42016013426104,3.692615642809692,3.922502709695465,3.0816230201741197,3.599087444494948,5.803992867382259,5.164155099472047,4.7922275444914515,6.227929093388343,0.6791720569210866,3.838152512149925,181318.71450000134,8.863645362854005,-0.35830303136254005,37.771673892521385,0.09018478374881997
PX505950.1,plant,2,1583.5,5.001485481601874,5.60266862400713,3.359154498824722,7.031789306280093,5.062870824267526,5.580167946802282,1.1315874555447785,5.418512596010171,12.1656574129901,7.840066060240648,3.6920771401857726,3.792347148312231,3.1133946749853636,3.6306917975201194,5.7062154297847805,5.146975297314773,5.3861815258517485,6.113630604416249,0.6789524733268671,4.545573701732771,181037.37400000138,8.612845802307127,-0.3666262528289689,38.02440161305839,0.10287396999327164
PX505949.1,plant,5,422.8,8.400075695919423,1.787759236696283,3.9041617550584027,3.9784445508838027,4.813476181396963,4.893409196167521,3.5110542147561845,7.470385777200197,4.659452865951292,10.305381573153825,1.4572740572025196,5.734488881169999,5.9283288550593625,5.091274098681646,2.724908865474065,8.258602220156487,7.412208017474756,5.383648394678344,0.9356843167910561,3.34998124612787,47534.91540000005,6.7020077133178715,-0.043592332053128575,43.20398920388844,0.09099141744315889
PX505948.1,plant,5,423.4,8.12497285135311,1.7898404065386941,3.783270933232282,4.407334571873941,5.430238385190851,4.619254296064952,4.1897940078106615,7.26386137617523,4.702371484614736,9.847216857198362,1.4650464457155024,5.902947546093825,5.682530259897051,4.076553940071259,2.7382564903990394,8.548462409237995,7.697702761009991,5.520450584729726,0.9239346022977412,3.2859597904950526,47637.23902000005,6.865908622741699,-0.055538185751236965,40.986218454934274,0.09640132777983645
PX505947.1,plant,6,486.5,6.59297429479271,3.6715857462991273,4.197339959006867,4.882000165702322,4.483596589983068,7.071808931533493,3.2258694039706355,6.068560137148705,4.4883521700333535,10.389150960887322,1.788145990885184,4.60148911366137,5.798871723333754,1.991528027260635,6.482316542634138,6.483225333528124,4.97001124829329,8.39861623662061,0.7140974789804893,3.700459945444806,54749.13263333333,7.404752413431804,0.00982525835221886,44.42309549636696,0.08898154014408365
PX505946.1,plant,4,789.0,7.182817190434305,1.4165718425104068,5.696742945302703,6.268190177140035,4.3113917510321,4.490300747380938,1.5329719900743184,4.826314136556905,6.427114595413181,9.125750310945222,2.251400775377411,5.147060385753784,3.6794048354680173,3.5717037070771447,5.183735923996895,8.392490805689405,6.577866401582252,9.451259564737763,1.055732047826242,3.41117986570097,89180.37432500007,6.7019207000732415,-0.21165755138447012,34.74054430497796,0.08778303664559312
PX505945.1,plant,4,789.0,7.182817190434305,1.4165718425104068,5.696742945302703,6.268190177140035,4.3113917510321,4.490300747380938,1.5329719900743184,4.826314136556905,6.427114595413181,9.125750310945222,2.251400775377411,5.147060385753784,3.6794048354680173,3.5717037070771447,5.183735923996895,8.392490805689405,6.577866401582252,9.451259564737763,1.055732047826242,3.41117986570097,89180.37432500007,6.7019207000732415,-0.21165755138447012,34.74054430497796,0.08778303664559312
PX593795.1,plant,4,789.0,7.182817190434305,1.3786809416563208,5.445525278494173,6.268190177140035,4.3113917510321,4.528191648235024,1.5329719900743184,4.826314136556905,6.427114595413181,9.125750310945222,2.251400775377411,5.241045348159799,3.6794048354680173,3.5717037070771447,5.183735923996895,8.392490805689405,6.577866401582252,9.608492269140278,1.055732047826242,3.41117986570097,89153.09322500006,6.787694835662842,-0.20064946927024493,34.649249381482804,0.08778303664559312
PX593794.1,plant,4,789.0,7.22070809128839,1.3786809416563208,5.445525278494173,6.230299276285949,4.3113917510321,4.56608254908911,1.5329719900743184,4.826314136556905,6.427114595413181,9.087859410091136,2.251400775377411,5.241045348159799,3.6794048354680173,3.6095946079312307,5.183735923996895,8.392490805689405,6.539975500728167,9.608492269140278,1.055732047826242,3.41117986570097,89109.53467500008,6.822792911529541,-0.20129361458476439,34.61708000665769,0.08778303664559312
PX593793.1,plant,4,789.0,7.08883222802829,1.3786809416563208,5.445525278494173,6.268190177140035,4.3113917510321,4.528191648235024,1.5329719900743184,4.826314136556905,6.427114595413181,9.163641211799309,2.213509874523325,5.241045348159799,3.6794048354680173,3.5717037070771447,5.183735923996895,8.392490805689405,6.671851363988267,9.608492269140278,1.055732047826242,3.41117986570097,89151.58052500007,6.787694835662842,-0.20227916621416767,34.61708000665769,0.08778303664559312
PX513837.1,plant,6,182.83333333333334,4.414251789000905,2.1882982905452573,4.618084796097211,4.714050372839048,4.314950236365365,4.100543928403467,4.656596862089139,6.832257243841318,5.478073051024343,6.550679020957965,2.6364611487750707,6.166165658348724,5.7142043346427185,5.613007272167326,6.954005372182085,8.687643767529233,5.587600173889027,5.6477872573623555,1.3923015829819712,3.7330378409574725,21131.57963333333,8.565790748596191,-0.5933261749213805,44.25461262189619,0.09440289660304811
PV974340.1,plant,1,3063.0,6.575073601570167,1.602878639188747,5.397448478900883,5.95354923127249,3.9581288845273144,6.5096499836440955,2.7477919528949952,6.411514556754988,6.902191691200524,8.668629375204448,3.0749100425253517,5.626431141642133,4.023552502453386,4.2198233562316,4.645076872751063,5.8554138043833825,6.247955511939811,6.378802747791953,1.243048740595355,3.9581288845273144,345396.22990000364,7.89778003692627,-0.3381746810598624,34.821772980046084,0.09159306509649984
PV974339.1,plant,1,3063.0,6.52954619653934,1.5997388181521384,5.386875612144956,6.007182500816193,3.9177277179236043,6.464250734573947,2.7750571335292196,6.366307541625857,6.921318968331701,8.684296441397322,3.06888671237349,5.615409729023833,4.015670910871695,4.211557296767874,4.603330068560235,5.9418870388508,6.366307541625857,6.3336598106431605,1.2406137773424748,3.950375448906301,346054.7973000036,7.76564998626709,-0.3453150506039832,34.89874632713054,0.0910871694417238
PV974337.1,plant,1,3078.0,6.434839129021775,1.6899577510562236,5.1673708157296065,6.239844003899902,3.899902502437439,6.629834254143646,2.664933376665583,6.662333441663958,6.824829379265519,8.709782255443614,3.0874228144296394,5.459863503412414,3.899902502437439,4.192395190120247,4.809879753006175,6.044848878778031,6.694832629184271,5.817354566135847,1.2349691257718558,3.834904127396815,347557.6017000041,7.943617057800294,-0.3490412739681515,35.272687682808225,0.0896977575560611
PV974336.1,plant,1,3078.0,6.436931079323797,1.6905071521456436,5.169050715214564,6.24187256176853,3.9011703511053315,6.631989596879063,2.6657997399219764,6.664499349804942,6.82704811443433,8.647594278283485,3.0884265279583873,5.494148244473342,3.9336801040312093,4.161248374512354,4.811443433029909,6.046814044213264,6.697009102730819,5.81924577373212,1.2353706111833551,3.836150845253576,347414.3751000041,7.943617057800294,-0.35214564369310863,35.23753576072851,0.08972691807542263
PV974329.1,plant,1,3063.0,6.596995427824951,1.6002612671456564,5.388634879163945,6.0091443500979755,3.9190071848465053,6.466361854996734,2.775963422599608,6.43370346178968,6.923579359895493,8.719790986283474,3.037230568256042,5.58458523840627,4.016982364467668,4.1802743305029395,4.604833442194644,5.943827563683866,6.3357282821685175,6.270411495754409,1.2410189418680602,3.95166557805356,345863.6322000035,7.76564998626709,-0.3409209666884388,35.06661005878539,0.09111691704768125
PV974328.1,plant,1,3078.0,6.343526350032531,1.6916070266753416,5.204944697462589,6.245933636955107,3.903708523096942,6.538711776187378,2.5699414443721533,6.86402081977879,6.766428106701366,8.653220559531555,2.992843201040989,5.530253741054001,3.9362394274560835,4.229017566688354,4.847104749512036,6.115810019518543,6.571242680546519,5.888093689004554,1.236174365647365,3.871177618737801,347420.39090000396,7.819128608703614,-0.3444697462589465,35.70672088484089,0.09011060507482108
PV974327.1,plant,1,3063.0,6.599150604377654,1.6007840574975498,5.390395295655015,6.043776543613198,3.9202874877491016,6.403136229990199,2.8095393662201893,6.435805292388109,6.827834041163019,8.689970597843843,3.038222803005554,5.58640967004247,3.98562561254492,4.214309049330284,4.737014047696831,5.97843841881738,6.305129042796472,6.272459980398563,1.2414243711205488,3.9202874877491016,345996.66540000343,7.768435096740723,-0.34648807579222474,35.367611891539,0.09081999346618752
PV974323.1,plant,1,3063.0,6.633986928104576,1.6013071895424837,5.392156862745098,5.980392156862745,3.888888888888889,6.470588235294118,2.7777777777777777,6.372549019607843,6.895424836601308,8.69281045751634,3.0718954248366015,5.65359477124183,4.019607843137255,4.215686274509804,4.607843137254902,5.947712418300654,6.30718954248366,6.30718954248366,1.2418300653594772,3.9215686274509802,345513.16150000354,7.7664457321167,-0.3440196078431375,35.20292810457544,0.09052287581699346
PV974322.1,plant,1,3063.0,6.577225130890052,1.6034031413612566,5.4319371727748695,6.020942408376963,3.926701570680628,6.446335078534031,2.781413612565445,6.446335078534031,6.871727748691099,8.704188481675393,3.075916230366492,5.628272251308901,3.992146596858639,4.1557591623036645,4.646596858638744,5.890052356020942,6.282722513089006,6.31544502617801,1.243455497382199,3.9594240837696337,345380.09670000355,7.614003562927247,-0.33985602094240835,34.65816753926732,0.09129581151832461
PV974319.1,plant,1,289.0,5.574912891986063,3.1358885017421603,10.104529616724738,6.968641114982578,3.484320557491289,8.013937282229966,1.0452961672473868,3.1358885017421603,1.7421602787456445,6.968641114982578,1.7421602787456445,3.1358885017421603,8.710801393728223,3.1358885017421603,3.832752613240418,9.75609756097561,8.710801393728223,5.2264808362369335,2.4390243902439024,3.1358885017421603,31327.87400000001,4.0500284194946286,-0.5292682926829273,36.81850174216027,0.09059233449477352
PV974318.1,plant,1,289.0,5.923344947735192,3.484320557491289,10.104529616724738,6.968641114982578,3.484320557491289,8.013937282229966,1.0452961672473868,3.1358885017421603,1.7421602787456445,6.968641114982578,1.7421602787456445,3.1358885017421603,8.710801393728223,3.1358885017421603,3.832752613240418,9.40766550522648,8.362369337979095,5.2264808362369335,2.4390243902439024,3.1358885017421603,31313.913600000007,4.0500284194946286,-0.5090592334494778,36.78365853658536,0.09059233449477352
PV974316.1,plant,1,289.0,5.882352941176471,3.114186851211073,10.034602076124568,6.920415224913495,3.4602076124567476,7.958477508650519,1.3840830449826989,3.4602076124567476,1.7301038062283738,6.920415224913495,1.7301038062283738,2.7681660899653977,8.650519031141869,3.114186851211073,4.1522491349480966,9.688581314878892,8.996539792387543,4.844290657439446,2.422145328719723,2.7681660899653977,31530.131600000008,4.106469535827636,-0.5307958477508655,39.03532871972319,0.08650519031141868
PV974315.1,plant,1,289.0,6.228373702422146,3.114186851211073,10.034602076124568,6.920415224913495,3.4602076124567476,7.958477508650519,1.0380622837370241,3.114186851211073,1.7301038062283738,6.920415224913495,2.0761245674740483,2.7681660899653977,8.650519031141869,3.114186851211073,4.1522491349480966,9.688581314878892,8.996539792387543,4.498269896193771,2.422145328719723,3.114186851211073,31546.150800000003,4.069808387756347,-0.5415224913494815,39.10038062283737,0.08996539792387544
PV974314.1,plant,1,289.0,5.902777777777778,3.125,10.069444444444445,6.944444444444445,3.4722222222222223,7.986111111111111,1.0416666666666667,3.4722222222222223,1.7361111111111112,6.944444444444445,1.7361111111111112,2.7777777777777777,8.680555555555555,3.125,4.166666666666667,9.722222222222221,9.027777777777779,4.861111111111111,2.4305555555555554,2.7777777777777777,31392.992300000013,4.069808387756347,-0.5215277777777784,39.20142361111111,0.08680555555555555
PV974313.1,plant,1,289.0,5.882352941176471,3.114186851211073,10.034602076124568,6.920415224913495,3.4602076124567476,7.958477508650519,1.3840830449826989,3.4602076124567476,1.7301038062283738,6.920415224913495,1.7301038062283738,2.7681660899653977,8.650519031141869,3.114186851211073,4.1522491349480966,9.688581314878892,8.996539792387543,4.844290657439446,2.422145328719723,2.7681660899653977,31530.131600000008,4.106469535827636,-0.5307958477508655,39.03532871972319,0.08650519031141868
PV974312.1,plant,1,289.0,5.923344947735192,3.1358885017421603,10.104529616724738,6.968641114982578,3.484320557491289,8.013937282229966,1.0452961672473868,3.1358885017421603,1.7421602787456445,6.968641114982578,1.7421602787456445,2.7874564459930316,8.710801393728223,3.1358885017421603,4.181184668989547,9.75609756097561,9.059233449477352,4.878048780487805,2.4390243902439024,2.7874564459930316,31279.834700000007,4.069808387756347,-0.5390243902439029,39.974250871080145,0.08710801393728224
PV974311.1,plant,1,289.0,6.25,3.125,10.069444444444445,6.944444444444445,3.4722222222222223,7.986111111111111,1.0416666666666667,3.125,1.7361111111111112,6.944444444444445,2.0833333333333335,2.7777777777777777,8.680555555555555,3.125,4.166666666666667,9.722222222222221,9.027777777777779,4.513888888888889,2.0833333333333335,3.125,31359.94090000001,4.069808387756347,-0.5402777777777783,39.56149305555555,0.08680555555555555
PV974310.1,plant,1,289.0,5.882352941176471,3.114186851211073,10.034602076124568,6.920415224913495,3.4602076124567476,7.958477508650519,1.0380622837370241,3.114186851211073,1.7301038062283738,6.920415224913495,1.7301038062283738,2.7681660899653977,8.650519031141869,3.114186851211073,4.1522491349480966,9.688581314878892,8.996539792387543,5.190311418685121,2.422145328719723,3.114186851211073,31542.138900000005,4.069808387756347,-0.5252595155709348,39.10038062283737,0.08996539792387544
PV974309.1,plant,1,289.0,5.882352941176471,3.114186851211073,10.034602076124568,6.920415224913495,3.4602076124567476,7.958477508650519,1.0380622837370241,3.114186851211073,1.7301038062283738,6.920415224913495,1.7301038062283738,2.7681660899653977,8.650519031141869,3.114186851211073,4.1522491349480966,9.688581314878892,8.996539792387543,5.190311418685121,2.422145328719723,3.114186851211073,31542.138900000005,4.069808387756347,-0.5252595155709348,39.10038062283737,0.08996539792387544
PV974308.1,plant,1,289.0,5.555555555555555,3.125,10.069444444444445,6.944444444444445,3.4722222222222223,7.986111111111111,1.0416666666666667,3.125,1.7361111111111112,6.944444444444445,1.7361111111111112,2.7777777777777777,8.680555555555555,3.125,4.166666666666667,9.722222222222221,9.027777777777779,5.208333333333333,2.4305555555555554,3.125,31471.06100000001,4.069808387756347,-0.5333333333333338,37.41392361111111,0.09027777777777778
PV974307.1,plant,1,289.0,5.882352941176471,3.114186851211073,10.034602076124568,6.920415224913495,3.4602076124567476,7.958477508650519,1.0380622837370241,3.114186851211073,1.7301038062283738,6.920415224913495,1.7301038062283738,2.7681660899653977,8.650519031141869,3.114186851211073,4.1522491349480966,9.688581314878892,8.996539792387543,5.190311418685121,2.422145328719723,3.114186851211073,31542.138900000005,4.069808387756347,-0.5252595155709348,39.10038062283737,0.08996539792387544
PV974306.1,plant,1,264.0,6.844106463878327,3.041825095057034,6.083650190114068,4.562737642585551,7.224334600760456,7.224334600760456,3.802281368821293,4.942965779467681,2.2813688212927756,14.828897338403042,1.520912547528517,1.520912547528517,4.562737642585551,2.2813688212927756,10.26615969581749,6.083650190114068,4.942965779467681,3.4220532319391634,1.1406844106463878,3.4220532319391634,30177.54690000003,8.804592323303225,-0.05817490494296578,53.05365019011407,0.11787072243346008
PV974305.1,plant,1,264.0,6.818181818181818,3.0303030303030303,6.0606060606060606,4.924242424242424,6.818181818181818,7.196969696969697,3.787878787878788,4.924242424242424,1.893939393939394,14.772727272727273,1.5151515151515151,1.5151515151515151,4.545454545454546,2.272727272727273,10.606060606060606,6.0606060606060606,4.924242424242424,3.409090909090909,1.1363636363636365,3.787878787878788,30350.673700000036,8.635362815856933,-0.08901515151515152,55.081856060606064,0.11742424242424242
PV974304.1,plant,1,264.0,6.94980694980695,3.088803088803089,5.7915057915057915,4.633204633204633,7.335907335907336,7.335907335907336,3.861003861003861,4.633204633204633,1.9305019305019304,14.285714285714286,1.5444015444015444,1.5444015444015444,4.2471042471042475,2.3166023166023164,10.81081081081081,6.563706563706564,5.019305019305019,3.474903474903475,1.1583011583011582,3.474903474903475,29740.96220000002,8.961443901062015,-0.09150579150579144,56.732857142857156,0.1196911196911197
PV974303.1,plant,1,264.0,6.818181818181818,3.0303030303030303,6.0606060606060606,4.924242424242424,7.196969696969697,7.196969696969697,3.787878787878788,4.924242424242424,1.893939393939394,14.772727272727273,1.5151515151515151,1.5151515151515151,4.545454545454546,2.272727272727273,10.606060606060606,6.0606060606060606,4.924242424242424,3.409090909090909,1.1363636363636365,3.409090909090909,30334.674300000035,8.64316349029541,-0.07348484848484847,55.38185606060607,0.11742424242424243
PV974302.1,plant,1,264.0,6.818181818181818,3.409090909090909,6.0606060606060606,4.924242424242424,7.196969696969697,6.818181818181818,3.787878787878788,4.924242424242424,1.893939393939394,14.772727272727273,1.5151515151515151,1.5151515151515151,4.545454545454546,2.272727272727273,10.606060606060606,6.0606060606060606,4.924242424242424,3.409090909090909,1.1363636363636365,3.409090909090909,30380.765900000035,8.589074516296389,-0.0625,55.20003787878788,0.11742424242424243
PV974301.1,plant,1,264.0,6.818181818181818,3.0303030303030303,6.0606060606060606,4.924242424242424,7.196969696969697,7.196969696969697,3.787878787878788,4.924242424242424,1.893939393939394,14.772727272727273,1.5151515151515151,1.5151515151515151,4.924242424242424,1.893939393939394,10.606060606060606,6.0606060606060606,4.924242424242424,3.409090909090909,1.1363636363636365,3.409090909090909,30303.660300000032,8.64316349029541,-0.0662878787878788,55.31064393939396,0.11742424242424243
PV974300.1,plant,1,264.0,6.976744186046512,2.7131782945736433,6.2015503875969,4.651162790697675,7.364341085271318,7.364341085271318,4.263565891472868,5.426356589147287,1.550387596899225,14.728682170542635,1.550387596899225,1.550387596899225,4.651162790697675,1.937984496124031,10.465116279069768,6.2015503875969,4.651162790697675,3.10077519379845,1.1627906976744187,3.488372093023256,29626.834600000024,8.494112586975099,-0.048449612403100764,53.55546511627908,0.12015503875968991
PV974299.1,plant,1,264.0,6.976744186046512,1.937984496124031,6.2015503875969,4.651162790697675,8.13953488372093,7.364341085271318,4.263565891472868,5.038759689922481,1.550387596899225,14.728682170542635,1.550387596899225,1.550387596899225,4.651162790697675,1.937984496124031,10.465116279069768,6.2015503875969,4.651162790697675,3.488372093023256,1.1627906976744187,3.488372093023256,29700.869800000022,8.632719612121583,-0.04728682170542637,54.30197674418604,0.12790697674418605
PV974298.1,plant,1,264.0,6.818181818181818,3.0303030303030303,6.0606060606060606,4.924242424242424,7.196969696969697,7.196969696969697,3.787878787878788,4.924242424242424,1.893939393939394,14.772727272727273,1.5151515151515151,1.5151515151515151,4.545454545454546,2.272727272727273,10.606060606060606,6.0606060606060606,4.924242424242424,3.409090909090909,1.1363636363636365,3.409090909090909,30334.674300000035,8.64316349029541,-0.07348484848484847,55.38185606060607,0.11742424242424243
PV974297.1,plant,1,264.0,7.364341085271318,2.3255813953488373,6.2015503875969,4.651162790697675,7.364341085271318,7.364341085271318,3.875968992248062,5.038759689922481,1.550387596899225,14.34108527131783,1.550387596899225,1.550387596899225,4.651162790697675,3.10077519379845,10.465116279069768,6.2015503875969,4.651162790697675,3.488372093023256,1.1627906976744187,3.10077519379845,29551.66050000002,8.566832923889162,-0.09031007751937985,57.93139534883721,0.11627906976744186
PV974296.1,plant,1,264.0,6.818181818181818,3.0303030303030303,6.0606060606060606,4.924242424242424,7.196969696969697,7.196969696969697,3.787878787878788,4.924242424242424,1.893939393939394,14.772727272727273,1.5151515151515151,1.5151515151515151,4.545454545454546,2.272727272727273,10.606060606060606,6.0606060606060606,4.924242424242424,3.409090909090909,1.1363636363636365,3.409090909090909,30334.674300000035,8.64316349029541,-0.07348484848484847,55.38185606060607,0.11742424242424243
PV974295.1,plant,1,264.0,7.2796934865900385,1.9157088122605364,6.130268199233717,4.597701149425287,7.662835249042145,7.2796934865900385,4.21455938697318,4.980842911877395,1.5325670498084292,14.559386973180077,1.5325670498084292,1.5325670498084292,4.980842911877395,2.2988505747126435,10.727969348659004,6.130268199233717,4.597701149425287,3.4482758620689653,1.1494252873563218,3.4482758620689653,30006.20400000003,8.866224098205567,-0.08735632183908044,53.25061302681991,0.12260536398467432
PV974294.1,plant,1,264.0,7.335907335907336,1.9305019305019304,6.177606177606178,4.633204633204633,7.722007722007722,7.335907335907336,4.2471042471042475,5.019305019305019,1.5444015444015444,14.285714285714286,1.5444015444015444,1.5444015444015444,5.019305019305019,2.3166023166023164,10.038610038610038,6.563706563706564,4.633204633204633,3.474903474903475,1.1583011583011582,3.474903474903475,29667.75230000002,8.30476894378662,-0.07104247104247105,56.36181467181468,0.12355212355212356
PV974293.1,plant,1,264.0,7.722007722007722,2.3166023166023164,6.177606177606178,4.633204633204633,7.335907335907336,7.335907335907336,3.861003861003861,5.019305019305019,1.5444015444015444,14.285714285714286,1.5444015444015444,1.5444015444015444,4.633204633204633,2.3166023166023164,10.424710424710424,6.563706563706564,4.633204633204633,3.474903474903475,1.1583011583011582,3.474903474903475,29616.730500000016,8.557678413391116,-0.06409266409266406,56.42127413127414,0.1196911196911197
PV389049.1,plant,4,789.0,7.182817190434305,1.4165718425104068,5.445525278494173,6.1742052147340205,4.3113917510321,4.490300747380938,1.5329719900743184,4.826314136556905,6.521099557819197,9.125750310945222,2.251400775377411,5.241045348159799,3.6794048354680173,3.5717037070771447,5.183735923996895,8.392490805689405,6.577866401582252,9.608492269140278,1.055732047826242,3.41117986570097,89175.90360000008,6.841641712188721,-0.1999265729951005,34.79520513157275,0.08778303664559312
PV389048.1,plant,4,789.0,7.144926289580219,1.4165718425104068,5.483416179348258,6.230299276285949,4.3113917510321,4.528191648235024,1.4389870276683032,4.826314136556905,6.333129633007166,9.219735273351237,2.251400775377411,5.241045348159799,3.6794048354680173,3.5717037070771447,5.277720886402911,8.392490805689405,6.577866401582252,9.608492269140278,1.055732047826242,3.41117986570097,89163.12035000007,6.789503955841065,-0.19436919537028133,34.881331149214084,0.08778303664559312
PV389047.1,plant,4,789.0,7.182817190434305,1.401082375348077,5.445525278494173,6.268190177140035,4.3113917510321,4.490300747380938,1.5329719900743184,5.052174962223021,6.389223694559095,9.087859410091136,2.157415812971396,5.241045348159799,3.6794048354680173,3.5717037070771447,5.221626824850981,8.407980272851734,6.577866401582252,9.514507306734263,1.055732047826242,3.41117986570097,89185.12637500008,6.78762378692627,-0.19729833075120476,35.238007770139426,0.08778303664559312
PV389046.1,plant,4,789.0,7.182817190434305,1.401082375348077,5.445525278494173,6.268190177140035,4.3113917510321,4.490300747380938,1.5329719900743184,5.10826902377495,6.389223694559095,9.125750310945222,2.0634308505653807,5.241045348159799,3.6794048354680173,3.5717037070771447,5.221626824850981,8.407980272851734,6.577866401582252,9.514507306734263,1.055732047826242,3.41117986570097,89180.61677500009,6.78762378692627,-0.19511995803462695,35.721842356605585,0.08778303664559312
PV389045.1,plant,4,789.0,7.182817190434305,1.401082375348077,5.445525278494173,6.268190177140035,4.3113917510321,4.490300747380938,1.5329719900743184,5.014284061368936,6.389223694559095,9.125750310945222,2.157415812971396,5.241045348159799,3.6794048354680173,3.5717037070771447,5.221626824850981,8.407980272851734,6.577866401582252,9.514507306734263,1.055732047826242,3.41117986570097,89185.12637500008,6.78762378692627,-0.19756356705718334,35.238007770139426,0.08778303664559312
PV389044.1,plant,4,789.0,7.182817190434305,1.401082375348077,5.445525278494173,6.268190177140035,4.3113917510321,4.490300747380938,1.5329719900743184,5.184050825483123,6.389223694559095,9.087859410091136,2.0634308505653807,5.241045348159799,3.6794048354680173,3.5717037070771447,5.221626824850981,8.407980272851734,6.577866401582252,9.476616405880177,1.055732047826242,3.41117986570097,89187.63007500008,6.78762378692627,-0.19474104902608613,35.76265085682544,0.08778303664559312
PV389043.1,plant,4,789.0,7.182817190434305,1.401082375348077,5.483416179348258,6.268190177140035,4.3113917510321,4.490300747380938,1.5329719900743184,5.184050825483123,6.389223694559095,9.087859410091136,2.0634308505653807,5.203154447305714,3.6794048354680173,3.5717037070771447,5.221626824850981,8.407980272851734,6.577866401582252,9.476616405880177,1.055732047826242,3.41117986570097,89188.1224750001,6.755623435974121,-0.19474104902608613,35.810848082711836,0.08778303664559312
PV389042.1,plant,4,789.0,7.182817190434305,1.401082375348077,5.445525278494173,6.268190177140035,4.3113917510321,4.490300747380938,1.5329719900743184,5.146159924629036,6.389223694559095,9.087859410091136,2.0634308505653807,5.241045348159799,3.6794048354680173,3.5717037070771447,5.221626824850981,8.407980272851734,6.577866401582252,9.514507306734263,1.055732047826242,3.41117986570097,89180.61677500009,6.78762378692627,-0.1948547217286484,35.721842356605585,0.08778303664559312
PV389041.1,plant,4,789.0,7.182817190434305,1.4165718425104068,5.539510240900188,6.268190177140035,4.3113917510321,4.490300747380938,1.4950810892202326,4.864205037410992,6.389223694559095,9.125750310945222,2.251400775377411,5.18495128660787,3.6794048354680173,3.5717037070771447,5.183735923996895,8.392490805689405,6.577866401582252,9.570601368286193,1.055732047826242,3.4490707665550557,89189.38062500009,6.711384391784668,-0.1985654697232702,34.49496872090343,0.08816194565413397
PV389040.1,plant,4,789.0,7.182817190434305,1.401082375348077,5.445525278494173,6.268190177140035,4.3113917510321,4.490300747380938,1.5329719900743184,5.146159924629036,6.389223694559095,9.087859410091136,2.0634308505653807,5.241045348159799,3.6794048354680173,3.5717037070771447,5.221626824850981,8.407980272851734,6.577866401582252,9.514507306734263,1.055732047826242,3.41117986570097,89180.61677500009,6.78762378692627,-0.1948547217286484,35.721842356605585,0.08778303664559312
PV389039.1,plant,4,789.0,7.182817190434305,1.401082375348077,5.445525278494173,6.268190177140035,4.3113917510321,4.490300747380938,1.5329719900743184,5.146159924629036,6.389223694559095,9.087859410091136,2.0634308505653807,5.241045348159799,3.6794048354680173,3.5717037070771447,5.221626824850981,8.407980272851734,6.577866401582252,9.514507306734263,1.055732047826242,3.41117986570097,89180.61677500009,6.78762378692627,-0.1948547217286484,35.721842356605585,0.08778303664559312
PV389038.1,plant,4,789.0,7.182817190434305,1.401082375348077,5.445525278494173,6.268190177140035,4.3113917510321,4.490300747380938,1.5329719900743184,5.146159924629036,6.389223694559095,9.087859410091136,2.0634308505653807,5.241045348159799,3.6794048354680173,3.5717037070771447,5.221626824850981,8.407980272851734,6.577866401582252,9.514507306734263,1.055732047826242,3.41117986570097,89180.61677500009,6.78762378692627,-0.1948547217286484,35.721842356605585,0.08778303664559312
PV389037.1,plant,4,789.0,7.182817190434305,1.401082375348077,5.445525278494173,6.268190177140035,4.3113917510321,4.490300747380938,1.4950810892202326,5.146159924629036,6.389223694559095,9.087859410091136,2.0634308505653807,5.203154447305714,3.6794048354680173,3.5717037070771447,5.221626824850981,8.445871173705818,6.577866401582252,9.514507306734263,1.055732047826242,3.4490707665550557,89180.12107500009,6.781343078613281,-0.19311174028936043,35.718242721024446,0.08816194565413397
PV389036.1,plant,4,789.0,7.182817190434305,1.401082375348077,5.445525278494173,6.268190177140035,4.3113917510321,4.490300747380938,1.5329719900743184,5.146159924629036,6.389223694559095,9.087859410091136,2.0634308505653807,5.241045348159799,3.6794048354680173,3.5717037070771447,5.221626824850981,8.407980272851734,6.577866401582252,9.514507306734263,1.055732047826242,3.41117986570097,89180.61677500009,6.78762378692627,-0.1948547217286484,35.721842356605585,0.08778303664559312
PV389035.1,plant,4,789.0,7.182817190434305,1.4165718425104068,5.445525278494173,6.268190177140035,4.3113917510321,4.490300747380938,1.5329719900743184,5.014284061368936,6.427114595413181,9.125750310945222,2.157415812971396,5.241045348159799,3.6794048354680173,3.5717037070771447,5.183735923996895,8.392490805689405,6.577866401582252,9.514507306734263,1.055732047826242,3.41117986570097,89175.13607500007,6.787552738189698,-0.19682506923570198,35.3012058787589,0.08778303664559312
PV389034.1,plant,4,789.0,7.182817190434305,1.401082375348077,5.445525278494173,6.268190177140035,4.3113917510321,4.490300747380938,1.5329719900743184,5.146159924629036,6.29523873215308,9.087859410091136,2.0634308505653807,5.335030310565815,3.6794048354680173,3.6095946079312307,5.183735923996895,8.407980272851734,6.577866401582252,9.514507306734263,1.055732047826242,3.41117986570097,89163.07110000006,6.71988525390625,-0.19409987287048344,35.94439874758303,0.08778303664559312
PV389033.1,plant,4,789.0,7.08883222802829,1.4165718425104068,5.539510240900188,6.230299276285949,4.3113917510321,4.490300747380938,1.4950810892202326,4.826314136556905,6.427114595413181,9.125750310945222,2.251400775377411,5.18495128660787,3.6794048354680173,3.5717037070771447,5.183735923996895,8.392490805689405,6.671851363988267,9.608492269140278,1.055732047826242,3.4490707665550557,89189.40297500009,6.778923320770263,-0.20118033008939915,34.41107826641248,0.08816194565413397
PV389032.1,plant,4,789.0,7.182817190434305,1.401082375348077,5.445525278494173,6.230299276285949,4.3113917510321,4.490300747380938,1.5329719900743184,5.146159924629036,6.427114595413181,9.087859410091136,2.0634308505653807,5.241045348159799,3.6794048354680173,3.5717037070771447,5.221626824850981,8.407980272851734,6.577866401582252,9.514507306734263,1.055732047826242,3.41117986570097,89180.14592500008,6.862054443359375,-0.19500628533206474,35.710929777159606,0.08778303664559312
PV389031.1,plant,4,789.0,7.182817190434305,1.401082375348077,5.445525278494173,6.268190177140035,4.3113917510321,4.490300747380938,1.5329719900743184,5.146159924629036,6.389223694559095,9.087859410091136,2.0634308505653807,5.241045348159799,3.6794048354680173,3.5717037070771447,5.221626824850981,8.407980272851734,6.577866401582252,9.514507306734263,1.055732047826242,3.41117986570097,89180.61677500009,6.78762378692627,-0.1948547217286484,35.721842356605585,0.08778303664559312
PV389030.1,plant,4,789.0,7.182817190434305,1.401082375348077,5.445525278494173,6.268190177140035,4.3113917510321,4.490300747380938,1.5329719900743184,5.146159924629036,6.389223694559095,9.087859410091136,2.0634308505653807,5.241045348159799,3.6794048354680173,3.5717037070771447,5.221626824850981,8.407980272851734,6.577866401582252,9.514507306734263,1.055732047826242,3.41117986570097,89180.61677500009,6.78762378692627,-0.1948547217286484,35.721842356605585,0.08778303664559312
PV389029.1,plant,4,789.0,7.182817190434305,1.401082375348077,5.445525278494173,6.268190177140035,4.3113917510321,4.490300747380938,1.5329719900743184,5.184050825483123,6.3513327937050095,9.087859410091136,2.0634308505653807,5.241045348159799,3.6794048354680173,3.5717037070771447,5.259517725705068,8.407980272851734,6.577866401582252,9.476616405880177,1.055732047826242,3.41117986570097,89201.63677500008,6.787637996673585,-0.19496839443121064,35.867798106695524,0.08778303664559312
PV389028.1,plant,4,789.0,7.182817190434305,1.401082375348077,5.445525278494173,6.268190177140035,4.3113917510321,4.490300747380938,1.5708628909284044,5.014284061368936,6.3513327937050095,9.125750310945222,2.157415812971396,5.278936249013885,3.6794048354680173,3.5717037070771447,5.221626824850981,8.407980272851734,6.577866401582252,9.514507306734263,1.055732047826242,3.373288964846884,89165.07457500006,6.7618473052978505,-0.19813193056999462,35.103684526611694,0.08740412763705227
PV389027.1,plant,4,789.0,7.182817190434305,1.4165718425104068,5.445525278494173,6.268190177140035,4.3113917510321,4.490300747380938,1.5329719900743184,4.73232917415089,6.427114595413181,9.219735273351237,2.251400775377411,5.241045348159799,3.6794048354680173,3.5717037070771447,5.183735923996895,8.392490805689405,6.577866401582252,9.608492269140278,1.055732047826242,3.41117986570097,89176.13902500008,6.787552738189698,-0.20020852788231855,34.79520513157275,0.08778303664559312
PV389026.1,plant,4,789.0,7.182817190434305,1.401082375348077,5.445525278494173,6.268190177140035,4.3113917510321,4.490300747380938,1.5329719900743184,5.10826902377495,6.389223694559095,9.125750310945222,2.0634308505653807,5.241045348159799,3.6794048354680173,3.5717037070771447,5.221626824850981,8.407980272851734,6.577866401582252,9.514507306734263,1.055732047826242,3.41117986570097,89180.61677500009,6.78762378692627,-0.19511995803462695,35.721842356605585,0.08778303664559312
PV389025.1,plant,4,789.0,7.182817190434305,1.401082375348077,5.445525278494173,6.268190177140035,4.3113917510321,4.490300747380938,1.5329719900743184,5.146159924629036,6.389223694559095,9.087859410091136,2.0634308505653807,5.203154447305714,3.6794048354680173,3.5717037070771447,5.221626824850981,8.407980272851734,6.615757302436338,9.514507306734263,1.055732047826242,3.41117986570097,89174.11742500008,6.78762378692627,-0.19379377650473403,35.7540117314307,0.08778303664559312
PV389024.1,plant,4,789.0,7.182817190434305,1.401082375348077,5.445525278494173,6.268190177140035,4.3113917510321,4.490300747380938,1.5329719900743184,5.014284061368936,6.389223694559095,9.125750310945222,2.157415812971396,5.241045348159799,3.6794048354680173,3.5717037070771447,5.221626824850981,8.407980272851734,6.577866401582252,9.514507306734263,1.055732047826242,3.41117986570097,89185.12637500008,6.78762378692627,-0.19756356705718334,35.238007770139426,0.08778303664559312
PV389023.1,plant,4,789.0,7.22070809128839,1.401082375348077,5.445525278494173,6.268190177140035,4.3113917510321,4.490300747380938,1.5329719900743184,5.146159924629036,6.389223694559095,9.087859410091136,2.0634308505653807,5.241045348159799,3.6794048354680173,3.5717037070771447,5.221626824850981,8.407980272851734,6.539975500728167,9.514507306734263,1.055732047826242,3.41117986570097,89165.60377500008,6.78762378692627,-0.19390744920729627,35.721842356605585,0.08778303664559312
PV389022.1,plant,4,789.0,7.144926289580219,1.4165718425104068,5.445525278494173,6.268190177140035,4.3113917510321,4.490300747380938,1.5329719900743184,4.826314136556905,6.427114595413181,9.125750310945222,2.251400775377411,5.241045348159799,3.6794048354680173,3.5717037070771447,5.183735923996895,8.392490805689405,6.577866401582252,9.646383169994364,1.055732047826242,3.41117986570097,89190.16557500006,6.787552738189698,-0.19864125152497839,34.79520513157275,0.08778303664559312
PV389021.1,plant,4,789.0,7.182817190434305,1.4165718425104068,5.539510240900188,6.230299276285949,4.3113917510321,4.490300747380938,1.4950810892202326,4.826314136556905,6.427114595413181,9.125750310945222,2.289291676231497,5.18495128660787,3.6794048354680173,3.5717037070771447,5.183735923996895,8.392490805689405,6.577866401582252,9.570601368286193,1.055732047826242,3.4490707665550557,89197.92897500009,6.778923320770263,-0.19970219674889275,34.41107826641248,0.08816194565413397
PV389020.1,plant,4,789.0,7.182817190434305,1.4165718425104068,5.539510240900188,6.268190177140035,4.3113917510321,4.490300747380938,1.4950810892202326,4.864205037410992,6.389223694559095,9.125750310945222,2.251400775377411,5.18495128660787,3.6794048354680173,3.5717037070771447,5.183735923996895,8.392490805689405,6.577866401582252,9.570601368286193,1.055732047826242,3.4490707665550557,89189.38062500009,6.711384391784668,-0.1985654697232702,34.49496872090343,0.08816194565413397
PV389019.1,plant,4,789.0,7.182817190434305,1.4165718425104068,5.501619340046102,6.268190177140035,4.3113917510321,4.490300747380938,1.5329719900743184,4.788423235702819,6.389223694559095,9.125750310945222,2.289291676231497,5.18495128660787,3.6794048354680173,3.5717037070771447,5.183735923996895,8.392490805689405,6.577866401582252,9.608492269140278,1.055732047826242,3.4490707665550557,89202.41247500009,6.749850177764893,-0.1995506331454764,34.43964800565646,0.08816194565413397
PV389018.1,plant,4,789.0,7.340049894836821,1.4165718425104068,5.445525278494173,6.192408375431864,4.3113917510321,4.6039734499431955,1.4950810892202326,4.826314136556905,6.427114595413181,9.125750310945222,2.251400775377411,5.241045348159799,3.6794048354680173,3.5717037070771447,5.183735923996895,8.392490805689405,6.420633697179737,9.570601368286193,1.055732047826242,3.4490707665550557,89088.54692500009,6.855915832519532,-0.19429363400552052,34.75920969809016,0.08816194565413397
PV389017.1,plant,4,789.0,7.182817190434305,1.401082375348077,5.445525278494173,6.268190177140035,4.3113917510321,4.490300747380938,1.5329719900743184,5.146159924629036,6.389223694559095,9.087859410091136,2.0634308505653807,5.241045348159799,3.6794048354680173,3.5717037070771447,5.221626824850981,8.407980272851734,6.577866401582252,9.514507306734263,1.055732047826242,3.41117986570097,89180.61677500009,6.78762378692627,-0.1948547217286484,35.721842356605585,0.08778303664559312
PV389016.1,plant,4,789.0,7.22070809128839,1.401082375348077,5.445525278494173,6.268190177140035,4.3113917510321,4.490300747380938,1.5329719900743184,5.184050825483123,6.389223694559095,9.087859410091136,2.0634308505653807,5.241045348159799,3.6794048354680173,3.5717037070771447,5.221626824850981,8.407980272851734,6.577866401582252,9.43872550502609,1.055732047826242,3.41117986570097,89173.60352500009,6.78762378692627,-0.19565043064658413,35.794820231650554,0.08778303664559312
PV389015.1,plant,4,789.0,7.182817190434305,1.401082375348077,5.445525278494173,6.268190177140035,4.3113917510321,4.490300747380938,1.5329719900743184,5.184050825483123,6.389223694559095,9.087859410091136,2.0634308505653807,5.241045348159799,3.6794048354680173,3.5717037070771447,5.221626824850981,8.407980272851734,6.577866401582252,9.476616405880177,1.055732047826242,3.41117986570097,89187.63007500008,6.78762378692627,-0.19474104902608613,35.76265085682544,0.08778303664559312
PV389014.1,plant,4,789.0,7.182817190434305,1.401082375348077,5.445525278494173,6.268190177140035,4.3113917510321,4.490300747380938,1.5329719900743184,5.146159924629036,6.48320865696511,9.087859410091136,2.0634308505653807,5.241045348159799,3.6794048354680173,3.5717037070771447,5.221626824850981,8.407980272851734,6.483881439176238,9.514507306734263,1.055732047826242,3.41117986570097,89187.38387500009,6.815925407409669,-0.19786224052564086,35.77456792051536,0.08778303664559312
PV389013.1,plant,4,789.0,7.182817190434305,1.4165718425104068,5.445525278494173,6.268190177140035,4.3113917510321,4.490300747380938,1.5329719900743184,4.826314136556905,6.427114595413181,9.125750310945222,2.251400775377411,5.241045348159799,3.6794048354680173,3.5717037070771447,5.183735923996895,8.392490805689405,6.577866401582252,9.608492269140278,1.055732047826242,3.41117986570097,89176.13902500008,6.787552738189698,-0.1995506331454764,34.79520513157275,0.08778303664559312
PV389012.1,plant,4,789.0,7.182817190434305,1.4165718425104068,5.445525278494173,6.268190177140035,4.3113917510321,4.490300747380938,1.5329719900743184,4.826314136556905,6.427114595413181,9.125750310945222,2.251400775377411,5.241045348159799,3.6794048354680173,3.5717037070771447,5.183735923996895,8.392490805689405,6.577866401582252,9.608492269140278,1.055732047826242,3.41117986570097,89176.13902500008,6.787552738189698,-0.1995506331454764,34.79520513157275,0.08778303664559312
PV389011.1,plant,4,789.0,7.182817190434305,1.401082375348077,5.445525278494173,6.268190177140035,4.3113917510321,4.490300747380938,1.5329719900743184,5.146159924629036,6.389223694559095,9.087859410091136,2.0634308505653807,5.241045348159799,3.6794048354680173,3.5717037070771447,5.221626824850981,8.407980272851734,6.577866401582252,9.514507306734263,1.055732047826242,3.41117986570097,89180.61677500009,6.78762378692627,-0.1948547217286484,35.721842356605585,0.08778303664559312
PV389010.1,plant,4,789.0,7.182817190434305,1.4165718425104068,5.539510240900188,6.268190177140035,4.3113917510321,4.490300747380938,1.4950810892202326,4.826314136556905,6.389223694559095,9.125750310945222,2.251400775377411,5.18495128660787,3.6794048354680173,3.5717037070771447,5.183735923996895,8.392490805689405,6.577866401582252,9.608492269140278,1.055732047826242,3.4490707665550557,89182.36732500007,6.711384391784668,-0.19867914242583248,34.42199084585846,0.08816194565413397
PV389009.1,plant,4,789.0,7.144926289580219,1.401082375348077,5.445525278494173,6.230299276285949,4.3113917510321,4.528191648235024,1.5329719900743184,5.2401448870350515,6.427114595413181,9.087859410091136,2.0634308505653807,5.241045348159799,3.6794048354680173,3.5717037070771447,5.183735923996895,8.445871173705818,6.577866401582252,9.420522344328248,1.055732047826242,3.41117986570097,89142.08507500008,6.8226934432983395,-0.19415596693203538,35.30794572987066,0.08778303664559312
PV389008.1,plant,4,789.0,7.340049894836821,1.4165718425104068,5.445525278494173,6.268190177140035,4.387173552740272,4.528191648235024,1.5329719900743184,4.9202990989629205,6.389223694559095,9.04996850923705,2.251400775377411,5.241045348159799,3.6794048354680173,3.5717037070771447,5.221626824850981,8.43038170654349,6.420633697179737,9.476616405880177,1.055732047826242,3.373288964846884,89161.07427500008,6.7875811576843255,-0.19787655100541923,35.041231673147124,0.08816194565413397
PV389007.1,plant,4,789.0,7.182817190434305,1.401082375348077,5.326183474945743,6.230299276285949,4.3113917510321,4.396315784974923,1.5329719900743184,5.052174962223021,6.427114595413181,9.087859410091136,2.157415812971396,5.203154447305714,3.585419873062002,3.5717037070771447,5.315611787256996,8.501965235257748,6.577866401582252,9.671740011136778,1.055732047826242,3.41117986570097,89203.43295000007,6.931360530853272,-0.18844447987502594,35.35018255374224,0.08778303664559312
PV389006.1,plant,4,789.0,7.22070809128839,1.401082375348077,5.445525278494173,6.268190177140035,4.3113917510321,4.396315784974923,1.5329719900743184,5.184050825483123,6.389223694559095,9.181844372497151,2.0634308505653807,5.241045348159799,3.585419873062002,3.5717037070771447,5.315611787256996,8.407980272851734,6.539975500728167,9.476616405880177,1.055732047826242,3.41117986570097,89201.41127500008,6.818165683746338,-0.1925719719934558,35.496015518479574,0.08778303664559312
PV389005.1,plant,4,789.0,7.182817190434305,1.401082375348077,5.445525278494173,6.268190177140035,4.3113917510321,4.396315784974923,1.5329719900743184,5.10826902377495,6.389223694559095,9.181844372497151,2.0634308505653807,5.241045348159799,3.585419873062002,3.5717037070771447,5.315611787256996,8.407980272851734,6.577866401582252,9.552398207588348,1.055732047826242,3.41117986570097,89202.39767500007,6.818165683746338,-0.19374658991993246,35.53909747275067,0.08778303664559312
PQ554520.1,plant,8,155.125,3.9362249198063908,2.1524662067633717,4.426748957774996,4.582252259179587,5.094615468512636,4.504376337518577,5.054039040247801,7.676889723944768,5.369178685708976,7.739830275144499,2.488588350435732,5.298204394953634,5.484203830568616,5.036431086540471,6.269946370140879,9.014083741469307,5.423981774146176,4.793990221633275,2.367156987779219,3.2867913677310914,17972.2470625,8.534148502349854,-0.4546628059492551,43.454431349233744,0.10748563824022947
PQ554519.1,plant,8,155.125,3.749657755627286,2.3390333709424764,4.391734952172755,4.395685095000482,5.094615468512636,4.4693623319163365,5.089053045850042,7.5842971313521765,5.463153257295488,7.832422867737092,2.488588350435732,5.390796987546228,5.376445209878959,5.165297065921914,6.141080390759436,8.935275197979855,5.645562943927521,4.793990221633275,2.367156987779219,3.2867913677310914,17979.633349999996,8.558327245712281,-0.4520435863109848,42.14393834855089,0.10748563824022947
PQ554518.1,plant,8,155.125,3.749657755627286,2.1524662067633717,4.426748957774996,4.395685095000482,5.094615468512636,4.411783744925984,5.054039040247801,7.676889723944768,5.55574584988808,7.739830275144499,2.488588350435732,5.298204394953634,5.484203830568616,5.036431086540471,6.269946370140879,9.071662328459658,5.645562943927521,4.793990221633275,2.367156987779219,3.2867913677310914,17981.389174999997,8.600103044509888,-0.4604086100752173,42.77612372767766,0.10748563824022947
PQ628197.1,plant,4,789.0,7.182817190434305,1.4165718425104068,5.445525278494173,6.268190177140035,4.3113917510321,4.490300747380938,1.5329719900743184,4.826314136556905,6.427114595413181,9.087859410091136,2.251400775377411,5.241045348159799,3.6794048354680173,3.5717037070771447,5.183735923996895,8.43038170654349,6.577866401582252,9.608492269140278,1.055732047826242,3.41117986570097,89163.09887500007,6.787552738189698,-0.20129361458476439,34.86818300661771,0.08778303664559312
PQ424984.1,plant,4,262.75,6.191747235079033,1.1889861476546855,3.9696479633833777,4.9161396209549455,4.763222758199853,7.032910168812341,2.4301569764553044,5.166671374662699,3.7585410894686953,7.063369946707984,1.5136277512615322,3.1181059674185443,9.910698508741085,4.483636208165318,7.256745320806285,7.422887807158483,7.170123854336882,6.476693229601893,2.009919825716389,4.15616824541467,29720.77062500002,8.133413410186767,-0.42012680473962005,54.27108123298152,0.10929310829330913
PQ279516.1,plant,4,499.75,8.38984814598994,2.444192650034227,5.8864341162207285,5.06449906272274,3.172691285458468,6.068182588507145,2.3046629988634937,3.7933107878887586,4.002752879435799,7.304859704928381,1.3072435002139213,3.691117323406699,5.94405757463009,3.324589807986495,6.853248396493954,10.432353373863853,5.851559641442407,8.846960718241881,2.075463930817618,3.241971512853403,54892.71905000032,7.33235731124878,-0.3260562982552018,44.84728364533931,0.08490126729129491
PQ279515.1,plant,4,500.25,8.686602210596131,2.6257976965489997,5.4150931508705105,5.578128086632719,2.7733869706944403,6.139526870925249,2.6745970387400617,4.009259710439502,4.0638163595242345,7.116462922231596,1.515778161695938,3.383963429924634,6.06896866993856,2.8968828576167893,7.089543401247223,10.180343938848571,5.668486019709239,8.698269352945092,2.243171838206581,3.1719213126639296,55020.2030000003,7.331630325317382,-0.327277049859382,45.0764350052368,0.0818848012156495
PX375450.1,plant,6,183.66666666666666,4.268558079705815,2.228268479388486,4.767037426072512,4.381247332316634,4.253534164322443,4.413471720393441,4.734767054452884,6.693139196716291,5.492043164250067,7.346299896367531,2.443241029839865,5.8500263404351,5.897337384442378,5.860423752782045,6.396367559056963,9.027667026230905,5.577712017376611,5.649878062957775,1.2601903805191923,3.458789932373062,21134.596316666662,8.462715148925781,-0.5474702448758578,43.54711820013292,0.08972514477214699
PX317654.1,plant,6,395.8333333333333,7.817023697843044,2.8290297739529655,3.6608427152418206,4.539953152774199,4.363401618527485,4.572257256270198,2.276750001585626,6.558864546536076,6.5328185610487,8.668207558189964,2.0690506485774876,4.645254205363038,6.0285386926478495,4.499110662148452,4.006814141765234,9.455903982998842,4.9987346405161786,7.273861825052564,1.2625298729117072,3.9410524460485674,44643.57308333337,7.964817810058594,-0.10004129215513428,42.96803683468147,0.0956698393748776
PX317653.1,plant,6,504.8333333333333,7.322652383099424,1.542632116233429,3.52369402758823,5.999966006185215,3.8400570532398626,7.070601301839127,2.0749798896954985,4.108250819568542,5.064679320245785,8.542818322809362,2.04118699800253,4.046285830900157,6.19590031953517,4.711431030673037,7.4458675769894915,10.409983370573825,5.728819041539016,5.4150396202518,1.7024408978839025,3.2127140731465977,56221.158483333595,8.879189109802248,-0.49311200041633957,55.14446784234229,0.08755212024270363
PX317652.1,plant,6,463.1666666666667,7.956790411791066,3.3115141231670875,3.146527239933133,6.150995901664512,4.812937948183662,7.330653776052524,2.2404167828523094,5.192333818909688,3.780217915031057,9.268894742003235,1.9124423387258191,3.272012686783377,5.087377386514778,3.031938121056036,7.168020903979766,8.719758058460124,4.7353527497126455,8.841179653394333,1.3778803145781386,2.6627551272067125,52040.94843333325,7.643590927124023,0.005934023830092133,47.20053043190555,0.08853573389968512
PX317651.1,plant,6,463.3333333333333,8.186107625237552,3.57019896825271,3.4276742114049044,4.794563835866595,3.316124067928467,6.33236560497564,2.4654793884377635,4.6892922440205895,3.956936185069998,11.184601442175646,2.4039615738686786,4.345075183696673,6.305266281119034,2.626335520327315,7.075870752482458,7.198975346154499,4.849918853406527,8.678135616152622,1.3654027538819566,3.2277145455403744,52013.44623333329,7.674968592325847,0.020234743585464773,39.97764333232003,0.07909241367350799
PX317650.1,plant,1,3065.0,7.536704730831974,1.696574225122349,5.1876019575856445,6.688417618270799,5.024469820554649,5.807504078303426,2.5774877650897228,5.579119086460032,7.210440456769984,8.874388254486133,3.00163132137031,4.306688417618271,3.230016313213703,3.686786296900489,5.1549755301794455,6.9494290375203915,6.296900489396411,6.721044045676998,1.3376835236541598,3.132137030995106,346359.16090000275,8.286588859558108,-0.2720717781402934,38.305203915171546,0.09494290375203915
NC_103145.1,invertebrate,82,194.1829268292683,8.371762266889027,1.6872759455838657,6.290303493699128,6.763292135752037,4.66626935889865,7.729247901127518,2.106683032980356,6.222993270694812,6.735093953604447,6.436580842066017,3.575327079311613,4.771659966803247,3.159913151233861,3.158423642873939,5.240300936207334,5.668108921624352,5.511798827684308,6.823364343077699,1.6361812733350867,3.4454196565527027,21667.71736585369,6.765479013396472,-0.32257754134228445,33.00501043569576,0.0974787028878644
PX926923.1,invertebrate,2,1222.5,5.455778466794379,0.9818987787164042,6.0399932033958965,5.244625119166122,6.130100836343186,4.8735936893831635,1.9929312309973266,6.437902796531928,6.439707204701085,7.941463495319065,2.2691184563889584,4.5063966269596625,5.361610915466485,3.739485563230973,4.261373034322851,9.288303826247523,6.558046307128315,7.357699860759836,0.9505095949404395,4.169460993206403,138718.05835000024,6.660955810546875,-0.24048997951996684,41.19073251829238,0.1125007142449003
PX782584.1,invertebrate,1,2894.0,6.288873531444367,2.073255010366275,5.3904630269523155,5.874222529371113,3.8355217691776087,5.632342778161714,2.4533517622667587,6.046993780234969,5.459571527297857,8.638562543192812,2.7643400138217,4.526606772633034,5.217691776088459,4.111955770559779,5.736005528680027,7.118175535590877,5.563234277816171,7.256392536281963,1.93503800967519,4.077401520387007,328758.5994000033,7.23483066558838,-0.2883897719419496,39.77589149965473,0.09847961299239805
PX394756.1,invertebrate,1,2893.0,6.636709298306257,1.9702730729346698,5.426892499135845,5.945385413066021,4.044244728655375,5.53059108192188,2.523332181126858,6.083650190114068,5.4960248876598685,8.365019011406844,2.76529554096094,4.666436225371586,5.357760110611822,4.044244728655375,5.599723470445904,6.947805046664362,5.53059108192188,7.155202212236433,1.9702730729346698,3.9405461458693396,328519.0054000034,6.878222846984863,-0.2944348427238168,39.820300725890355,0.09955063947459386
PX628457.1,invertebrate,1,239.0,5.439330543933054,0.41841004184100417,3.7656903765690375,3.7656903765690375,5.439330543933054,7.112970711297071,2.928870292887029,2.928870292887029,4.602510460251046,6.694560669456067,1.2552301255230125,3.7656903765690375,5.02092050209205,4.602510460251046,12.133891213389122,8.368200836820083,5.439330543933054,7.949790794979079,1.6736401673640167,6.694560669456067,27918.307000000023,10.401151847839355,-0.6870292887029293,48.902970711297066,0.13807531380753138
PX651953.1,invertebrate,2,1859.0,8.256157219973009,3.258687584345479,4.596828609986504,5.581562078272604,2.981612685560054,5.817729419703104,2.897267206477733,4.589659244264507,5.938765182186234,7.617240215924426,2.4768049932523617,4.02580971659919,6.37862685560054,3.844045209176788,5.400219298245614,6.244939271255061,7.228407557354926,8.095057354925775,1.1070344129554655,3.6635458839406208,206676.37175000075,7.901567459106447,-0.2858949055330633,40.5061818910259,0.07752192982456141
PX843246.1,invertebrate,65,208.58461538461538,7.4607945226005485,1.1347958604279431,5.804512257273231,7.415928894978386,4.144923998760953,7.914241617034734,2.0421693324216452,5.560459024921573,6.30779977687152,8.373645690494358,2.7510040919773684,3.8611849173597097,4.033942471691233,3.6915218711069953,5.901461981420864,6.140045242129446,4.749693699048465,7.473116684906427,1.6800856378361408,3.5586724267384575,23259.487560000027,6.509495670612042,-0.3306501124015494,37.93365421833526,0.09383682063335551
PX843245.1,invertebrate,85,232.2235294117647,10.232985526539554,1.2078855933402144,5.911298737515781,6.47511003162354,3.7532358140434883,6.420415200363624,1.885969253887364,5.110317074953788,5.149138682949823,8.845526560725276,3.053076836678378,3.7051076442933524,4.801817583649699,3.764564449723164,6.449648769437166,5.739864150852688,6.1464486702208,6.954110973612846,1.3762477075876498,3.017230738001809,25671.503830588263,6.774529663534726,-0.25377259402155017,39.06307720322793,0.08146714259632948
PX843244.1,invertebrate,43,280.48837209302326,11.42108598499176,1.4032710940677173,5.762014865078535,5.075892130684455,3.1996468045966107,7.772614975995851,2.2621930110035433,4.359803366357243,5.892908735689727,9.216885962223847,3.1040553774591246,3.4253455837246474,3.8479538461460674,4.304566831659422,6.879433565803048,5.39540613516967,5.704053173734558,6.985023154969906,1.371750760723266,2.6160946399210063,30799.48373255822,7.66135627835296,-0.25473385845930796,34.94367170727312,0.07187492205240884
PX843243.1,invertebrate,60,226.71666666666667,11.766917881896122,1.3715367503926106,5.011311937512803,7.006293415537617,3.573889659015346,7.055046785210868,1.2393097372286697,4.603813233123068,6.208692327203713,7.8895084557937025,2.206054208420098,4.72421875219346,5.253749226607842,3.757658904385363,5.8962746050420956,5.414361198208988,5.162342023893993,6.954191300486457,1.5010901819880784,3.4037394158591048,24872.84089333337,6.904097957611084,-0.3269752250022529,36.55797565586491,0.0847871925686253
PX843242.1,invertebrate,57,239.96491228070175,11.917213042788507,1.468173027204996,5.289444748343561,6.951581721928574,3.6406106731528634,7.537936450658815,1.31527688408848,4.466358646042771,5.9382225735092105,7.8740572616346665,2.069624092626446,4.48113021719571,5.146855304355581,3.854157508129707,5.828310043279107,5.306783358150393,4.8383428003168625,7.225275830949761,1.5659278869248703,3.284717928719118,26277.100019298283,6.749681148194431,-0.30560725367415015,36.87738460282825,0.08491256488796853
PX843241.1,invertebrate,49,271.16326530612247,11.649052022717177,1.4139676377737793,6.0684146890480335,5.410132202350816,2.9615957135816773,7.633741214016001,1.9073229208175244,4.760554614200079,4.937576919382169,8.867818247842337,2.823483971732221,3.82498765257669,4.390514330368054,3.9266999506300007,6.067481330022424,5.36273708055472,6.235567298537201,6.955927330225574,1.9066716784588116,2.89575319516471,29727.054212244962,6.799134705991161,-0.21687959728075074,34.24736574507366,0.07764020587205199
PX585033.1,invertebrate,1,2849.0,6.598806598806599,1.5093015093015092,5.15970515970516,5.7915057915057915,4.071604071604072,6.142506142506143,2.211302211302211,6.0723060723060724,5.019305019305019,7.300807300807301,2.843102843102843,4.317304317304317,4.984204984204984,3.6855036855036856,5.405405405405405,7.686907686907687,7.265707265707266,8.143208143208144,1.4391014391014392,4.352404352404353,319997.99040000164,6.537018394470215,-0.2421200421200421,40.141965601965886,0.09863109863109865
PX572653.1,invertebrate,2,1861.0,8.289706638547708,3.244208601016709,4.482891045543601,5.690216294676274,3.026368032909596,5.706895653928518,2.861787506590381,4.557842390632221,5.94857550135713,7.507827094439346,2.440637753607623,4.053149388477736,6.349465935053017,3.850198199605553,5.448894443251124,6.254613266680987,7.419987893226065,8.047668795115634,1.108892620726016,3.7101729446147638,206555.17060000074,7.997199058532715,-0.29622317470855863,41.88209155259639,0.07845433598250376
PV585565.1,invertebrate,1,643.0,4.354587869362364,4.043545878693624,6.065318818040436,4.043545878693624,3.421461897356143,7.620528771384137,1.5552099533437014,7.309486780715397,5.287713841368585,7.776049766718507,4.821150855365475,6.376360808709176,2.7993779160186625,2.488335925349922,4.976671850699844,9.797822706065318,4.665629860031104,5.909797822706065,1.8662519440124417,4.821150855365475,72394.37890000027,7.367492866516113,-0.17029548989113527,40.28367029548998,0.10108864696734059
PV585567.1,invertebrate,3,224.33333333333334,8.78997704958312,2.7332848450058655,5.6668286568189705,6.853243445106538,2.416615840897404,7.050295224334618,2.068038038331871,6.727972872628992,8.18816732604269,8.331539482653465,1.9402669467248093,2.9216663459479086,3.081862647571398,3.502738068446819,3.7359386568298425,4.9461083768478025,7.939365672655954,8.497389131874117,0.7456982917105618,3.8630030799872586,24523.546033333358,7.348945045471191,-0.1389457485195296,32.31815059974406,0.07025317212595224
PV585561.1,invertebrate,1,2111.0,5.11605873993368,1.6106110847939366,6.442444339175746,6.584557081951682,3.3633349123638085,5.258171482709616,2.3211747986736144,6.868782567503553,7.48460445286594,9.000473709142586,3.3159639981051634,6.0161061108479394,3.458076740881099,3.3159639981051634,4.831833254381809,6.963524396020843,5.826622453813359,6.30033159639981,1.1369019422074846,4.784462340123165,241495.14049999992,6.410551643371583,-0.40620558976788257,38.626432970156664,0.09284699194694458
PV585563.1,invertebrate,1,2439.0,6.601066010660107,1.8040180401804018,5.699056990569906,6.929069290692907,3.7720377203772038,4.674046740467404,2.6240262402624026,5.658056580565805,5.986059860598606,10.168101681016811,3.321033210332103,3.6490364903649035,4.674046740467404,3.977039770397704,5.3710537105371055,7.5440754407544075,6.027060270602706,6.888068880688807,1.3120131201312013,3.321033210332103,276486.2516000004,6.128459739685058,-0.2560885608856081,43.55109881098843,0.08405084050840508
LC902872.1,invertebrate,1,3448.0,8.67169373549884,1.8851508120649652,4.901392111368909,4.872389791183295,2.87122969837587,9.019721577726218,2.4071925754060324,5.568445475638051,4.959396751740139,8.38167053364269,3.5672853828306264,3.625290023201856,4.292343387470997,2.668213457076566,6.322505800464037,6.409512761020881,6.2645011600928076,8.033642691415313,2.523201856148492,2.7552204176334105,380010.38940000447,8.932110786437988,-0.11783642691415289,32.743744199536195,0.08149651972157772
PV347098.2,invertebrate,177,552.3954802259886,6.722997844074877,1.5408631298678617,6.118779513162226,5.71541799617253,3.3213028219098506,4.413998039511854,2.5608913184776503,4.645030224414082,4.663066221385104,7.7993707820761005,2.1822341763908426,5.770509442632426,4.992865951845235,3.989451063306407,8.215596121215547,9.136955826398772,8.684049207422051,6.068063645790666,0.8532462752493754,2.6053103986965396,61777.11004463293,7.6563627243041985,-0.6080239601799147,47.99360799170498,0.06779859495855765
PV600894.1,invertebrate,2,1877.5,8.173546325878593,2.917252396166134,4.4771884984025565,5.756230031948881,3.097571884984026,5.634952076677316,3.0173162939297127,4.576932907348243,6.3350798722044726,8.053546325878594,2.038338658146965,4.016549520766773,6.4740575079872205,3.3169968051118213,5.096485623003195,6.874888178913738,7.553546325878594,7.634121405750799,1.0589137380191693,3.896485623003195,208476.03580000106,8.226405525207522,-0.30384562300319445,41.22717388498431,0.0805297124600639
PQ810643.1,invertebrate,4,535.0,8.427279290862224,2.2114238329467657,6.153795791157012,3.0122680788442477,4.319839438302401,5.203442513420976,2.863394025235013,4.150915395349054,1.9759521076104831,10.001052074631673,1.9483220474241525,2.8728424740641874,6.036147188167451,3.0421331535054765,8.312152322439436,9.348983587596855,6.40890050666032,7.943023659185766,1.2265990445478403,4.541533468048666,59870.73580000027,8.41388168334961,-0.11231119018118114,45.09480230019441,0.10087971950898905
PQ810642.1,invertebrate,4,535.0,8.427279290862224,2.2114238329467657,6.153795791157012,3.0122680788442477,4.319839438302401,5.203442513420976,2.8928751573104847,4.150915395349054,1.9759521076104831,10.001052074631673,1.9483220474241525,2.8728424740641874,6.036147188167451,3.0421331535054765,8.312152322439436,9.348983587596855,6.40890050666032,7.943023659185766,1.2265990445478403,4.512052335973193,59864.227325000276,8.414671421051025,-0.1128713316906151,45.04993201717554,0.10058490818823435
PQ810641.1,invertebrate,4,535.25,8.141556354799556,2.6220416263433624,5.445688393760294,3.219579212915363,3.7454427006393516,5.036657768183349,2.807357410887139,3.8773701020589946,2.1416847656477396,10.763016767491342,2.359663411476286,3.05194117590415,6.251045232570813,2.9954793034759235,7.6230419397380516,9.411759533917316,6.888492604366778,7.4900833122142085,1.2747770564447474,4.853321327165236,59837.84815000027,7.977324295043945,-0.08972031701448677,45.7382342587013,0.09873541084249335
PQ810640.1,invertebrate,4,535.25,8.156263745224368,2.62522144110831,5.286158031522944,3.2237481500964025,3.7498705294535313,5.042869673104858,2.822661204024625,3.8798379648328067,2.1404550303903243,10.780080853665211,2.364285409015321,3.052948577112059,6.215575584556749,2.9599083749699426,7.6747989990265655,9.461233012624035,6.895776633404481,7.504402365189309,1.2753778414111292,4.88852657926703,59854.37425000027,8.100352096557616,-0.08429404280063435,46.266488524192894,0.0991377495013169
PQ810638.1,invertebrate,4,535.25,8.209124555317732,2.6207471681776613,5.4144297447900325,3.258348234978108,3.6962007652132978,5.035039695476223,2.511123029028054,3.904810099440438,2.1404550303903243,10.776409378043512,2.388138975390291,3.080157848185015,6.21849212543485,2.9945084598516476,7.746538426578592,9.429110304800545,6.845516593265506,7.428731026622815,1.274259273178467,5.027859265836894,59891.42585000027,8.076359844207765,-0.08902860056075648,47.07726382160339,0.09998319304228659
PQ810637.1,invertebrate,4,535.25,8.19049403977909,2.6501935757159414,5.355536929713471,3.3172410500546685,3.6962007652132978,5.035039695476223,2.5405694365663347,3.7978403612869545,2.1296391383906865,10.75777886250487,2.465662306005494,3.032150298600994,6.314645971588696,2.965062052313368,7.698461503501669,9.506564261922845,6.845516593265506,7.458177434161096,1.274259273178467,4.968966450760334,59849.64077500026,8.00940923690796,-0.08847829687601527,48.27352433942609,0.09939426489152098
PQ223729.1,invertebrate,1,3341.0,6.944028733912003,2.0353187668362764,4.908709967075726,4.72912301706076,4.250224483687519,7.72223885064352,2.3346303501945527,6.135887458844658,4.160431008680036,8.70996707572583,3.352289733612691,3.711463633642622,4.4896737503741395,2.8733912002394493,6.465130200538761,7.363064950613588,6.584854833882071,8.231068542352588,2.3944926668662077,2.604010775217001,372517.2786000045,8.6756555557251,-0.04744088596228704,37.61234959592968,0.09248727925770728
PQ433001.1,invertebrate,1,3423.0,8.442886356996786,1.8404907975460123,4.5281916447560615,6.368682442302074,2.775343266140812,9.027169149868536,2.2787028921998247,4.849547180835525,5.550686532281624,9.144025708442886,3.7978381536663743,3.0090563832895123,4.148407829389424,2.1910604732690624,6.42711072158925,5.872042068361087,6.573181419807186,7.975460122699387,2.716914986853637,2.483201869704937,378975.25630000455,8.730389213562013,-0.14569091440257026,37.35045866199267,0.07975460122699386
PQ295854.1,invertebrate,5,775.2,7.322580397907087,1.6936083074815886,5.143709067320518,5.831903596513685,4.280422345906153,6.737352791933004,2.0821465259375107,5.6028416489701,4.604310196662696,9.566175130825211,2.8770316113532024,3.027307034522468,5.884843276304236,3.343351087587666,6.37709473791991,10.436733158074967,5.518374973387883,5.806687459369298,1.6339120117353918,2.229614640287422,86763.64682000011,7.2662448501586905,-0.21901963569158922,46.1983228076006,0.08143948997928967
PQ295853.1,invertebrate,5,775.2,7.332191161962831,1.6645385400397281,5.105028535822915,5.870584128011288,4.280422345906153,6.694156247656546,2.1112162933793712,5.633553465559518,4.570724416441981,9.624314665708933,2.8479618439113423,3.0563768019643285,5.826703741420515,3.343351087587666,6.381610750698765,10.407663390633106,5.518374973387883,5.838631190442455,1.6339120117353918,2.258684407729283,86785.66858000013,7.260774879455566,-0.21507612059585898,46.174478267882165,0.08173018765370828
PQ305976.1,invertebrate,6,521.5,8.535097832749466,1.8766631061144714,6.072206642019844,4.793300064320314,3.315482228993958,5.644726325851932,2.836870899813592,4.910206664791853,2.9878801434230695,11.566970348754092,2.489430261064275,3.259167441749319,6.212582746008274,5.400279790644254,7.436979138810174,5.748801110734494,5.930579549746106,6.247078841712379,1.4146165294992272,3.3210803331989065,58483.52775000021,7.119894727071126,-0.22717243102577792,45.35727421465936,0.08051179091692091
PX309090.1,invertebrate,1,2893.0,6.4638783269961975,2.073971655720705,5.357760110611822,6.049083995852056,4.044244728655375,5.4960248876598685,2.523332181126858,6.152782578638092,5.357760110611822,8.434151399930867,2.6270307639128934,4.562737642585551,5.254061527825787,3.905979951607328,5.7034220532319395,7.08606982371241,5.807120636017975,7.29346698928448,1.9702730729346698,3.8368475630833045,328374.84940000327,6.7880762100219725,-0.2779467680608374,40.17024887659894,0.0985136536467335
PX309089.1,invertebrate,1,2893.0,6.567576909782233,2.0394054614586934,5.426892499135845,5.945385413066021,3.9751123401313517,5.4960248876598685,2.419633598340823,6.152782578638092,5.461458693397857,8.399585205668856,2.799861735222952,4.631870031109575,5.288627722087798,4.009678534393363,5.565157276183892,7.155202212236433,5.53059108192188,7.189768406498445,1.9702730729346698,3.9751123401313517,328354.93520000344,6.770399284362793,-0.2815762184583485,40.114044244728916,0.09920497753197374
GQ342961.1,invertebrate,2,937.0,6.88685319484445,1.1236799796430597,4.8467896051087695,6.050984882658431,3.7294711693545795,5.85287740983636,1.8846876996014719,6.66085774174188,7.225171665297971,7.932138391210531,2.243118930026873,5.930565354903465,5.64840839312542,4.728490591983427,4.528969442741607,5.568599933428692,7.0542453345465255,5.603556295807936,2.5288100828542897,3.971723901284261,105767.07445000025,7.353089332580566,-0.4468816225920902,41.4075603800478,0.1023000515349313
PV899697.1,invertebrate,5,768.8,4.244101248738749,1.8754876058555379,5.171920293318639,6.954036443607713,4.992040916511407,4.082997445210769,2.497074050255123,9.28530666180508,7.638491836420712,9.181732693831218,2.4245227205173068,5.000165788417602,4.421130672827585,3.816893206433915,3.6467909254139057,7.430350269558502,6.694431433027278,5.383567794546108,0.9579198302316092,4.3010381634712385,88890.35448000011,6.841842231750488,-0.230848791321791,39.622906532955774,0.10250998910214255
OQ418663.1,invertebrate,1,3434.0,8.357600465928947,1.659871869539895,4.601048340128131,6.086196854979615,3.20326150262085,8.532323820617355,1.9219569015725102,5.329062317996505,5.707629586488061,8.969132207338381,3.0576587070471755,3.7274315666860804,4.222481071636575,2.5626092020966804,5.998835177635411,5.620267909143855,7.134536983110076,7.979033197437391,2.708211997670355,2.6208503203261504,380757.06590000424,8.722717475891113,-0.14781595806639442,34.6782789749566,0.08532323820617355
PQ572747.1,invertebrate,2,1222.5,5.70080205943119,1.0126113094289348,5.978568141970834,5.3979622217076315,6.160587816034573,4.93479319978708,1.9929312309973266,6.253853163277888,6.592818756221449,7.880038433894003,2.2076933949638966,4.322346993705622,5.331123935775098,3.8009106246560345,4.169460993206403,9.22732986686475,6.40493475560795,7.541749494013876,0.9505095949404395,4.138974013515017,138566.8603000002,6.644358825683594,-0.23707295673329914,41.678409248795,0.1125007142449003
PV656429.1,invertebrate,1,2849.0,6.669006669006669,1.5093015093015092,5.124605124605124,5.7915057915057915,4.106704106704107,6.177606177606178,2.2464022464022464,6.0723060723060724,5.054405054405055,7.300807300807301,2.843102843102843,4.282204282204282,4.984204984204984,3.6855036855036856,5.440505440505441,7.651807651807652,7.23060723060723,8.073008073008072,1.4391014391014392,4.317304317304317,319987.06220000156,6.652117347717286,-0.2435942435942435,39.60440856440885,0.09863109863109863
PV593706.1,invertebrate,5,759.2,7.4433839545197555,2.1239568651325764,5.884060308413418,4.9037350153117885,4.605661083399871,4.975736225843697,2.0363583167656634,6.855591311726113,6.497450417741566,10.786615784665399,3.385136443436982,3.7648060624469637,4.2497750574290105,3.3075371147470007,4.005056614612624,8.509236514666249,5.431960648236344,6.22065731663915,1.4292778057951019,3.5840071384707293,85424.07982000019,7.397340965270996,-0.01733243143368627,38.968914062247016,0.09618946027665702
PV563872.1,invertebrate,1,3411.0,7.299912049252419,1.8762826150688947,4.778657285253591,6.097918498973908,3.2834945763705656,8.853708589856348,2.2867194371152153,5.101143359718558,5.628847845206685,9.146877748460861,3.8405159777191438,3.2834945763705656,4.0457343887423045,2.7264731750219875,6.244503078276165,6.391087657578423,6.009967751392553,8.29668718850777,2.491937848138376,2.316036352975667,378979.39770000475,8.679910469055176,-0.14180592201700326,37.45400469070685,0.08091468777484609
PV563871.1,invertebrate,1,3411.0,7.299912049252419,1.8762826150688947,4.778657285253591,6.097918498973908,3.2834945763705656,8.853708589856348,2.2867194371152153,5.101143359718558,5.628847845206685,9.146877748460861,3.8405159777191438,3.2834945763705656,4.0457343887423045,2.7264731750219875,6.244503078276165,6.391087657578423,6.009967751392553,8.29668718850777,2.491937848138376,2.316036352975667,378979.39770000475,8.679910469055176,-0.14180592201700326,37.45400469070685,0.08091468777484609
PV563870.1,invertebrate,1,3411.0,7.299912049252419,1.8762826150688947,4.778657285253591,6.097918498973908,3.2834945763705656,8.853708589856348,2.2867194371152153,5.101143359718558,5.628847845206685,9.146877748460861,3.8405159777191438,3.2834945763705656,4.0457343887423045,2.7264731750219875,6.244503078276165,6.391087657578423,6.009967751392553,8.29668718850777,2.491937848138376,2.316036352975667,378979.39770000475,8.679910469055176,-0.14180592201700326,37.45400469070685,0.08091468777484609
PV563869.1,invertebrate,1,3411.0,7.299912049252419,1.8762826150688947,4.778657285253591,6.097918498973908,3.2834945763705656,8.853708589856348,2.2867194371152153,5.101143359718558,5.628847845206685,9.146877748460861,3.8405159777191438,3.2834945763705656,4.0457343887423045,2.7264731750219875,6.244503078276165,6.391087657578423,6.009967751392553,8.29668718850777,2.491937848138376,2.316036352975667,378979.39770000475,8.679910469055176,-0.14180592201700326,37.45400469070685,0.08091468777484609
LC867272.1,invertebrate,138,276.8985507246377,5.149740429915146,2.5636567589952293,5.821335586102167,5.056290050494371,4.8078430535928085,3.2208578993083488,2.268798960077644,6.757869158521483,7.391986551735455,9.421759064295706,2.844852685199219,8.121162206478692,3.6751196204234375,3.6482287010670382,4.959277605132171,6.2468425880553475,6.029970223797437,6.602578969183155,0.6466615849200356,4.765168302705108,31957.72424347831,7.515107890142912,-0.32344130699544116,41.205144638575746,0.10219672941217951
GQ410979.1,invertebrate,6,675.3333333333334,4.794592145784409,1.1663066932882564,4.973811082575321,7.031953387948984,4.090148752733429,5.192389610559395,1.9860758965149532,6.923165191982892,7.000843236500001,9.954413216745543,2.1513206261418047,5.85943547981422,4.85715753909935,3.1802050554430354,4.438070821247094,8.5686375982525,6.248108736402005,6.100935396374602,1.586642928485481,3.895786604106723,77063.05586666682,7.274652290344238,-0.33167562483602026,38.79232742296361,0.09572578285325634
GQ375258.1,invertebrate,6,662.1666666666666,4.660082577703625,1.283122529247339,5.29663544932722,6.3089854395418525,3.982251293564879,5.382427942712474,3.0521388404783703,6.965328429032479,4.647518264653505,9.180159060568416,2.8273055079800593,4.301887812550044,5.772432885600934,3.633838655859931,5.223145982576582,7.826431402900134,7.395087688599758,6.680776516742921,1.2694524560325842,4.310991264326894,75079.03833333334,6.667632484436036,-0.2695842156493638,42.11757516681157,0.09562695013924356
PV165523.1,invertebrate,1,3349.0,7.0468796655718124,2.0005971931919975,4.8671245147805315,4.80740519558077,4.2400716631830395,7.6739325171693045,2.299193789190803,6.031651239175873,4.210212003583159,8.629441624365482,3.4338608539862645,3.613018811585548,4.478948939982084,2.866527321588534,6.479546133174082,7.345476261570618,6.598984771573604,8.330845028366676,2.388772767990445,2.65750970438937,373498.5081000046,8.695318412780761,-0.04804419229620816,37.57699611824457,0.09286354135562855
PV165522.1,invertebrate,1,3341.0,7.033822208919485,2.005387608500449,4.818916492068243,4.788985333732415,4.250224483687519,7.6923076923076925,2.3046991918587247,6.135887458844658,4.190362167015864,8.59024244238252,3.352289733612691,3.681532475306794,4.519604908709967,2.8733912002394493,6.4351990422029335,7.363064950613588,6.644717150553727,8.290930859024245,2.3944926668662077,2.6339419335528285,372412.1564000046,8.696930122375488,-0.046542951212212205,37.49277461837806,0.09278659084106555
PP418870.1,invertebrate,1,2893.0,6.498444521258209,2.0394054614586934,5.357760110611822,6.049083995852056,4.044244728655375,5.4960248876598685,2.488765986864846,6.187348772900104,5.3923263048738335,8.399585205668856,2.6270307639128934,4.562737642585551,5.254061527825787,3.9405461458693396,5.668855858969928,7.051503629450398,5.807120636017975,7.258900795022468,1.9702730729346698,3.905979951607328,328445.8990000032,6.782562828063964,-0.279917041133772,40.1901244382996,0.09920497753197374
OR820583.1,invertebrate,2,1316.0,5.835047739621248,1.304663185103128,5.577754919027273,5.48095690246347,4.735058289813789,5.896238856359129,1.8634277575565754,7.00176715725062,5.976552197077597,7.326317455293559,3.155035079390199,4.824339294192119,4.642744105079918,4.255024529197658,4.760642506725747,7.644273882998365,6.732869124861528,6.991216964709606,1.6642928733449385,4.331777179933534,150171.68530000013,6.754200172424316,-0.2719362240860894,38.385807577675976,0.10731128343092261
OR820580.1,invertebrate,6,665.8333333333334,4.660004423669597,1.2651443990074782,5.246456937895251,6.270655773477574,3.877370736356253,5.356277283564942,3.013669558570804,6.975257474876407,4.911972291718775,9.050462218620998,2.9494037120057244,4.261747733975299,5.80831616463421,3.752816599196962,5.168365953882794,7.902015036372056,7.380593074595616,6.616271284843573,1.2644400660310489,4.268759276704638,75476.51915000001,6.770302645365398,-0.28450049512030445,42.28446415133317,0.0941057007909194
OR820564.1,invertebrate,4,504.25,6.630109757051294,1.7754728294882616,6.198509897921861,5.587577270648333,4.866384286696649,4.596395860069336,1.3454953692135485,5.206506307955741,6.323775906811799,8.673123320609164,2.701537009743918,5.212540973696251,3.745487308405851,3.458703536052362,5.453191826231115,8.495869158666197,6.247879150899125,9.000814590038935,1.2066750591569888,3.2739505806432705,57070.00502500012,6.80312271118164,-0.20129783148365987,36.35316326749955,0.09347009926496906
PQ673601.1,invertebrate,2,1861.0,8.229270308645813,3.2970132972659245,4.5922465435399955,5.57613280683208,2.9789943618763344,5.813310998486827,2.8552393611508404,4.646464253881392,5.873941556287958,7.610236200070476,2.434744418879423,4.022798644362913,6.4146288062516845,3.8210530543291252,5.435730313206061,6.21965233298095,7.2428901602305,8.168996020148,1.0860060008705927,3.680650560703107,206825.61615000077,7.980045318603515,-0.2778527130879091,40.658335234516144,0.07745650923450034
PP437989.1,invertebrate,1,2893.0,6.498444521258209,2.0394054614586934,5.357760110611822,6.014517801590045,4.044244728655375,5.4960248876598685,2.523332181126858,6.152782578638092,5.3923263048738335,8.434151399930867,2.6270307639128934,4.562737642585551,5.219495333563775,3.905979951607328,5.668855858969928,7.120636017974421,5.807120636017975,7.29346698928448,1.9702730729346698,3.8714137573453162,328338.79230000323,6.831501197814942,-0.2769443484272391,40.07432768752186,0.09885931558935362
PP437988.1,invertebrate,1,2893.0,6.533010715520221,2.073971655720705,5.357760110611822,6.014517801590045,4.009678534393363,5.4960248876598685,2.488765986864846,6.083650190114068,5.288627722087798,8.434151399930867,2.6961631524369167,4.562737642585551,5.219495333563775,4.009678534393363,5.772554441755963,7.08606982371241,5.807120636017975,7.258900795022468,1.9702730729346698,3.8368475630833045,328383.82310000324,6.825760459899903,-0.28209471137227876,39.795551330798745,0.09816799170411339
PP437987.1,invertebrate,1,2893.0,6.4638783269961975,2.0394054614586934,5.357760110611822,6.049083995852056,4.044244728655375,5.4960248876598685,2.523332181126858,6.152782578638092,5.357760110611822,8.434151399930867,2.6270307639128934,4.597303836847563,5.254061527825787,3.905979951607328,5.7034220532319395,7.08606982371241,5.772554441755963,7.29346698928448,1.9702730729346698,3.8714137573453162,328447.87840000325,6.788303565979004,-0.28022813688213016,40.17698928448003,0.09885931558935362
PP437986.1,invertebrate,1,2893.0,6.567576909782233,2.073971655720705,5.288627722087798,6.049083995852056,4.044244728655375,5.4960248876598685,2.419633598340823,6.083650190114068,5.3923263048738335,8.46871759419288,2.661596958174905,4.597303836847563,5.254061527825787,3.9751123401313517,5.634289664707915,7.051503629450398,5.772554441755963,7.29346698928448,1.9702730729346698,3.905979951607328,328288.8559000033,6.814222145080566,-0.27372969236087197,39.4157034220535,0.09920497753197374
PP437985.1,invertebrate,1,2893.0,6.498444521258209,2.0394054614586934,5.357760110611822,6.049083995852056,4.044244728655375,5.4960248876598685,2.523332181126858,6.187348772900104,5.3923263048738335,8.46871759419288,2.6270307639128934,4.562737642585551,5.254061527825787,3.905979951607328,5.668855858969928,7.016937435188386,5.807120636017975,7.258900795022468,1.9702730729346698,3.8714137573453162,328430.97380000324,6.788303565979004,-0.2764604217075709,40.3593605254064,0.09885931558935362
PP437984.1,invertebrate,1,2893.0,6.4638783269961975,2.0394054614586934,5.357760110611822,6.049083995852056,4.078810922917387,5.4960248876598685,2.523332181126858,6.118216384376081,5.3923263048738335,8.399585205668856,2.6270307639128934,4.562737642585551,5.254061527825787,3.905979951607328,5.668855858969928,7.08606982371241,5.807120636017975,7.328033183546491,1.9702730729346698,3.8714137573453162,328426.8559000032,6.788303565979004,-0.2795022468026279,40.150857241617956,0.09920497753197374
PP437983.1,invertebrate,1,2893.0,6.429312132734186,2.0048392671966817,5.357760110611822,6.014517801590045,4.078810922917387,5.53059108192188,2.523332181126858,6.083650190114068,5.599723470445904,8.330452817144833,2.6270307639128934,4.666436225371586,5.357760110611822,3.9751123401313517,5.4960248876598685,6.947805046664362,5.668855858969928,7.397165572070515,1.9702730729346698,3.9405461458693396,328491.0003000034,6.877938652038575,-0.28804009678534465,40.12030072589036,0.09989630141721398
PP437982.1,invertebrate,1,2893.0,6.533010715520221,2.0394054614586934,5.3923263048738335,5.945385413066021,4.044244728655375,5.53059108192188,2.488765986864846,5.979951607328033,5.4960248876598685,8.365019011406844,2.6961631524369167,4.701002419633598,5.32319391634981,4.078810922917387,5.599723470445904,6.91323885240235,5.634289664707915,7.362599377808503,1.9702730729346698,3.905979951607328,328450.9298000034,6.921988868713378,-0.2913930176287598,39.61919460767397,0.09920497753197374
PP437981.1,invertebrate,1,2893.0,6.4638783269961975,2.073971655720705,5.357760110611822,6.049083995852056,4.044244728655375,5.4960248876598685,2.523332181126858,6.118216384376081,5.3923263048738335,8.434151399930867,2.661596958174905,4.562737642585551,5.254061527825787,3.905979951607328,5.668855858969928,7.08606982371241,5.772554441755963,7.328033183546491,1.9702730729346698,3.8368475630833045,328362.90150000324,6.7880762100219725,-0.2769443484272391,40.20930867611501,0.0985136536467335
PP437980.1,invertebrate,1,2893.0,6.567576909782233,2.073971655720705,5.357760110611822,6.014517801590045,4.044244728655375,5.4960248876598685,2.4541997926028345,6.049083995852056,5.254061527825787,8.434151399930867,2.6961631524369167,4.562737642585551,5.254061527825787,3.9751123401313517,5.841686830279986,7.016937435188386,5.807120636017975,7.258900795022468,1.9702730729346698,3.8714137573453162,328493.9816000032,6.866741371154785,-0.28195644659523067,39.845464915313094,0.09885931558935362
PP437979.1,invertebrate,1,2893.0,6.498444521258209,2.0394054614586934,5.357760110611822,6.049083995852056,4.044244728655375,5.4960248876598685,2.488765986864846,6.118216384376081,5.357760110611822,8.434151399930867,2.6270307639128934,4.562737642585551,5.254061527825787,3.905979951607328,5.7034220532319395,7.08606982371241,5.807120636017975,7.29346698928448,1.9702730729346698,3.905979951607328,328418.8339000032,6.782619667053221,-0.27953681299688987,40.19081576218484,0.09920497753197374
PP437978.1,invertebrate,1,2893.0,6.4638783269961975,2.0394054614586934,5.357760110611822,6.049083995852056,4.044244728655375,5.4960248876598685,2.523332181126858,6.152782578638092,5.357760110611822,8.434151399930867,2.6270307639128934,4.562737642585551,5.288627722087798,3.905979951607328,5.7034220532319395,7.051503629450398,5.807120636017975,7.29346698928448,1.9702730729346698,3.8714137573453162,328444.91760000325,6.788303565979004,-0.2795368129968899,40.23353957829268,0.09885931558935362
PP437977.1,invertebrate,1,2893.0,6.602143104044245,2.073971655720705,5.288627722087798,6.152782578638092,4.044244728655375,5.4960248876598685,2.4541997926028345,6.118216384376081,5.254061527825787,8.50328378845489,2.661596958174905,4.52817144832354,5.254061527825787,3.9405461458693396,5.772554441755963,7.051503629450398,5.772554441755963,7.189768406498445,1.9702730729346698,3.8714137573453162,328405.8833000032,6.697588539123536,-0.27608019357068886,40.14587970964422,0.09885931558935362
PP437976.1,invertebrate,1,2893.0,6.4638783269961975,2.0394054614586934,5.32319391634981,6.083650190114068,4.044244728655375,5.4960248876598685,2.523332181126858,6.152782578638092,5.3923263048738335,8.434151399930867,2.6270307639128934,4.562737642585551,5.254061527825787,3.905979951607328,5.668855858969928,7.08606982371241,5.807120636017975,7.29346698928448,1.9702730729346698,3.8714137573453162,328420.89290000324,6.78841724395752,-0.27905288627722175,40.09824749395117,0.09885931558935362
PP437975.1,invertebrate,1,2893.0,6.4638783269961975,2.0394054614586934,5.32319391634981,6.083650190114068,4.044244728655375,5.4960248876598685,2.523332181126858,6.152782578638092,5.3923263048738335,8.434151399930867,2.6270307639128934,4.562737642585551,5.254061527825787,3.905979951607328,5.668855858969928,7.08606982371241,5.807120636017975,7.29346698928448,1.9702730729346698,3.8714137573453162,328420.89290000324,6.78841724395752,-0.27905288627722175,40.09824749395117,0.09885931558935362
PP437974.1,invertebrate,1,2893.0,6.602143104044245,2.0394054614586934,5.3923263048738335,5.945385413066021,3.9405461458693396,5.4960248876598685,2.350501209816799,6.221914967162116,5.461458693397857,8.399585205668856,2.7307293466989284,4.701002419633598,5.32319391634981,4.044244728655375,5.565157276183892,7.155202212236433,5.565157276183892,7.08606982371241,1.9702730729346698,4.009678534393363,328273.73020000337,6.802342796325683,-0.28593155893536204,40.33855167646069,0.09920497753197374
PP437973.1,invertebrate,1,2893.0,6.498444521258209,2.0394054614586934,5.32319391634981,6.049083995852056,4.044244728655375,5.53059108192188,2.523332181126858,6.256481161424127,5.3923263048738335,8.434151399930867,2.5924645696508812,4.562737642585551,5.254061527825787,3.905979951607328,5.668855858969928,7.051503629450398,5.772554441755963,7.258900795022468,1.9702730729346698,3.8714137573453162,328340.8727000033,6.831614875793457,-0.2742827514690641,39.956042170757264,0.09885931558935362
PP437972.1,invertebrate,1,2893.0,6.567576909782233,2.0048392671966817,5.461458693397857,5.91081921880401,3.9751123401313517,5.565157276183892,2.350501209816799,6.152782578638092,5.461458693397857,8.434151399930867,2.76529554096094,4.631870031109575,5.32319391634981,4.078810922917387,5.565157276183892,7.120636017974421,5.4960248876598685,7.155202212236433,1.9702730729346698,4.009678534393363,328288.7859000034,6.75851993560791,-0.2842032492222614,39.659809885931836,0.09955063947459386
PP437971.1,invertebrate,1,2893.0,6.533010715520221,2.0394054614586934,5.357760110611822,6.049083995852056,4.044244728655375,5.4960248876598685,2.523332181126858,6.152782578638092,5.32319391634981,8.434151399930867,2.6270307639128934,4.562737642585551,5.254061527825787,3.9405461458693396,5.7034220532319395,7.08606982371241,5.772554441755963,7.258900795022468,1.9702730729346698,3.8714137573453162,328376.7575000032,6.747606849670411,-0.2790874524714838,40.108997580366655,0.09885931558935362
PP437970.1,invertebrate,1,2893.0,6.567576909782233,2.0048392671966817,5.426892499135845,5.945385413066021,3.9751123401313517,5.565157276183892,2.350501209816799,6.152782578638092,5.461458693397857,8.434151399930867,2.76529554096094,4.631870031109575,5.32319391634981,4.078810922917387,5.565157276183892,7.120636017974421,5.4960248876598685,7.155202212236433,1.9702730729346698,4.009678534393363,328302.8125000034,6.758633613586426,-0.2842032492222614,39.83907016937463,0.09955063947459386
PP437969.1,invertebrate,1,2893.0,6.567576909782233,2.0048392671966817,5.426892499135845,5.945385413066021,3.9751123401313517,5.565157276183892,2.350501209816799,6.152782578638092,5.461458693397857,8.434151399930867,2.76529554096094,4.631870031109575,5.32319391634981,4.078810922917387,5.565157276183892,7.120636017974421,5.4960248876598685,7.155202212236433,1.9702730729346698,4.009678534393363,328302.8125000034,6.758633613586426,-0.2842032492222614,39.83907016937463,0.09955063947459386
PP437968.1,invertebrate,1,2893.0,6.567576909782233,2.0048392671966817,5.426892499135845,5.945385413066021,3.9751123401313517,5.565157276183892,2.350501209816799,6.152782578638092,5.461458693397857,8.434151399930867,2.76529554096094,4.631870031109575,5.32319391634981,4.078810922917387,5.565157276183892,7.120636017974421,5.4960248876598685,7.155202212236433,1.9702730729346698,4.009678534393363,328302.8125000034,6.758633613586426,-0.2842032492222614,39.83907016937463,0.09955063947459386
PP437967.1,invertebrate,1,2893.0,6.567576909782233,2.0048392671966817,5.426892499135845,5.945385413066021,3.9751123401313517,5.565157276183892,2.350501209816799,6.152782578638092,5.461458693397857,8.434151399930867,2.76529554096094,4.631870031109575,5.32319391634981,4.078810922917387,5.565157276183892,7.120636017974421,5.4960248876598685,7.155202212236433,1.9702730729346698,4.009678534393363,328302.8125000034,6.758633613586426,-0.2842032492222614,39.83907016937463,0.09955063947459386
PP437966.1,invertebrate,1,2893.0,6.567576909782233,2.0048392671966817,5.426892499135845,5.945385413066021,3.9751123401313517,5.565157276183892,2.350501209816799,6.152782578638092,5.461458693397857,8.434151399930867,2.76529554096094,4.631870031109575,5.32319391634981,4.078810922917387,5.565157276183892,7.120636017974421,5.4960248876598685,7.155202212236433,1.9702730729346698,4.009678534393363,328302.8125000034,6.758633613586426,-0.2842032492222614,39.83907016937463,0.09955063947459386
PP437965.1,invertebrate,1,2893.0,6.567576909782233,2.0048392671966817,5.426892499135845,5.945385413066021,3.9751123401313517,5.565157276183892,2.350501209816799,6.152782578638092,5.461458693397857,8.434151399930867,2.76529554096094,4.631870031109575,5.32319391634981,4.078810922917387,5.565157276183892,7.120636017974421,5.4960248876598685,7.155202212236433,1.9702730729346698,4.009678534393363,328302.8125000034,6.758633613586426,-0.2842032492222614,39.83907016937463,0.09955063947459386
PP437964.1,invertebrate,1,2893.0,6.70584168683028,2.0048392671966817,5.426892499135845,5.91081921880401,3.9751123401313517,5.53059108192188,2.385067404078811,6.187348772900104,5.4960248876598685,8.50328378845489,2.6961631524369167,4.631870031109575,5.254061527825787,4.078810922917387,5.565157276183892,7.120636017974421,5.4960248876598685,7.120636017974421,1.9702730729346698,3.9405461458693396,328123.6434000034,6.855430412292479,-0.2793985482198418,39.74152436916723,0.09885931558935362
PP437963.1,invertebrate,1,2893.0,6.4638783269961975,2.073971655720705,5.357760110611822,6.049083995852056,4.044244728655375,5.4960248876598685,2.523332181126858,6.187348772900104,5.357760110611822,8.434151399930867,2.6270307639128934,4.562737642585551,5.254061527825787,3.905979951607328,5.668855858969928,7.08606982371241,5.772554441755963,7.29346698928448,1.9702730729346698,3.8714137573453162,328393.89060000324,6.747322654724122,-0.2750432077428285,39.804434842724085,0.09885931558935362
PP437962.1,invertebrate,1,2893.0,6.567576909782233,2.0048392671966817,5.426892499135845,5.945385413066021,3.9751123401313517,5.53059108192188,2.419633598340823,6.118216384376081,5.4960248876598685,8.434151399930867,2.6961631524369167,4.597303836847563,5.288627722087798,4.009678534393363,5.599723470445904,7.051503629450398,5.668855858969928,7.224334600760456,1.9702730729346698,3.9751123401313517,328327.8257000034,6.861284828186036,-0.28517110266159773,39.967034220532575,0.09920497753197374
PP437961.1,invertebrate,1,2893.0,6.429312132734186,2.0394054614586934,5.357760110611822,6.049083995852056,4.044244728655375,5.4960248876598685,2.523332181126858,6.152782578638092,5.357760110611822,8.46871759419288,2.6270307639128934,4.597303836847563,5.254061527825787,3.9405461458693396,5.634289664707915,7.08606982371241,5.737988247493951,7.362599377808503,1.9702730729346698,3.8714137573453162,328402.8740000032,6.709126853942871,-0.2744901486346363,40.17138956100958,0.09885931558935362
PP437960.1,invertebrate,1,2893.0,6.4638783269961975,2.0394054614586934,5.357760110611822,6.049083995852056,4.044244728655375,5.4960248876598685,2.488765986864846,6.152782578638092,5.3923263048738335,8.434151399930867,2.6270307639128934,4.631870031109575,5.254061527825787,3.905979951607328,5.668855858969928,7.08606982371241,5.737988247493951,7.328033183546491,1.9702730729346698,3.8714137573453162,328394.8554000032,6.782619667053221,-0.2784306947805056,40.25023505012123,0.09885931558935362
PP437959.1,invertebrate,1,2893.0,6.4638783269961975,2.0394054614586934,5.357760110611822,6.049083995852056,4.044244728655375,5.4960248876598685,2.488765986864846,6.152782578638092,5.3923263048738335,8.434151399930867,2.6270307639128934,4.631870031109575,5.254061527825787,3.905979951607328,5.668855858969928,7.08606982371241,5.737988247493951,7.328033183546491,1.9702730729346698,3.8714137573453162,328394.8554000032,6.782619667053221,-0.2784306947805056,40.25023505012123,0.09885931558935362
PP437958.1,invertebrate,1,2892.0,6.572120373573158,1.9716361120719474,5.430646835005189,5.914908336215842,3.977862331373227,5.5690072639225185,2.4558976132826014,6.157039086821169,5.465236942234521,8.439986163957109,2.698028363887928,4.635074368730543,5.292286406087859,3.977862331373227,5.638187478381183,7.090971982013144,5.60359737115185,7.160152196471809,1.9716361120719474,3.977862331373227,328103.51130000345,6.917328071594238,-0.2876167416118998,40.73789000345929,0.099273607748184
PP437957.1,invertebrate,1,2893.0,6.429312132734186,2.0394054614586934,5.357760110611822,6.049083995852056,4.044244728655375,5.4960248876598685,2.523332181126858,6.152782578638092,5.32319391634981,8.46871759419288,2.6270307639128934,4.597303836847563,5.254061527825787,3.9405461458693396,5.668855858969928,7.08606982371241,5.737988247493951,7.362599377808503,1.9702730729346698,3.8714137573453162,328430.8874000032,6.709183692932128,-0.27469754580020833,40.20073625993803,0.09885931558935362
PP437956.1,invertebrate,1,2893.0,6.498444521258209,2.0394054614586934,5.32319391634981,6.049083995852056,4.044244728655375,5.4960248876598685,2.523332181126858,6.152782578638092,5.3923263048738335,8.434151399930867,2.6270307639128934,4.562737642585551,5.254061527825787,3.905979951607328,5.668855858969928,7.08606982371241,5.737988247493951,7.362599377808503,1.9702730729346698,3.8714137573453162,328358.9110000033,6.831614875793457,-0.27383339094365805,40.15085724161795,0.09885931558935362
PP437955.1,invertebrate,1,2893.0,6.498444521258209,2.0394054614586934,5.32319391634981,6.049083995852056,4.044244728655375,5.4960248876598685,2.523332181126858,6.152782578638092,5.3923263048738335,8.434151399930867,2.6270307639128934,4.562737642585551,5.254061527825787,3.905979951607328,5.668855858969928,7.08606982371241,5.737988247493951,7.362599377808503,1.9702730729346698,3.8714137573453162,328358.9110000033,6.831614875793457,-0.27383339094365805,40.15085724161795,0.09885931558935362
PP437954.1,invertebrate,1,2893.0,6.636709298306257,1.9702730729346698,5.3923263048738335,5.945385413066021,4.009678534393363,5.565157276183892,2.4541997926028345,6.118216384376081,5.461458693397857,8.434151399930867,2.7307293466989284,4.631870031109575,5.288627722087798,4.009678534393363,5.634289664707915,7.08606982371241,5.4960248876598685,7.189768406498445,1.9702730729346698,3.9751123401313517,328348.85440000345,6.917441749572753,-0.2851365364673358,40.654175596267116,0.09955063947459386
PP437953.1,invertebrate,1,2893.0,6.4638783269961975,2.0394054614586934,5.357760110611822,6.049083995852056,4.044244728655375,5.4960248876598685,2.523332181126858,6.152782578638092,5.3923263048738335,8.50328378845489,2.6270307639128934,4.597303836847563,5.254061527825787,3.905979951607328,5.668855858969928,6.982371240926374,5.807120636017975,7.29346698928448,1.9702730729346698,3.8714137573453162,328486.05220000324,6.788303565979004,-0.2768060836501911,40.15085724161795,0.09885931558935362
PP437952.1,invertebrate,1,2893.0,6.56984785615491,1.9709543568464731,5.394190871369295,5.947441217150761,3.9419087136929463,5.532503457814661,2.455048409405256,6.154910096818811,5.463347164591978,8.4716459197787,2.800829875518672,4.668049792531121,5.29045643153527,4.011065006915629,5.636237897648686,7.088520055325034,5.532503457814661,7.123098201936376,1.9709543568464731,3.9764868603042878,328360.95140000345,6.917441749572753,-0.28845089903181276,39.989083679115055,0.09889349930843706
PP437951.1,invertebrate,1,2893.0,6.498444521258209,2.0394054614586934,5.32319391634981,6.049083995852056,4.044244728655375,5.4960248876598685,2.488765986864846,6.187348772900104,5.3923263048738335,8.434151399930867,2.6270307639128934,4.597303836847563,5.254061527825787,3.905979951607328,5.668855858969928,7.08606982371241,5.772554441755963,7.29346698928448,1.9702730729346698,3.8714137573453162,328351.87380000326,6.826044654846191,-0.27552713446249655,40.15431386104415,0.09885931558935362
PP437950.1,invertebrate,1,2893.0,6.498444521258209,2.0394054614586934,5.32319391634981,6.049083995852056,4.044244728655375,5.4960248876598685,2.488765986864846,6.187348772900104,5.3923263048738335,8.434151399930867,2.6270307639128934,4.597303836847563,5.254061527825787,3.905979951607328,5.668855858969928,7.08606982371241,5.772554441755963,7.29346698928448,1.9702730729346698,3.8714137573453162,328351.87380000326,6.826044654846191,-0.27552713446249655,40.15431386104415,0.09885931558935362
PP437949.1,invertebrate,1,2893.0,6.4638783269961975,2.0394054614586934,5.32319391634981,6.049083995852056,4.044244728655375,5.4960248876598685,2.523332181126858,6.152782578638092,5.3923263048738335,8.434151399930867,2.6270307639128934,4.562737642585551,5.254061527825787,3.905979951607328,5.668855858969928,7.08606982371241,5.772554441755963,7.362599377808503,1.9702730729346698,3.8714137573453162,328388.9370000033,6.831614875793457,-0.2746975458002082,40.098904251642146,0.09885931558935362
PP437948.1,invertebrate,1,2893.0,6.678200692041522,2.0069204152249136,5.397923875432526,5.986159169550173,4.013840830449827,5.536332179930795,2.3529411764705883,6.055363321799308,5.432525951557094,8.477508650519031,2.7335640138408306,4.6366782006920415,5.294117647058823,4.083044982698962,5.570934256055363,7.093425605536332,5.432525951557094,7.231833910034602,1.972318339100346,4.013840830449827,327946.3735000034,6.717425346374512,-0.27996539792387626,40.27160207612483,0.1
PP437947.1,invertebrate,1,2893.0,6.56984785615491,2.040110650069156,5.394190871369295,5.947441217150761,3.9764868603042878,5.4979253112033195,2.351313969571231,6.1203319502074685,5.4979253112033195,8.437067773167358,2.6970954356846475,4.668049792531121,5.29045643153527,4.045643153526971,5.5670816044260025,7.157676348547718,5.636237897648686,7.157676348547718,1.9709543568464731,3.9764868603042878,328146.5660000034,6.8494054794311525,-0.2864107883817436,40.34198824343041,0.09923928077455048
PP437946.1,invertebrate,1,2893.0,6.636709298306257,2.0048392671966817,5.426892499135845,5.945385413066021,3.9751123401313517,5.53059108192188,2.385067404078811,6.152782578638092,5.461458693397857,8.434151399930867,2.799861735222952,4.631870031109575,5.288627722087798,4.078810922917387,5.565157276183892,7.08606982371241,5.4960248876598685,7.155202212236433,1.9702730729346698,3.9751123401313517,328308.88660000346,6.764715385437013,-0.2819910127894928,39.94816107846553,0.09920497753197374
PP437945.1,invertebrate,1,2893.0,6.567576909782233,2.0048392671966817,5.426892499135845,5.945385413066021,3.9751123401313517,5.53059108192188,2.4541997926028345,6.152782578638092,5.461458693397857,8.434151399930867,2.76529554096094,4.631870031109575,5.288627722087798,4.078810922917387,5.4960248876598685,7.120636017974421,5.565157276183892,7.120636017974421,1.9702730729346698,4.009678534393363,328350.76930000336,6.696792793273925,-0.28565502938126597,40.23215693052222,0.09955063947459386
PP437944.1,invertebrate,1,2893.0,6.636709298306257,2.0048392671966817,5.461458693397857,5.945385413066021,3.9751123401313517,5.53059108192188,2.385067404078811,6.083650190114068,5.4960248876598685,8.399585205668856,2.799861735222952,4.597303836847563,5.288627722087798,4.078810922917387,5.53059108192188,7.120636017974421,5.565157276183892,7.155202212236433,1.9702730729346698,3.9751123401313517,328231.6703000034,6.723507118225098,-0.2869685447632225,39.927594192879624,0.09920497753197374
PP437943.1,invertebrate,1,2893.0,6.4638783269961975,2.0394054614586934,5.357760110611822,6.049083995852056,4.044244728655375,5.4960248876598685,2.523332181126858,6.152782578638092,5.3923263048738335,8.399585205668856,2.6270307639128934,4.562737642585551,5.254061527825787,3.8714137573453162,5.737988247493951,7.08606982371241,5.807120636017975,7.29346698928448,1.9702730729346698,3.8714137573453162,328477.95090000326,6.87805233001709,-0.28226754234358886,40.01587625302479,0.09885931558935362
PP437941.1,invertebrate,1,2893.0,6.533010715520221,1.9702730729346698,5.3923263048738335,5.979951607328033,3.9405461458693396,5.53059108192188,2.4541997926028345,6.049083995852056,5.357760110611822,8.46871759419288,2.799861735222952,4.701002419633598,5.288627722087798,4.009678534393363,5.634289664707915,7.120636017974421,5.634289664707915,7.155202212236433,1.9702730729346698,4.009678534393363,328461.79360000347,6.735898017883301,-0.29201520912547624,40.30716557207078,0.09920497753197374
PP437940.1,invertebrate,1,2893.0,6.533010715520221,1.9702730729346698,5.426892499135845,5.91081921880401,3.9751123401313517,5.4960248876598685,2.5578983753888695,6.118216384376081,5.599723470445904,8.434151399930867,2.6270307639128934,4.73556861389561,5.32319391634981,3.9751123401313517,5.4960248876598685,6.982371240926374,5.634289664707915,7.29346698928448,1.9702730729346698,3.9405461458693396,328354.7913000034,6.933072471618652,-0.2904597303836855,39.16150362945067,0.09885931558935362
PP437939.1,invertebrate,1,2893.0,6.533010715520221,2.0394054614586934,5.357760110611822,6.049083995852056,4.009678534393363,5.461458693397857,2.523332181126858,6.221914967162116,5.3923263048738335,8.46871759419288,2.6270307639128934,4.562737642585551,5.254061527825787,3.905979951607328,5.668855858969928,7.08606982371241,5.772554441755963,7.224334600760456,1.9702730729346698,3.8714137573453162,328384.90390000324,6.788303565979004,-0.27687521603871507,40.11376771517481,0.0985136536467335
PP437938.1,invertebrate,1,2893.0,6.602143104044245,1.9702730729346698,5.426892499135845,5.876253024541998,3.9751123401313517,5.53059108192188,2.488765986864846,6.118216384376081,5.426892499135845,8.434151399930867,2.76529554096094,4.701002419633598,5.288627722087798,4.009678534393363,5.634289664707915,7.120636017974421,5.565157276183892,7.155202212236433,1.9702730729346698,3.9405461458693396,328325.75990000344,6.922614097595214,-0.288662288282061,39.795516764604486,0.09885931558935362
PP437937.1,invertebrate,1,2893.0,6.500691562932227,1.9363762102351314,5.394190871369295,5.912863070539419,3.9073305670816043,5.532503457814661,2.4896265560165975,6.1203319502074685,5.4287690179806365,8.437067773167358,2.800829875518672,4.702627939142462,5.255878284923928,4.045643153526971,5.601659751037344,7.226832641770401,5.4979253112033195,7.226832641770401,1.9709543568464731,4.011065006915629,328318.7191000035,6.872879981994629,-0.290214384508991,40.129125172890994,0.09889349930843706
PP437936.1,invertebrate,1,2893.0,6.533010715520221,1.9702730729346698,5.426892499135845,5.945385413066021,3.9405461458693396,5.4960248876598685,2.523332181126858,6.118216384376081,5.4960248876598685,8.434151399930867,2.834427929484964,4.597303836847563,5.288627722087798,3.9751123401313517,5.565157276183892,7.189768406498445,5.53059108192188,7.155202212236433,1.9702730729346698,4.009678534393363,328510.07160000346,6.831671714782716,-0.2889042516418951,40.153587970964665,0.09920497753197374
PP437935.1,invertebrate,1,2892.0,6.604426002766251,1.9363762102351314,5.359612724757953,5.982019363762102,3.9419087136929463,5.532503457814661,2.420470262793914,6.154910096818811,5.463347164591978,8.437067773167358,2.731673582295989,4.668049792531121,5.29045643153527,4.080221300138312,5.601659751037344,7.123098201936376,5.5670816044260025,7.123098201936376,1.9709543568464731,4.011065006915629,328281.65120000346,6.862023735046387,-0.29204702627939216,40.8093118948827,0.09923928077455048
PP437934.1,invertebrate,1,2893.0,6.578947368421052,1.9736842105263157,5.332409972299169,5.990304709141275,3.9473684210526314,5.5055401662049865,2.4930747922437675,6.232686980609419,5.43628808864266,8.379501385041552,2.7354570637119116,4.674515235457064,5.297783933518006,4.016620498614959,5.64404432132964,7.167590027700831,5.54016620498615,7.098337950138504,1.9736842105263157,3.981994459833795,327911.2803000034,6.922898292541503,-0.2914127423822722,40.519539473684475,0.09903047091412742
PP437933.1,invertebrate,1,2893.0,6.567576909782233,1.9702730729346698,5.357760110611822,5.979951607328033,3.905979951607328,5.4960248876598685,2.488765986864846,6.152782578638092,5.426892499135845,8.434151399930867,2.799861735222952,4.666436225371586,5.288627722087798,4.009678534393363,5.634289664707915,7.155202212236433,5.53059108192188,7.155202212236433,1.9702730729346698,4.009678534393363,328503.02110000345,6.8728231430053714,-0.28980297269270733,40.298696854476574,0.09885931558935362
PP437932.1,invertebrate,1,2893.0,6.533010715520221,1.9357068786726581,5.3923263048738335,5.945385413066021,3.905979951607328,5.4960248876598685,2.419633598340823,6.187348772900104,5.461458693397857,8.434151399930867,2.76529554096094,4.701002419633598,5.288627722087798,4.078810922917387,5.599723470445904,7.155202212236433,5.565157276183892,7.120636017974421,1.9702730729346698,4.044244728655375,328529.95040000346,6.861853218078613,-0.2937435188385767,40.791023159350424,0.09920497753197374
PP437931.1,invertebrate,1,2893.0,6.4638783269961975,2.0048392671966817,5.357760110611822,6.049083995852056,4.044244728655375,5.4960248876598685,2.523332181126858,6.118216384376081,5.3923263048738335,8.434151399930867,2.661596958174905,4.562737642585551,5.254061527825787,3.905979951607328,5.7034220532319395,7.08606982371241,5.807120636017975,7.29346698928448,1.9702730729346698,3.8714137573453162,328477.9475000032,6.831955909729005,-0.28237124092637483,40.34539578292456,0.09885931558935362
PP437930.1,invertebrate,1,2893.0,6.567576909782233,1.9702730729346698,5.3923263048738335,5.945385413066021,3.9405461458693396,5.53059108192188,2.4541997926028345,6.118216384376081,5.461458693397857,8.46871759419288,2.799861735222952,4.666436225371586,5.288627722087798,4.009678534393363,5.634289664707915,7.120636017974421,5.53059108192188,7.120636017974421,1.9702730729346698,4.009678534393363,328498.04430000344,6.917384910583496,-0.2906325613549957,39.95932595921216,0.09920497753197374
PP437929.1,invertebrate,1,2893.0,6.533010715520221,1.9357068786726581,5.3923263048738335,5.945385413066021,3.9751123401313517,5.53059108192188,2.488765986864846,6.187348772900104,5.426892499135845,8.365019011406844,2.7307293466989284,4.666436225371586,5.32319391634981,4.044244728655375,5.634289664707915,7.120636017974421,5.599723470445904,7.189768406498445,1.9702730729346698,3.9405461458693396,328403.78250000346,6.87310733795166,-0.29149671621154594,40.34601797442127,0.09885931558935362
PP437928.1,invertebrate,1,2893.0,6.4638783269961975,2.0394054614586934,5.3923263048738335,6.049083995852056,4.044244728655375,5.4960248876598685,2.488765986864846,6.152782578638092,5.3923263048738335,8.434151399930867,2.6270307639128934,4.562737642585551,5.219495333563775,3.905979951607328,5.668855858969928,7.120636017974421,5.807120636017975,7.29346698928448,1.9702730729346698,3.8714137573453162,328374.77650000324,6.741809272766114,-0.2788800553059117,40.07432768752186,0.09885931558935362
PP437927.1,invertebrate,1,2893.0,6.533010715520221,1.9702730729346698,5.3923263048738335,5.945385413066021,3.9751123401313517,5.4960248876598685,2.4541997926028345,6.187348772900104,5.461458693397857,8.434151399930867,2.76529554096094,4.666436225371586,5.32319391634981,4.044244728655375,5.599723470445904,7.120636017974421,5.599723470445904,7.120636017974421,1.9702730729346698,3.9405461458693396,328443.97060000343,6.8671960830688485,-0.288800553059109,40.64553404770161,0.09885931558935362
PP437926.1,invertebrate,1,2893.0,6.498444521258209,2.0394054614586934,5.32319391634981,6.049083995852056,4.044244728655375,5.53059108192188,2.523332181126858,6.256481161424127,5.3923263048738335,8.434151399930867,2.5924645696508812,4.562737642585551,5.254061527825787,3.905979951607328,5.668855858969928,7.016937435188386,5.7034220532319395,7.362599377808503,1.9702730729346698,3.8714137573453162,328348.98060000327,6.831614875793457,-0.26916695471828644,40.088430694780754,0.09885931558935362
PP437925.1,invertebrate,1,2893.0,6.4638783269961975,2.0394054614586934,5.357760110611822,6.014517801590045,4.044244728655375,5.53059108192188,2.523332181126858,6.152782578638092,5.3923263048738335,8.434151399930867,2.6270307639128934,4.562737642585551,5.254061527825787,3.905979951607328,5.668855858969928,7.08606982371241,5.807120636017975,7.29346698928448,1.9702730729346698,3.8714137573453162,328334.80360000324,6.831501197814942,-0.27798133425509935,40.028216384376336,0.09885931558935362
PP437924.1,invertebrate,1,2893.0,6.498444521258209,2.0394054614586934,5.32319391634981,6.049083995852056,4.044244728655375,5.53059108192188,2.523332181126858,6.256481161424127,5.3923263048738335,8.434151399930867,2.5924645696508812,4.562737642585551,5.254061527825787,3.905979951607328,5.668855858969928,7.016937435188386,5.7034220532319395,7.362599377808503,1.9702730729346698,3.8714137573453162,328348.98060000327,6.831614875793457,-0.26916695471828644,40.088430694780754,0.09885931558935362
PP437923.1,invertebrate,1,2893.0,6.498444521258209,2.0394054614586934,5.32319391634981,6.049083995852056,4.044244728655375,5.53059108192188,2.523332181126858,6.256481161424127,5.3923263048738335,8.434151399930867,2.5924645696508812,4.562737642585551,5.254061527825787,3.905979951607328,5.668855858969928,7.08606982371241,5.772554441755963,7.258900795022468,1.9702730729346698,3.8368475630833045,328264.7768000033,6.831614875793457,-0.2741099204977541,39.98538886968569,0.0985136536467335
PP437922.1,invertebrate,1,2893.0,6.533010715520221,1.9702730729346698,5.3923263048738335,5.945385413066021,3.9751123401313517,5.4960248876598685,2.4541997926028345,6.187348772900104,5.461458693397857,8.434151399930867,2.76529554096094,4.666436225371586,5.32319391634981,4.044244728655375,5.599723470445904,7.120636017974421,5.599723470445904,7.120636017974421,1.9702730729346698,3.9405461458693396,328443.97060000343,6.8671960830688485,-0.288800553059109,40.64553404770161,0.09885931558935362
PP437921.1,invertebrate,1,2893.0,6.498444521258209,2.0394054614586934,5.32319391634981,6.049083995852056,4.044244728655375,5.53059108192188,2.523332181126858,6.256481161424127,5.3923263048738335,8.434151399930867,2.5924645696508812,4.562737642585551,5.254061527825787,3.905979951607328,5.668855858969928,7.051503629450398,5.772554441755963,7.258900795022468,1.9702730729346698,3.8714137573453162,328340.8727000033,6.831614875793457,-0.2742827514690641,39.956042170757264,0.09885931558935362
PP437920.1,invertebrate,1,2893.0,6.533010715520221,1.9702730729346698,5.3923263048738335,5.945385413066021,3.9751123401313517,5.4960248876598685,2.4541997926028345,6.221914967162116,5.461458693397857,8.434151399930867,2.7307293466989284,4.666436225371586,5.32319391634981,4.044244728655375,5.599723470445904,7.120636017974421,5.599723470445904,7.120636017974421,1.9702730729346698,3.9405461458693396,328425.9322000034,6.8671960830688485,-0.2879018320082967,40.738171448323804,0.09885931558935362
PP437919.1,invertebrate,1,2893.0,6.498444521258209,2.0394054614586934,5.32319391634981,6.049083995852056,4.044244728655375,5.53059108192188,2.523332181126858,6.256481161424127,5.3923263048738335,8.434151399930867,2.5924645696508812,4.562737642585551,5.254061527825787,3.905979951607328,5.668855858969928,7.051503629450398,5.772554441755963,7.258900795022468,1.9702730729346698,3.8714137573453162,328340.8727000033,6.831614875793457,-0.2742827514690641,39.956042170757264,0.09885931558935362
PP437918.1,invertebrate,1,2893.0,6.533010715520221,1.9702730729346698,5.3923263048738335,5.945385413066021,3.9751123401313517,5.4960248876598685,2.4541997926028345,6.187348772900104,5.461458693397857,8.434151399930867,2.76529554096094,4.666436225371586,5.32319391634981,4.044244728655375,5.599723470445904,7.120636017974421,5.599723470445904,7.120636017974421,1.9702730729346698,3.9405461458693396,328443.97060000343,6.8671960830688485,-0.288800553059109,40.64553404770161,0.09885931558935362
PP437917.1,invertebrate,1,2893.0,6.498444521258209,2.0394054614586934,5.32319391634981,6.049083995852056,4.044244728655375,5.53059108192188,2.488765986864846,6.221914967162116,5.3923263048738335,8.434151399930867,2.5924645696508812,4.562737642585551,5.254061527825787,3.905979951607328,5.668855858969928,7.051503629450398,5.772554441755963,7.29346698928448,1.9702730729346698,3.905979951607328,328352.8800000033,6.825987815856934,-0.27372969236087197,39.80415831316998,0.09920497753197374
PP437916.1,invertebrate,1,2893.0,6.498444521258209,2.0394054614586934,5.32319391634981,6.049083995852056,4.044244728655375,5.4960248876598685,2.523332181126858,6.118216384376081,5.32319391634981,8.46871759419288,2.6270307639128934,4.562737642585551,5.254061527825787,3.905979951607328,5.737988247493951,7.051503629450398,5.737988247493951,7.397165572070515,1.9702730729346698,3.8714137573453162,328426.99150000326,6.831671714782716,-0.2727618389215356,40.06537504320799,0.09885931558935362
PP437915.1,invertebrate,1,2893.0,6.498444521258209,2.0394054614586934,5.32319391634981,6.049083995852056,4.044244728655375,5.4960248876598685,2.523332181126858,6.118216384376081,5.32319391634981,8.50328378845489,2.6270307639128934,4.562737642585551,5.254061527825787,3.905979951607328,5.737988247493951,7.051503629450398,5.737988247493951,7.362599377808503,1.9702730729346698,3.8714137573453162,328441.0181000033,6.831671714782716,-0.2729001036985836,40.06537504320799,0.09885931558935362
PP437914.1,invertebrate,1,2893.0,6.6712754925682685,2.0048392671966817,5.3923263048738335,6.014517801590045,4.009678534393363,5.53059108192188,2.523332181126858,6.118216384376081,5.565157276183892,8.365019011406844,2.6961631524369167,4.597303836847563,5.288627722087798,3.9751123401313517,5.4960248876598685,7.016937435188386,5.565157276183892,7.258900795022468,1.9702730729346698,3.9405461458693396,328221.7036000033,6.788246726989747,-0.2834082267542352,39.46343933632934,0.09920497753197374
PP437913.1,invertebrate,1,2893.0,6.505190311418685,2.0761245674740483,5.397923875432526,6.055363321799308,4.048442906574395,5.501730103806229,2.5259515570934257,6.124567474048443,5.3633217993079585,8.442906574394463,2.629757785467128,4.532871972318339,5.259515570934256,3.944636678200692,5.640138408304498,7.0588235294117645,5.778546712802768,7.26643598615917,1.972318339100346,3.875432525951557,328025.37330000324,6.672693061828614,-0.27865051903114274,40.033816608996794,0.09896193771626297
PP437912.1,invertebrate,1,2893.0,6.498444521258209,2.0394054614586934,5.357760110611822,6.049083995852056,4.044244728655375,5.4960248876598685,2.523332181126858,6.187348772900104,5.3923263048738335,8.434151399930867,2.6270307639128934,4.52817144832354,5.254061527825787,3.905979951607328,5.668855858969928,7.120636017974421,5.807120636017975,7.224334600760456,1.9702730729346698,3.8714137573453162,328365.8145000032,6.788303565979004,-0.27884548911164964,40.02182163843786,0.09885931558935362
PP437911.1,invertebrate,1,2893.0,6.498444521258209,2.0394054614586934,5.357760110611822,6.049083995852056,4.044244728655375,5.4960248876598685,2.523332181126858,6.187348772900104,5.3923263048738335,8.434151399930867,2.6270307639128934,4.52817144832354,5.254061527825787,3.905979951607328,5.668855858969928,7.120636017974421,5.807120636017975,7.224334600760456,1.9702730729346698,3.8714137573453162,328365.8145000032,6.788303565979004,-0.27884548911164964,40.02182163843786,0.09885931558935362
PP437910.1,invertebrate,1,2893.0,6.498444521258209,2.0394054614586934,5.32319391634981,6.049083995852056,4.044244728655375,5.565157276183892,2.488765986864846,6.118216384376081,5.32319391634981,8.434151399930867,2.661596958174905,4.597303836847563,5.254061527825787,3.9405461458693396,5.737988247493951,7.051503629450398,5.737988247493951,7.29346698928448,1.9702730729346698,3.8714137573453162,328366.83200000325,6.826101493835449,-0.2793639820255798,39.528596612513226,0.09885931558935362
PP437909.1,invertebrate,1,2893.0,6.533010715520221,2.0394054614586934,5.357760110611822,5.945385413066021,4.044244728655375,5.565157276183892,2.488765986864846,5.945385413066021,5.53059108192188,8.434151399930867,2.76529554096094,4.701002419633598,5.32319391634981,4.078810922917387,5.565157276183892,6.91323885240235,5.634289664707915,7.258900795022468,1.9702730729346698,3.905979951607328,328443.03690000344,6.975815391540528,-0.2920843415140001,39.48435188385786,0.09920497753197374
PP437908.1,invertebrate,1,2893.0,6.4638783269961975,2.073971655720705,5.288627722087798,6.083650190114068,4.044244728655375,5.53059108192188,2.488765986864846,6.118216384376081,5.32319391634981,8.434151399930867,2.661596958174905,4.597303836847563,5.254061527825787,3.9405461458693396,5.737988247493951,7.051503629450398,5.807120636017975,7.29346698928448,1.9702730729346698,3.8368475630833045,328394.90690000326,6.825930976867675,-0.2790183200829597,39.58127549256854,0.0985136536467335
PP437907.1,invertebrate,1,2893.0,6.533010715520221,2.073971655720705,5.357760110611822,6.014517801590045,4.044244728655375,5.4960248876598685,2.488765986864846,6.083650190114068,5.254061527825787,8.434151399930867,2.76529554096094,4.562737642585551,5.254061527825787,4.009678534393363,5.737988247493951,7.08606982371241,5.737988247493951,7.258900795022468,1.9702730729346698,3.8368475630833045,328403.9383000032,6.74141139984131,-0.27697891462150104,39.85220532319418,0.0985136536467335
PP437906.1,invertebrate,1,2893.0,6.498444521258209,2.0394054614586934,5.357760110611822,6.049083995852056,4.044244728655375,5.4960248876598685,2.523332181126858,6.152782578638092,5.357760110611822,8.434151399930867,2.6270307639128934,4.562737642585551,5.254061527825787,3.905979951607328,5.668855858969928,7.120636017974421,5.807120636017975,7.258900795022468,1.9702730729346698,3.8714137573453162,328337.7182000032,6.747550010681153,-0.2788109229173877,40.1276978914624,0.09885931558935362
PP437905.1,invertebrate,1,2893.0,6.498444521258209,2.0394054614586934,5.357760110611822,6.049083995852056,4.044244728655375,5.4960248876598685,2.523332181126858,6.187348772900104,5.3923263048738335,8.434151399930867,2.6270307639128934,4.52817144832354,5.254061527825787,3.905979951607328,5.668855858969928,7.120636017974421,5.807120636017975,7.224334600760456,1.9702730729346698,3.8714137573453162,328365.8145000032,6.788303565979004,-0.27884548911164964,40.02182163843786,0.09885931558935362
PP437904.1,invertebrate,1,2893.0,6.636709298306257,2.073971655720705,5.32319391634981,5.979951607328033,4.044244728655375,5.565157276183892,2.488765986864846,6.152782578638092,5.288627722087798,8.46871759419288,2.6961631524369167,4.52817144832354,5.254061527825787,3.9751123401313517,5.772554441755963,7.016937435188386,5.772554441755963,7.155202212236433,1.9702730729346698,3.8368475630833045,328235.83650000324,6.921932029724121,-0.2743864500518502,39.89015900449387,0.0985136536467335
PP437903.1,invertebrate,1,2893.0,6.567576909782233,2.0394054614586934,5.32319391634981,6.083650190114068,4.078810922917387,5.4960248876598685,2.488765986864846,6.118216384376081,5.3923263048738335,8.434151399930867,2.661596958174905,4.562737642585551,5.254061527825787,3.9405461458693396,5.668855858969928,7.120636017974421,5.7034220532319395,7.258900795022468,1.9702730729346698,3.8368475630833045,328311.79010000324,6.782733345031737,-0.2777739370895273,39.491783615624186,0.09885931558935362
PP437902.1,invertebrate,1,2893.0,6.533010715520221,2.073971655720705,5.3923263048738335,5.945385413066021,4.009678534393363,5.4960248876598685,2.4541997926028345,6.014517801590045,5.4960248876598685,8.434151399930867,2.799861735222952,4.701002419633598,5.357760110611822,4.044244728655375,5.565157276183892,7.051503629450398,5.565157276183892,7.224334600760456,1.9702730729346698,3.8714137573453162,328344.9736000034,6.866172981262207,-0.28786726581403466,39.65683719322529,0.0985136536467335
PP437901.1,invertebrate,1,2893.0,6.4638783269961975,2.0394054614586934,5.357760110611822,6.049083995852056,4.044244728655375,5.4960248876598685,2.488765986864846,6.152782578638092,5.3923263048738335,8.46871759419288,2.6270307639128934,4.562737642585551,5.254061527825787,3.9405461458693396,5.668855858969928,7.051503629450398,5.807120636017975,7.29346698928448,1.9702730729346698,3.8714137573453162,328423.9365000032,6.782619667053221,-0.2775665399239553,40.166965088144046,0.09885931558935362
PP437900.1,invertebrate,1,2893.0,6.498444521258209,2.073971655720705,5.357760110611822,6.049083995852056,4.009678534393363,5.4960248876598685,2.488765986864846,6.014517801590045,5.461458693397857,8.399585205668856,2.6961631524369167,4.666436225371586,5.32319391634981,4.009678534393363,5.565157276183892,6.982371240926374,5.668855858969928,7.362599377808503,1.9702730729346698,3.905979951607328,328397.8790000033,6.741468238830567,-0.285793294158314,39.64615623919834,0.09885931558935362
PP437899.1,invertebrate,1,2893.0,6.567576909782233,2.0048392671966817,5.426892499135845,6.014517801590045,4.044244728655375,5.461458693397857,2.488765986864846,6.187348772900104,5.288627722087798,8.434151399930867,2.7307293466989284,4.52817144832354,5.254061527825787,3.9751123401313517,5.772554441755963,7.08606982371241,5.7034220532319395,7.189768406498445,1.9702730729346698,3.8714137573453162,328556.0642000033,6.741979789733888,-0.27995160732803404,39.74411683373687,0.09885931558935362
PP437898.1,invertebrate,1,2893.0,6.4638783269961975,2.0394054614586934,5.357760110611822,6.049083995852056,4.044244728655375,5.4960248876598685,2.488765986864846,6.187348772900104,5.357760110611822,8.399585205668856,2.6270307639128934,4.562737642585551,5.254061527825787,3.905979951607328,5.7034220532319395,7.120636017974421,5.807120636017975,7.258900795022468,1.9702730729346698,3.905979951607328,328448.85990000324,6.782619667053221,-0.280089872105082,40.25500518492939,0.09920497753197374
